scenario_id,variable,value,unit,start_time,end_time,trigger,evidence_status,source_or_rationale
status_quo,New_Retreat_Program_Enabled,0.0,binary,2025,2050,none,assumed_policy_experiment,Illustrative scenario within guide levers. Same starting conditions and hazard realization for comparisons. Legacy program obligations require a separate common baseline.
status_quo,Annual_Base_Funding,0.0,USD_2024/year,2025,2050,none,assumed_policy_experiment,Illustrative scenario within guide levers. Same starting conditions and hazard realization for comparisons. Legacy program obligations require a separate common baseline.
status_quo,Annual_Post_Disaster_Funding,0.0,USD_2024/year,2025,2050,none,assumed_policy_experiment,Illustrative scenario within guide levers. Same starting conditions and hazard realization for comparisons. Legacy program obligations require a separate common baseline.
status_quo,Compensation_Rate,1.0,dimensionless,2025,2050,none,assumed_policy_experiment,Illustrative scenario within guide levers. Same starting conditions and hazard realization for comparisons. Legacy program obligations require a separate common baseline.
status_quo,Planned_Caseworker_Capacity,0.0,caseworkers_equivalent,2025,2050,none,assumed_policy_experiment,Illustrative scenario within guide levers. Same starting conditions and hazard realization for comparisons. Legacy program obligations require a separate common baseline.
status_quo,Community_Engagement_Quality,0.5,dimensionless,2025,2050,none,assumed_policy_experiment,Illustrative scenario within guide levers. Same starting conditions and hazard realization for comparisons. Legacy program obligations require a separate common baseline.
reactive,New_Retreat_Program_Enabled,1.0,binary,2025,2050,defined_major_disaster,assumed_policy_experiment,Illustrative scenario within guide levers. Same starting conditions and hazard realization for comparisons. Legacy program obligations require a separate common baseline.
reactive,Annual_Base_Funding,0.0,USD_2024/year,2025,2050,defined_major_disaster,assumed_policy_experiment,Illustrative scenario within guide levers. Same starting conditions and hazard realization for comparisons. Legacy program obligations require a separate common baseline.
reactive,Annual_Post_Disaster_Funding,10000000.0,USD_2024/year,2025,2050,defined_major_disaster,assumed_policy_experiment,Illustrative scenario within guide levers. Same starting conditions and hazard realization for comparisons. Legacy program obligations require a separate common baseline.
reactive,Compensation_Rate,1.0,dimensionless,2025,2050,defined_major_disaster,assumed_policy_experiment,Illustrative scenario within guide levers. Same starting conditions and hazard realization for comparisons. Legacy program obligations require a separate common baseline.
reactive,Planned_Caseworker_Capacity,10.0,caseworkers_equivalent,2025,2050,defined_major_disaster,assumed_policy_experiment,Illustrative scenario within guide levers. Same starting conditions and hazard realization for comparisons. Legacy program obligations require a separate common baseline.
reactive,Community_Engagement_Quality,0.5,dimensionless,2025,2050,defined_major_disaster,assumed_policy_experiment,Illustrative scenario within guide levers. Same starting conditions and hazard realization for comparisons. Legacy program obligations require a separate common baseline.
proactive,New_Retreat_Program_Enabled,1.0,binary,2025,2050,at_start,assumed_policy_experiment,Illustrative scenario within guide levers. Same starting conditions and hazard realization for comparisons. Legacy program obligations require a separate common baseline.
proactive,Annual_Base_Funding,25000000.0,USD_2024/year,2025,2050,at_start,assumed_policy_experiment,Illustrative scenario within guide levers. Same starting conditions and hazard realization for comparisons. Legacy program obligations require a separate common baseline.
proactive,Annual_Post_Disaster_Funding,0.0,USD_2024/year,2025,2050,at_start,assumed_policy_experiment,Illustrative scenario within guide levers. Same starting conditions and hazard realization for comparisons. Legacy program obligations require a separate common baseline.
proactive,Compensation_Rate,1.2,dimensionless,2025,2050,at_start,assumed_policy_experiment,Illustrative scenario within guide levers. Same starting conditions and hazard realization for comparisons. Legacy program obligations require a separate common baseline.
proactive,Planned_Caseworker_Capacity,20.0,caseworkers_equivalent,2025,2050,at_start,assumed_policy_experiment,Illustrative scenario within guide levers. Same starting conditions and hazard realization for comparisons. Legacy program obligations require a separate common baseline.
proactive,Community_Engagement_Quality,0.8,dimensionless,2025,2050,at_start,assumed_policy_experiment,Illustrative scenario within guide levers. Same starting conditions and hazard realization for comparisons. Legacy program obligations require a separate common baseline.
hybrid,New_Retreat_Program_Enabled,1.0,binary,2025,2050,at_start_plus_disaster,assumed_policy_experiment,Illustrative scenario within guide levers. Same starting conditions and hazard realization for comparisons. Legacy program obligations require a separate common baseline.
hybrid,Annual_Base_Funding,15000000.0,USD_2024/year,2025,2050,at_start_plus_disaster,assumed_policy_experiment,Illustrative scenario within guide levers. Same starting conditions and hazard realization for comparisons. Legacy program obligations require a separate common baseline.
hybrid,Annual_Post_Disaster_Funding,10000000.0,USD_2024/year,2025,2050,at_start_plus_disaster,assumed_policy_experiment,Illustrative scenario within guide levers. Same starting conditions and hazard realization for comparisons. Legacy program obligations require a separate common baseline.
hybrid,Compensation_Rate,1.2,dimensionless,2025,2050,at_start_plus_disaster,assumed_policy_experiment,Illustrative scenario within guide levers. Same starting conditions and hazard realization for comparisons. Legacy program obligations require a separate common baseline.
hybrid,Planned_Caseworker_Capacity,20.0,caseworkers_equivalent,2025,2050,at_start_plus_disaster,assumed_policy_experiment,Illustrative scenario within guide levers. Same starting conditions and hazard realization for comparisons. Legacy program obligations require a separate common baseline.
hybrid,Community_Engagement_Quality,0.8,dimensionless,2025,2050,at_start_plus_disaster,assumed_policy_experiment,Illustrative scenario within guide levers. Same starting conditions and hazard realization for comparisons. Legacy program obligations require a separate common baseline.
