path,bytes,sha256
.gitattributes,68,b600444da164a5016079d1cef9190a7a2ad3f63dfc5cce544b09b49ed1ad87bc
.gitignore,153,d69a16c6aecb4b8218248323530ea47768055833d56a65601b48c723393df44a
CITATION.md,530,0803b7096a95077da2669a25311a6da8135727095aae0cdf636cb79df3a509bd
README.md,2143,6ae332baa9e5c28185bb6d1dbb2abacc7c949106e14c94b41f2a67bbfc5753f4
SOURCE_FILES.csv,1495,8bc834a840bc1c71d9da8d1edbf1bc6b3ecaaba226ad2fcb09b2b80a0e1d187b
VALIDATION.json,586,413d33d74e88dbf7571fc4885d46914ec10bd8b0ca25d3a12fac6c8b65c918b6
assumptions/README.md,325,2650af2c25c3d370267fdee1d3ca40ef588132b8da305b3f79ead82c009dbd32
assumptions/assumption_register_template.csv,1555,09155c24ed1d419fea681d7e8416d95ed2f4831bd6f912510435e4fbb5db9dbc
assumptions/parameter_ranges_template.csv,816,ceffc28ebe1bf66ba25ec366fed0eea1b0ed8706034158b94a5b4076a21bb541
data/INPUTS.json,81,f62d368503fd2e0402ee594fc16ba0e0dbab4c53cb762679e68f1d65d0373008
data/README.md,805,4cc83c356130bcd3743a2387ed61191000cc2a64785f3f920cc32c89c4d6aeaa
data/TABLES.csv,1099,54f8b63949022c976599fc5403237b7960129fd3884015709588eebc8c81c16e
docs/CODE_MAP.md,284,93612894b4aa572088d92039b0857c8a3723739d7f0174d2b902f4dc64558fef
docs/METHODS.md,864,d40f080d8feff3ab5623e257e32be851e3169c24c07b6072481f2f8803d7c40a
docs/MODEL_DESIGN.md,27387,2b167dbec480ce3ad9cf74311645e22b36299145b39b62282536b460c8bf4f50
docs/REPRODUCING.md,1681,7812635bc7fd3e6bb181f84885d91dd6de09b348ac3aa6ec0c6927cceb835168
docs/SOFTWARE.md,396,c57ddd68ec940a1502af46d33c8e763490b61f188bc577b3b3215b48a194563e
models/README.md,626,28c5aa99e9a9ec4da9bc74423841d68c6465a63f841cf4bca46186bebc0027f9
models/equation_register_template.csv,738,77c29bf18eec80a1747bc57b421146c73cd68c1efecdf8dc936b0c8b8284b97d
models/ordinal_scale_definitions.csv,5023,da8d3b8b57f8fab116bba6d27978f624d6182a055a33a5289d7f190b33207422
models/variable_dictionary_template.csv,4857,7b4c6c6d1501f61afba4e88512795af4b0dce55e43bd6ff8b57a7d776a804523
scenarios/README.md,486,efa40f528cb6b1894da559e120be31181cd50247d64212de68ed5fd84b0175f8
scenarios/baseline_scenarios_template.yaml,1890,39e8094bc65e554c7ce075cedf9bbc92e6be5a7f74732b6e81ff9f9c85c30df8
scenarios/overrides/override_template.yaml,210,938324575d495d8b3de030401e42d549e664b91c56cea5de6401a1ac0ec1d351
scenarios/scenario_catalog_template.csv,745,c6b400fa43382b61954ff9cbc77c9d288b750b2cbc17b3b099f35d448f5fb01c
scripts/check_inputs.py,793,cd14763be035aefd8e71f9a1c502e61c011163c50d4cdd011dd2ed4d262d764e
scripts/check_package.py,1297,3ffd5be8d8605aecbd5d7acab52602e1bf825832a40052fda72d351c0eae0558
