path,source_sha256,release_sha256,relationship
Harris_County_Model_Data_Dictionary.xlsx,241f22d348a64b746ee54380ac917492d1fae8b26c9cdf3b61729d362581695b,241f22d348a64b746ee54380ac917492d1fae8b26c9cdf3b61729d362581695b,identical curated source snapshot
assumptions/assumption_register_template.csv,09155c24ed1d419fea681d7e8416d95ed2f4831bd6f912510435e4fbb5db9dbc,09155c24ed1d419fea681d7e8416d95ed2f4831bd6f912510435e4fbb5db9dbc,identical
assumptions/parameter_ranges_template.csv,ceffc28ebe1bf66ba25ec366fed0eea1b0ed8706034158b94a5b4076a21bb541,ceffc28ebe1bf66ba25ec366fed0eea1b0ed8706034158b94a5b4076a21bb541,identical
data/ACS_2024_Estimates_MOE.csv,ecba3f17dc1707f561182d12b4cc7e6bff2c3c964f135f4a73b54e80a97acaa6,ecba3f17dc1707f561182d12b4cc7e6bff2c3c964f135f4a73b54e80a97acaa6,identical curated source snapshot
data/Calibration_Data.csv,f88aa16c07a3bb42e0ecc063855ed40c6fa001d78e141d5979ad814d97714d94,f88aa16c07a3bb42e0ecc063855ed40c6fa001d78e141d5979ad814d97714d94,identical curated source snapshot
data/Climate_Scenario_Reference.csv,df206fad5e48a5d0c58342067b061782dbc6e87814c70cb85a943016bb0e178c,df206fad5e48a5d0c58342067b061782dbc6e87814c70cb85a943016bb0e178c,identical curated source snapshot
data/Domestic_Outmigration_2024.csv,45f9205070783b1f840da8be6578588b64b7d37d8eb4c9bece8d94385bb3e4b2,45f9205070783b1f840da8be6578588b64b7d37d8eb4c9bece8d94385bb3e4b2,identical curated source snapshot
data/Fiscal_Funding.csv,5299c17d582840c508a524804b93ce1f8efa4d585fa7514c95c101e17af2141f,5299c17d582840c508a524804b93ce1f8efa4d585fa7514c95c101e17af2141f,identical curated source snapshot
data/GLO_Residential_Buyout_Quarterly.csv,3aa929e8de091a318e487e94f7029f96e1389b339e20f31e806f8342610cf1e6,3aa929e8de091a318e487e94f7029f96e1389b339e20f31e806f8342610cf1e6,identical curated source snapshot
data/Hazard_Annual_Counts.csv,42181b593527a682bba460fe3d8b1dbb5e80ffcfb3646f73c20de784adc12344,42181b593527a682bba460fe3d8b1dbb5e80ffcfb3646f73c20de784adc12344,identical curated source snapshot
data/Hazard_Inputs.csv,7aa735222f8c81e9031be43c412622de8034dc09081924a605d333cf4b30f0bd,7aa735222f8c81e9031be43c412622de8034dc09081924a605d333cf4b30f0bd,identical curated source snapshot
data/Initial_Conditions.csv,fed963178b1f31f8a9a6ac6bc574086e09eae165c9486d0376105c287246d94f,fed963178b1f31f8a9a6ac6bc574086e09eae165c9486d0376105c287246d94f,identical curated source snapshot
data/Initial_Conditions_Illustrative.csv,c912abed0f721f5be59bd3568ac24b6c09353888aa9e0e3a8c43882a34b7bc4e,c912abed0f721f5be59bd3568ac24b6c09353888aa9e0e3a8c43882a34b7bc4e,identical curated source snapshot
data/Lookup_Tables.csv,75e88bf23e7732041ed8854d51ed92d1aeb760efe5aeae4369f19a7bb39eb509,75e88bf23e7732041ed8854d51ed92d1aeb760efe5aeae4369f19a7bb39eb509,identical curated source snapshot
data/Parameters.csv,02462c7a5b8e694fb3de14669647c6a55996f780e70f1d885606d6ed2775efac,02462c7a5b8e694fb3de14669647c6a55996f780e70f1d885606d6ed2775efac,identical curated source snapshot
data/Participation_Support_Equity.csv,845a9b0f8e86006728608d1191c088577b4d23f7bfe509bb2188bf07608758fb,845a9b0f8e86006728608d1191c088577b4d23f7bfe509bb2188bf07608758fb,identical curated source snapshot
data/Population_Housing.csv,73af5d77e75c54c988a85749d6e023be679fa407e9d6578b7804705f5834e72c,73af5d77e75c54c988a85749d6e023be679fa407e9d6578b7804705f5834e72c,identical curated source snapshot
data/Population_Housing_Projections.csv,d94fc1c6e2acbb43a14bf2e237580ac3c854e81427746200352ebf66e819bf29,d94fc1c6e2acbb43a14bf2e237580ac3c854e81427746200352ebf66e819bf29,identical curated source snapshot
data/Program_Accomplishments.csv,b9cd97edf2caebc3dda059ed1e3aaea5ae7cb39f982b7e8d62eb476e509c94ff,b9cd97edf2caebc3dda059ed1e3aaea5ae7cb39f982b7e8d62eb476e509c94ff,identical curated source snapshot
data/Program_Beneficiary_Context.csv,36b34415a8e46a95f9b585a5b184c1612b4bea9a5413d037414397893e0ba9c4,36b34415a8e46a95f9b585a5b184c1612b4bea9a5413d037414397893e0ba9c4,identical curated source snapshot
data/Retreat_Program_History.csv,acf4f7f7e0ce69bcb045c60c3b4cb447461358260ab93c956fd1ecaca524b870,acf4f7f7e0ce69bcb045c60c3b4cb447461358260ab93c956fd1ecaca524b870,identical curated source snapshot
documentation/Assumptions.csv,b23871bbd7d2b9946697b6a7f98231f9c50f913bb93ec0e943e97fafffd73f11,b23871bbd7d2b9946697b6a7f98231f9c50f913bb93ec0e943e97fafffd73f11,identical curated source snapshot
documentation/Gap_Queue.csv,a4273f3c2489d89de5039a3301e0860f08d4d3d1fc846eb4983a499a76f1e1ad,a4273f3c2489d89de5039a3301e0860f08d4d3d1fc846eb4983a499a76f1e1ad,identical curated source snapshot
documentation/Governance_Program_Timeline.csv,0322b3805f1bcf4e7936cac19d7825d9a27d1fdb89b85970850d70b543d9f41b,0322b3805f1bcf4e7936cac19d7825d9a27d1fdb89b85970850d70b543d9f41b,identical curated source snapshot
documentation/Guide_Variable_Register.csv,ed7a6d8c0c92e8190e55c0854f110dd4abe4f007cb1f8f194445d69053c8c92c,8d4d1f6ad3d59499883d0623e74be478f90c3bc6dd140b9ae992a0b2698e736f,Curated text or presentation normalization; original source fingerprint retained.
documentation/Model_Data_Dictionary.csv,d8965c7241e5933895c49caa1b5d13dea865a9e54a1770d9c5ed179703127a41,d3ae8f47d3875f57db791c05a568deea6fe18bba85b25cd54e37e73b77640a8f,Curated text or presentation normalization; original source fingerprint retained.
documentation/Model_Data_Dictionary.md,2cc7bc0a6e5602e39bf538f4263238ff9879c6cf9f3f7cb81957a9902982c8cf,2cc7bc0a6e5602e39bf538f4263238ff9879c6cf9f3f7cb81957a9902982c8cf,identical curated source snapshot
documentation/Model_Dependency_Links.csv,28015393be27c54e81f70944177bac8af8e26dc5b31ed1f5cd971eaca3340e75,5beb37edb618752fe6427d209e3a7414cdded58654b168887a0db8aaaecda521,Curated text or presentation normalization; original source fingerprint retained.
documentation/Parameter_Source_Map.csv,04b6b9a7eb410875c19704906ce41699f5ee00c6e37b8068b9f189d286a281f7,04b6b9a7eb410875c19704906ce41699f5ee00c6e37b8068b9f189d286a281f7,identical curated source snapshot
documentation/Reported_Table_Reconciliation.csv,d70228e9033ce3575ab1c9e1508bf2ab1af26b3c61efbabc10aa4f5db55b69a6,d70228e9033ce3575ab1c9e1508bf2ab1af26b3c61efbabc10aa4f5db55b69a6,identical curated source snapshot
models/equation_register_template.csv,77c29bf18eec80a1747bc57b421146c73cd68c1efecdf8dc936b0c8b8284b97d,77c29bf18eec80a1747bc57b421146c73cd68c1efecdf8dc936b0c8b8284b97d,identical
models/ordinal_scale_definitions.csv,da8d3b8b57f8fab116bba6d27978f624d6182a055a33a5289d7f190b33207422,da8d3b8b57f8fab116bba6d27978f624d6182a055a33a5289d7f190b33207422,identical
models/variable_dictionary_template.csv,7b4c6c6d1501f61afba4e88512795af4b0dce55e43bd6ff8b57a7d776a804523,7b4c6c6d1501f61afba4e88512795af4b0dce55e43bd6ff8b57a7d776a804523,identical
reports/source_assessment/Guide_Inventory_Reconciliation.csv,9abe9a09e828987337c145dcf7e3d0074b50aa4bff52fb900f673ff22bb83459,594655b0aded1b388ae12b8c74084caf637c6688a16cf6d5525ca7e6e1370851,Curated text or presentation normalization; original source fingerprint retained.
reports/source_assessment/Mindmap_Source_Crosswalk.csv,5f37719f8dd51ddf81f4c91f18b3275b180992bda7002d3a3682443b8494c1e5,f6fd4759c78428aa1b82b7439a37abeb1f5f2a02b0c15b2aeb6aec06a18aaa32,Curated text or presentation normalization; original source fingerprint retained.
reports/source_assessment/Potential_Source_Catalog.csv,6fbbc7ffce49dec0c34c53a5bd555d76283f5969f95bcb363fca808a3cd5b81d,66ad952d2ccd6f02ec696e862645ec25e2f788526795a0e2a7d68c10c005432d,Curated text or presentation normalization; original source fingerprint retained.
reports/source_assessment/Variable_Source_Crosswalk.csv,1f093ac14616093371d9fdf007f529fc3d348a83021accb6fc65dbed3d0c3012,1fd14eadee272cbdeb5c1ea9255699ff3d9528e0769577e03260d4370d6e4827,Curated text or presentation normalization; original source fingerprint retained.
scenarios/Scenario_Parameters.csv,d81b10d0218133946fb12bad7606d487641364c85285595180ddc77713d77b3a,d81b10d0218133946fb12bad7606d487641364c85285595180ddc77713d77b3a,identical curated source snapshot
scenarios/baseline_scenarios_template.yaml,39e8094bc65e554c7ce075cedf9bbc92e6be5a7f74732b6e81ff9f9c85c30df8,39e8094bc65e554c7ce075cedf9bbc92e6be5a7f74732b6e81ff9f9c85c30df8,identical
scenarios/overrides/override_template.yaml,938324575d495d8b3de030401e42d549e664b91c56cea5de6401a1ac0ec1d351,938324575d495d8b3de030401e42d549e664b91c56cea5de6401a1ac0ec1d351,identical
scenarios/scenario_catalog_template.csv,c6b400fa43382b61954ff9cbc77c9d288b750b2cbc17b3b099f35d448f5fb01c,c6b400fa43382b61954ff9cbc77c9d288b750b2cbc17b3b099f35d448f5fb01c,identical
