branch_id,branch,concepts,source_ids,proposed_evidence,model_implication
MM01,Decision-support tools,Benefit-cost and multi-criteria analysis; housing needs; hazard maps; climate/demographic projections; vulnerability,S01 S11 S12 S15 S17 S32 S42 S52,"Combine hazard, population, housing and cost evidence; store normative multi-criteria weights separately.",No single public file provides a decision-support score; derive outputs and retain assumptions.
MM02,Land-user groups,"Government, homeowners, leased-land owners, renters, commercial users, NGOs, Indigenous interests",S01 S03 S05 S21 S46 S55,"Link tenure, ownership, parcel use and program eligibility; verify leasehold and community/tribal interests.",Split resident households from owning entities and overlapping social groups.
MM03,Indigenous considerations,"Ancestral land, place, language, nonmarket values, communal tenure, land return, historic forced relocation",S46 S45 S38 S36 S55,"Use consultation routing, relevant histories, title records and community-defined evidence.",Localize the generic Canadian framing; do not infer numerical attachment/trauma effects from identity.
MM04,Maintaining the tax base,"New industry, replacement housing, local rehousing, redevelopment, livelihoods",S05 S16 S26 S27 S15 S59,Follow taxable rolls and jurisdiction retention; use jobs and housing-growth evidence for livelihood context.,Add local rehousing and employment outcomes if required; forecast growth is not observed retention.
MM05,Scope of retreat instruments,"Parcel/community buyouts, leasebacks, easements, buffers, other acquisition, infrastructure realignment",S19 S20 S22 S54 S55 S29,"Code program instruments, recorded restrictions, acquisition footprints and infrastructure work orders.","The current property-buyout flows do not fully represent easements, leasebacks or network realignment."
MM06,Community support services,"Caseworkers, housing search, temporary housing, real-estate hazard advice, relocation and livelihood support",S21 S22 S29 S43 S44 S59,"Request service delivery, staffed FTE, referrals and follow-up outcomes by household.","Separate service availability, receipt and adequacy; add livelihood measures if included."
MM07,Legal issues,"Authority, litigation, title, acquisition, rezoning, redevelopment and compliance",S19 S20 S21 S22 S54 S55 S58,"Use program rules, case-stage reasons, deed restrictions and permit records; code dated constraints.","Case-record access remains unverified; legal complexity is a measured process feature, not a universal multiplier."
MM08,Resilience goals,"Lower exposure, housing quality, social ties, tax base and ecosystem condition",S05 S09 S17 S21 S33 S47 S51,"Build separate physical, housing, social, fiscal and ecological outcome indicators.",Prespecify success and time horizon; no common index is implied by these distinct goals.
MM09,Retreat-land uses,"Demolition, decontamination, planting, restoration, recreation, commemoration, maintenance and ownership transfer",S22 S29 S47 S48 S49 S54 S55,"Request parcel treatment histories, accepted work, costs, restrictions and maintenance monitoring.",Acquisition area is not restored area; decontamination and ongoing maintenance need their own costs.
MM10,Equity dimensions,"Compensation, historical treatment, vulnerability, tenure, service access, heritage and intergenerational effects",S03 S17 S21 S36 S42 S45 S46 S60,"Measure access, adequacy, waiting and outcomes by relevant groups; include historical context and future cohorts.",Avoid overlapping household sums and equal-dollar fairness formulas; intergenerational weights are normative.
MM11,Time horizons,"Preplanning, near-term implementation, long-term adaptation and post-retreat follow-up",S21 S22 S28 S48 S12 M01,"Observe separate policy, application, move, demolition and ecological timelines; choose scenario horizon explicitly.",Guide 1–100-year examples are not calibrated delay distributions.
MM12,Engagement approaches,"Visualization, mapping, transparency, updates and community involvement",S21 S22 S28 S36 S39,"Code outreach formats and reach, resident comprehension, perceived voice and trust over repeated contacts.",No meeting-count proxy establishes engagement quality or causal trust effects.
MM13,Engagement supports,"Psychosocial support, caseworkers, childcare, transport, liaisons and technical help",S21 S22 S29 S43 S44,"Record supports offered/received, costs, accessibility and who was excluded.",These services should remain separately observable even if aggregated for model capacity.
MM14,People and assets retreated,"Individuals, households, communities, critical infrastructure, protective works and industrial assets",S01 S05 S07 S21 S22 S29 S58,"Identify asset/occupancy classes and network retirement work, with distinct counts and units.",Current residential inputs do not cover critical infrastructure or industrial relocation without extension.
MM15,Geographic scales,"House, street, neighborhood, community, subwatershed and watershed",S05 S01 S11 S15 S09,"Build spatial crosswalks among administrative, residential and hydrologic units.",Nested totals must not be added; evaluate destination outside the model boundary.
MM16,Voluntariness,"Voluntary, incentives, persuasion, opt-out and mandatory approaches",S19 S20 S21 S54 M01,Code documented acquisition-consent/authority rules and actual case pathways.,Do not pool voluntary HCFCD and involuntary HCD outcomes without program/cohort controls.
MM17,Compensation choices,"Market, tax, pre/post-disaster value, bonuses and in-kind support",S05 S19 S20 S21 S22 S31,Track valuation date/basis and paid assistance components for each tenure and household type.,Separate property purchase from relocation assistance; measure need-adjusted adequacy.
MM18,Funding sources,"Insurance, local/state/federal, multiple funders, lenders and international sources",S23 S24 S25 S26 S27 S30 S21,"Build a source-of-funds ledger with awards, transfers, receipts and expenditure accounts.",International and lender funding are optional scenarios until an actual relevant program is identified.
MM19,Planning approaches,"Adaptive, participatory, top-down, multisector, phased, public-private and interjurisdiction planning",S19 S20 S28 S21 S22 S32 M01,"Code governance structure, milestones and actual decision influence; specify adaptive policy rules.","Method labels alone do not supply parameters; authority, timing and budgets must be explicit."
MM20,Governance actors,"Funders, receiving communities, champions, governments, consultants, Indigenous groups, NGOs and academics",S21 S22 S28 S35 S46,"Create a dated actor register with responsibilities, participation and handoffs.",Potential-actor denominator is a design decision; organizations and households need distinct counting rules.
MM21,Language and framing,"Community-preferred terms, resilience, opportunity and other framing choices",S36 S21 S22 S39 S46,Code actual materials and test understanding/acceptability through appropriately designed resident research.,The mind map includes this mechanism but the guide lacks an explicit framing variable; do not assume an effect size.
MM22,Retreat triggers,"Disaster, rebuilding costs, policy windows, community requests and proactive forecasts/vision",S08 S09 S19 S20 S21 S28 S12,"Link dated events, policy/funding actions and documented community requests to program operations.",Separate historical triggers from hypothetical activation thresholds.
MM23,Hazard focus,"Flood, multiple hazards, climate drivers and compounding events",S09 S10 S11 S12 S13 S14 S57,"Define physical mechanisms, exposures and joint-event dependence before aggregation.",The extension requires more than summing hazard indices or adding a fixed compounding multiplier.
MM24,Who decides,"Owners, communities, government, hazard specialists and finance experts",S19 S20 S21 S28 S46,"Code formal authority, actual influence, appeals and community-defined participation.",Planning participation and final acquisition decisions are separate constructs.
