source_id,source_name,primary_url,additional_urls,geography,temporal_coverage,candidate_measures,access_and_verification,existing_local_material,principal_limitation,assessed_date
S01,"Census American Community Survey, detailed tables",https://api.census.gov/data/2024/acs/acs5/groups.html,https://api.census.gov/data/2024/acs/acs5/groups/B22010.html; https://api.census.gov/data/2024/acs/acs5/groups/B11007.html; https://api.census.gov/data/2024/acs/acs5/groups/B07013.html,"County, tract; some block-group tables",Annual 5-year releases; target 2010–2024,B01001 population; B25003 tenure; B25010 household size; B25001/02 units and occupancy; B19001/13 income; B25064 rent; B25077 value; B25038 residence duration; B11007 older households; B22010 disability households; B07403/B07013 mobility.,Official metadata read. Many 2024 tables and a harmonized historical panel already retained; additional tables require retrieval.,data/raw/reused/hydro_acs.csv.gz; local_acs2024_*.csv.gz; data/raw/public/acs2024_*.dat,"Five-year estimates are overlapping periods, not annual observations. Retain margins of error and denominators; people, households and units differ.",2026-09-10
S02,"Census Population Estimates, county components of change",https://www2.census.gov/programs-surveys/popest/technical-documentation/file-layouts/2020-2024/CO-EST2024-ALLDATA.pdf,,Harris County,Annual; vintage 2024 for 2020–2024; earlier vintages for history,"BIRTHS, DEATHS, DOMESTICMIG and INTERNATIONALMIG by year; population estimates.",Official documentation read; data not newly acquired.,None identified in reviewed package.,Migration components are net flows. Do not substitute net migration for gross immigration or outmigration or splice revisions without reconciliation.,2026-09-10
S03,Census ACS Public Use Microdata Sample,https://www.census.gov/programs-surveys/acs/microdata.html,,PUMA; derive county only where boundaries support it,Annual 1-year and 5-year releases,"Household/person records; household income, age, disability, tenure, race/ethnicity, migration; person and household weights.",Official access page read; microdata not acquired.,None identified in reviewed package.,No tract identifiers. Join persons to households before counting households with any vulnerable member; harmonize changing PUMA boundaries.,2026-09-10
S04,IRS county-to-county migration,https://www.irs.gov/statistics/soi-tax-stats-migration-data,,County origin and destination,Annual tax-year pairs; historical series,"Incoming and outgoing returns, exemptions and adjusted gross income.",Official data page read; additional acquisition candidate.,None identified in reviewed package.,"Tax filers are a selected population; returns are not all households. Account for methodology changes, including 2022–2023.",2026-09-10
S05,Harris Central Appraisal District account and parcel downloads,https://hcad.org/pdata/pdata-property-downloads.html/,https://hcad.org/pdata/pdata-gis-downloads.html,Parcel/account and taxing jurisdiction,2024 retained; inspect annual historical availability,"Account identifiers, land and improvement values, jurisdiction exemptions, property class, site area and parcel geometry.",Official pages checked; 2024 raw archives already retained.,data/raw/public/hcad_2024_Real_acct_owner.zip; hcad_2024_Real_jur_exempt.zip; hcad_2024_Code_description_real.zip; hcad_parcels_2024_oct.zip,"Accounts, parcels, structures and households are not interchangeable. County aggregate market value is not a municipal taxable roll.",2026-09-10
S06,FEMA National Flood Hazard Layer and map history,https://www.fema.gov/sites/default/files/documents/fema_flood-map-change-viewer_instructions.pdf,,Flood-zone polygons,March 2026 local layer; historic effective dates must be reconstructed,"Effective flood zones, special flood hazard areas, map-change dates; overlay with parcel/structure locations.",Official map-change instructions identified; existing local NFHL layer retained.,data/raw/reused/nfhl_20260303_harris_bbox.geojson,A 2026 map cannot establish 2010–2024 historical exposure. Preliminary and effective maps differ; mapped zones omit some pluvial flooding.,2026-09-10
S07,USACE National Structure Inventory,https://www.hec.usace.army.mil/confluence/nsi/technicalreferences/2022/technical-documentation,https://www.hec.usace.army.mil/confluence/nsi/technicalreferences/2026/technical-documentation,Structure points,2022 documentation; a 2026 release also exists,"Structure occupancy, population estimates, structural characteristics and replacement/depreciated value inputs.",Official technical documentation read; local SFHA extract retained.,data/raw/reused/nsi_sfha.csv.gz,Modeled attributes require validation. Replacement cost is not sale price; the local SFHA subset cannot be used as the all-county denominator.,2026-09-10
S08,NOAA Storm Events bulk files,https://www.ncei.noaa.gov/pub/data/swdi/stormevents/csvfiles/,,County/forecast zone and event locations,2010–2024 files retained; longer archive available,"Episode/event IDs, event type, start/end, property damage and narratives.",Bulk source used in existing package; annual files retained.,data/raw/public/StormEvents_details*.csv.gz; data/raw/reused/harris_events.csv.gz,Several rows can represent one storm. Reported damage is incomplete and nominal; define event clusters and avoid adding overlapping losses.,2026-09-10
S09,HCFCD flood reports and Harris County Flood Warning System,https://www.hcfcd.org/About/Harris-Countys-Flooding-History/Countywide-Impacts,https://www.harriscountyfws.org/,"Watershed, gauge and event footprint",Event reports and gauge-specific records,"Rainfall, water levels, inundation exhibits, affected structures and major-flood chronology.",Official report and gauge pages read; targeted raw series remain to acquire.,data/raw/reused/harris_climate.csv.gz; hydro_physical.csv.gz provide related existing inputs.,Gauge records need quality control; HCFCD riverine inundation exhibits are not all-mechanism flood footprints.,2026-09-10
S10,USGS Water Data APIs,https://api.waterdata.usgs.gov/docs/,https://waterdata.usgs.gov/blog/api-updates-2026/,Stream gauge/site,Historical and current; varies by site,"Discharge, stage, peak flows and site metadata for flood-frequency analysis.",Official API documentation and 2026 migration notice read; not downloaded for this report.,Related hydro_physical.csv.gz already local.,"Account for rating changes, regulation, missingness and nonstationarity; use the current API, not an assumed legacy endpoint.",2026-09-10
S11,Texas Water Development Board flood planning datasets,https://www.twdb.texas.gov/flood/planning/data.asp,https://www.twdb.texas.gov/flood/science/floodplain-dataset.asp,Statewide; extract Harris County/watersheds,Dataset-specific; 2021 floodplain compilation and planning updates,"Floodplain estimates, flood exposure, regional planning GIS and flood-risk management projects.",Official download and floodplain documentation pages read; candidate additional GIS.,None newly acquired.,"Compilation mixes sources and vintages. Keep pluvial, fluvial and coastal definitions and uncertainty explicit.",2026-09-10
S12,USGS CMIP6 LOCA2 and National Climate Change Viewer,https://www.usgs.gov/data/cmip6-loca2-spatial-summaries-counties-tiger-2023-1950-2100-contiguous-united-states,https://www.usgs.gov/tools/national-climate-change-viewer-nccv,County summaries; underlying downscaled grids,1950–2100; historical and SSP scenarios,"Temperature, precipitation and related climate summaries by model/scenario.",Official dataset and viewer pages read; candidate download.,No LOCA2 data identified in reviewed package.,Climate projections do not directly measure a 0–100 impact index or flood losses. Translate through a hazard model and retain ensemble uncertainty.,2026-09-10
S13,NOAA relative sea-level trends and 2022 scenarios,https://tidesandcurrents.noaa.gov/sltrends/sltrends_station.shtml?id=8771450,https://tidesandcurrents.noaa.gov/sltrends/sltrends_scenarios.html,Galveston Pier 21 and coastal region,Observed station series; projected scenario horizons,Relative sea-level trend and scenario height trajectories for coastal boundary conditions.,"Official pages read; scenario files not acquired. NOAA page announces a September 30, 2026 site transition.",None identified in reviewed package.,Match vertical datum and reference period. Coastal boundary change does not supply countywide inland flood risk.,2026-09-10
S14,US Forest Service Wildfire Risk to Communities,https://wildfirerisk.org/download/,https://wildfirerisk.org/about/methods/,National raster and community summaries,Release-specific,"Burn probability, exposure and wildfire risk metrics for optional multi-hazard extension.",Official project methods/download pages read; optional source only.,None identified in reviewed package.,Include only if wildfire is retained in Harris County scope. Do not sum incomparable wildfire and flood indices.,2026-09-10
S15,Houston-Galveston Area Council forecasts and land cover,https://www.h-gac.com/regional-growth-forecast,https://www.h-gac.com/regional-growth-forecast/gis-data-request; https://www.h-gac.com/land-use-and-land-cover-data,"Region, tract/forecast zones and parcels",Existing forecast/land-change files; horizon varies by edition,"Population, employment and household projections; development and land-use changes.",Official pages checked; local forecast and changed-parcel extracts retained; some GIS uses a request form.,data/raw/reused/hgac_tracts.csv; hgac_changed_parcels.csv,"Forecasts are scenario inputs, not observed demographic flows. Verify forecast edition, geography and baseline.",2026-09-10
S16,FHFA House Price Index datasets,https://www.fhfa.gov/data/hpi/datasets,,County/metro/ZIP depending series,Historical annual or quarterly series,Repeat-sales home-price changes for appreciation and real-dollar sensitivity.,Official dataset page read; candidate acquisition.,None identified in reviewed package.,An index is not a parcel value or disaster depreciation estimate. Mortgage/sample coverage limits representativeness.,2026-09-10
S17,HUD Comprehensive Housing Affordability Strategy data,https://www.huduser.gov/portal/datasets/cp.html,https://www.huduser.gov/portal/datasets/cp/CHAS/data_doc_chas.html,"County, place, tract and other published areas",ACS-based multi-year releases,"Income-by-tenure counts, housing problems, cost burden and income-relative housing needs.",Official download/documentation read; bulk files available; API requires a token.,None identified in reviewed package.,Does not identify actual affordable units currently available for relocating households.,2026-09-10
S18,HUD aggregated USPS vacancy data,https://www.huduser.gov/portal/datasets/usps.html,,Census tract,"Quarterly, subject to authorized access","Residential/business addresses, vacant and no-stat addresses, vacancy duration.",Official page read. Access restricted to eligible users; not an unrestricted public download.,None identified in reviewed package.,"Vacant addresses are not necessarily habitable, offered for rent, affordable or hazard-safe.",2026-09-10
S19,Harris County HCD buyout guidelines and performance reports,https://hcd.harriscountytx.gov/Disaster-Recovery/Buyout-Relocation-Programs,https://hcd.harriscountytx.gov/Disaster-Recovery/Buyout-Relocation-Programs/Involuntary-Buyout-Relocation-Program,HCD programs and project areas,Program-specific; 2024 Q3 and 2025 Q2 reports retained,"Eligibility, assistance components, program milestones, acquisitions and relocation reporting.",Official program pages and linked June 2025 guidelines read; earlier quarterly reports retained.,data/raw/public/hcd_buyout_2024q3.pdf; hcd_buyout_2025q2.pdf,Program totals require reconciliation. A 2025 Q2 two-case discrepancy remains; relocation counts do not measure durable success.,2026-09-10
S20,HCFCD voluntary home buyout program,https://www.hcfcd.org/Activity/Additional-Programs/Home-Buyout-Program,https://www.hcfcd.org/Activity/Additional-Programs/Home-Buyout-Program/Volunteer-for-a-Home-Buyout; https://services2.arcgis.com/nLl0k0Mja5hnSeSl/ArcGIS/rest/services/HCFCD_Buyout_Areas/FeatureServer,HCFCD eligible areas and participating properties,Program history/current guidance,"Voluntary program rules, eligibility, application stages and buyout-area context.",Official pages read. Detailed longitudinal property records still require a request.,"Existing FEMA and HCD records are related, not substitutes for this program ledger.","Interest submission is not completed application. Public buyout-area GIS gives approximate target-area centroids, not a completed-property inventory.",2026-09-10
S21,HCD public-records access route,https://hcd.harriscountytx.gov/About-Us/Public-Records-Request,,"HCD cases, staff and program finances","Request 2010–2024, with later completion dates for censoring","Proposed deidentified case-stage ledger, compensation components, support contacts, staffing, expenditures and outcome aggregates.",Official request route verified. No request submitted; responsive fields and release are unconfirmed.,No complete case ledger identified.,"This is a route to potential records, not evidence that each requested field exists. Retain rejected, withdrawn and pending cases.",2026-09-10
S22,HCFCD public-information access route,https://www.hcfcd.org/Community/Contact-Us/Public-Information-Requests,,"HCFCD program, acquisition, land and infrastructure records",Request historical cohorts and 2024 opening balances,"Proposed acquisition GIS, stage dates, maintenance/restoration contracts, staff effort and decommissioning records.",Official public-information request page read; no request submitted.,No complete longitudinal ledger identified.,Requested exports and monitoring may require staff compilation or may not exist; separate observed records from proposed collection.,2026-09-10
S23,Texas GLO HUD DRGR quarterly performance reports,https://glo.texas.gov/disaster-recovery/grant-administration/grant-administration-reporting/hud-drgr-qpr-reports,https://www.glo.texas.gov/disaster-recovery/grant-admin/buyouts-acquisitions,"Grant, activity, project and grantee",Quarterly grant histories; local Harris buyout extracts retained,"Budget, obligations/disbursements, accomplishments, beneficiaries and activity narratives.",Official reporting pages read; local financial/accomplishment/narrative files retained.,data/raw/reused/glo_financial.csv.gz; glo_accomplishments.csv.gz; glo_beneficiaries.csv.gz; glo_narratives.csv.gz; glo_f31_1.xlsx; glo_f31_2.xlsx,"Activity totals and case completions differ. Do not add GLO, HCD and FEMA representations of the same award or property.",2026-09-10
S24,OpenFEMA HMA project-site inventories,https://www.fema.gov/api/open/v1/HmaSubapplicationsProjectSiteInventories,,Mitigation project/site; filter Harris County,API version-specific; retained v1 and older v4 extract,"Acquisition/mitigation project records, locations, status and program funding fields where present.",Local API extracts and metadata verified in prior build; landing page returned 403 during source search.,data/raw/public/fema_hma_harris_v1.json; fema_hma_harris_v4.json and metadata,Version changes alter coverage. Inventory rows are not necessarily completed acquisitions or distinct households; deduplicate by stable project/site keys.,2026-09-10
S25,OpenFEMA NFIP claims and Individual Assistance/Housing Assistance,https://www.fema.gov/openfema-data-page/fima-nfip-redacted-claims-v2,,Redacted claims/applications; local tract aggregation,Historical panel coverage varies by source,"Insurance payments, claims and assistance/damage indicators in retained panel.",Local harmonized inputs retained. FEMA landing page returned 403 during this review; original lineage retained in upstream files.,data/raw/reused/hydro_nfip.csv.gz; hydro_ihp.csv.gz,"Claims cover insured properties; assistance covers applicants. Neither is a complete loss denominator, and payouts are not direct retreat-program revenue.",2026-09-10
S26,Harris County adopted budgets and budget volumes,https://budget.harriscountytx.gov/budget.aspx,,"County departments, funds and programs",Annual; FY2025/FY2026 local documents,"Appropriations, authorized positions, revenues, service costs and capital planning.",Official budget portal read; two budget PDFs already retained.,data/raw/public/county_budget_fy2025.pdf; county_budget_fy2026.pdf,Authorized positions are not filled buyout FTE; adopted appropriations are not spending or available cash.,2026-09-10
S27,Harris County Auditor annual comprehensive financial reports,https://auditor.harriscountytx.gov/Reports/Annual-Comprehensive-Financial-Report-Harris-County,https://auditor.harriscountytx.gov/portals/auditor/documents/ACFRs/HC%20Final%209-30-24.pdf,County and reporting entities/funds,Annual audited fiscal years,"Actual revenues/expenditures, fund balances, transfers, tax data and long-term fiscal context.",Official catalog and FY2024 report read; candidate acquisition.,"Budget PDFs provide related inputs, not audited equivalents.","County, city, Flood Control District and special taxing districts have different boundaries and funds. Fiscal year differs from calendar year.",2026-09-10
S28,"Harris County Commissioners Court agendas, minutes and votes",https://harriscountytx.legistar.com/Calendar.aspx,https://agenda.harriscountytx.gov/Default.aspx,County policy decisions,Dated meetings; current and archived systems,"Policy adoption, agreements, approvals, awards, public participation and decision milestones.",Official calendar/archive pages read; additional document coding candidate.,documentation/Governance_Program_Timeline.csv contains partial existing chronology.,"Votes and meetings can anchor milestones but are not direct measures of political will, trust or representative participation.",2026-09-10
S29,"Harris County purchasing, contracts and procurement records",https://purchasing.harriscountytx.gov/,https://harriscountytx.bonfirehub.com; https://harriscountytxpurch.govqa.us,Contract/project and vendor,Award- and invoice-specific,"Scope, staffing, unit prices, demolition/restoration/relocation services and completion dates.",Official portal and linked Bonfire/GovQA routes verified; detailed invoice/effort exports not acquired.,None newly acquired.,"Bid amounts, awards, modifications and paid invoices differ; match eligible hectares, tasks and contract phase.",2026-09-10
S30,USAspending API and federal award transactions,https://api.usaspending.gov/docs/endpoints,https://www.usaspending.gov/data/Federal-Spending-Guide.pdf,Recipient/place of performance and award,Transaction histories by award,"Award identifiers, action obligations, recipients, agencies and spending context.",Official API documentation read; candidate supplementary download.,No new data acquired.,Obligations are not cash outlays; prime/subawards can overlap. Match grants rather than sum county search results.,2026-09-10
S31,BLS Consumer Price Index,https://www.bls.gov/cpi/data.htm,,Houston metropolitan area or national benchmark,Monthly/bimonthly or annual series depending geography,Price index for converting nominal household/property expenditures to a common 2024-dollar convention.,Official data and Houston release pages read; deflator not yet applied.,Existing monetary series remain nominal unless explicitly labeled otherwise.,"CPI describes consumer prices, not construction/restoration input costs; test an appropriate sector deflator for contracts.",2026-09-10
S32,FEMA benefit-cost analysis guidance,https://www.fema.gov/sites/default/files/documents/fema_policy-206-23-001-bca-discount-rate-and-streamlined-approaches_april-24-2024.pdf,,"Method/policy, not local observations",Version and award-rule dependent,Discounting conventions and benefit-cost methods for eligible mitigation projects.,Official policy located; PDF fetch was unsuccessful. Applicability/current rule must be checked against the award before use.,Guide supplies illustrative values only.,Do not report one discount rate as universally current. Model social welfare costs and agency cash flows separately.,2026-09-10
S33,Rice Greater Houston Community Panel (GHCP),https://www.kinderudp.org/#/datasetCatalog/oxwq5xg0ewkj,https://assets.kinderudp.org/oxwq5xg0ewkj/GHCP23_24_Users_Guide_C.pdf; https://doi.org/10.25611/bs6g-gt03; https://forms.monday.com/forms/7ce249278f5a244ef07565a2c869822f?r=use1,Greater Houston adult respondents; Harris subset/weights must be established,"2023–2024 public-use waves; release listed January 9, 2026","Neighborhood cohesion/attachment, life satisfaction, psychological distress, social support and storm impacts; exact fields in report.",Catalog and 248-page codebook read; codebook downloaded. Public-use data require a request form; no request submitted. Public files omit geocodes.,reports/2026-09-10_Variable_Source_Assessment/research/GHCP_2023_2024_User_Guide.pdf,"Not a buyout participant panel. Confirm Harris geography, weights, longitudinal linkage and available waves. Suppressed values cannot be treated as observations.",2026-09-10
S34,Opportunity Insights Social Capital Atlas,https://www.socialcapital.org/,https://opportunityinsights.org/data/; https://opportunityinsights.org/wp-content/uploads/2022/07/sc_atlas_tutorial.pdf,County and ZIP; some institution measures,2022 release/cross-sectional network measures,"Economic connectedness, network cohesiveness, volunteering and civic organization density.",Project/download pages and tutorial read; data not acquired.,None identified in reviewed package.,"These are distinct network/community measures, not a longitudinal 0–100 social-capital stock or a relocation-effect coefficient.",2026-09-10
S35,Texas A&M IDRT / OneGulf buyout fiscal and social implications project,https://idrt.tamu.edu/policy-decision-support/,https://www.arcgis.com/apps/dashboards/034873f31f5e4b7995a529e97964d6ca,Historical Harris County buyouts and destination block groups,Coverage years not verified from underlying data,"Public dashboard described as comparing origin/destination flood risk, vulnerability and relocation distances.","Institutional project description verified; dashboard exists but underlying exports, completeness and reuse terms are unverified.",No dataset identified in reviewed local files.,Request data/provenance from the research team; dashboard visuals alone cannot establish relocation success or household-level longitudinal outcomes.,2026-09-10
S36,"Texas A&M / Texas Appleseed Harris County Home Buyout Study, Phase 1",https://oaktrust.library.tamu.edu/server/api/core/bitstreams/d5d8eede-8885-4ebd-ae00-044e424fbb6f/content,,Mandatory-buyout residents in Harris County,December 2025 report,"Qualitative evidence on relocation, process fairness, communication, support needs, delays and social disruption.",72-page primary report read via web; local PDF download returned 403; underlying interview data access unverified.,No microdata acquired.,"The methods describe interviews with 20 residents. Use for construct design and mechanism checks, not representative rates or causal coefficients.",2026-09-10
S37,Rice Texas Flood Registry,https://floodregistry.rice.edu/,,Participating Houston-area residents; public aggregated products,Post-Harvey waves; product-specific,"Flood exposure, displacement, recovery and health experience.",Institutional page and catalog descriptions read; underlying records/precise access need confirmation.,None identified in reviewed package.,Self-selected participation and attrition limit population inference; separate registry aggregates from a probability sample.,2026-09-10
S38,"Williams and Vaske place-attachment measurement study, USFS repository",https://research.fs.usda.gov/treesearch/23746,https://research.fs.usda.gov/download/treesearch/23746.pdf,Measurement instrument; no Harris County observations,2003 study,Place identity and place dependence items for a locally adapted survey.,Primary research repository and PDF identified/read.,No new local survey collected.,"An established instrument supplies a measurement approach, not a Harris coefficient or an identity-based attachment score.",2026-09-10
S39,OECD Guidelines on Measuring Trust,https://www.oecd.org/en/publications/oecd-guidelines-on-measuring-trust_9789264278219-en.html,,Survey instrument/method,2017 guidelines,Institutional and interpersonal trust question modules; adapt specifically to buyout decision/process.,Official publication page read; method source.,No program-trust observations acquired.,General government/media trust cannot substitute for trust in this particular retreat process.,2026-09-10
S40,WHO-5 Well-Being Index,https://www.who.int/publications/m/item/WHO-UCN-MSD-MHE-2024.01,,Individual survey instrument,2024 publication; two-week recall,Five-item self-reported wellbeing instrument for proposed follow-up measurement.,Official instrument page read; no local survey administered.,GHCP supplies alternative existing wellbeing measures.,"Choose one construct and scoring convention; do not mix WHO-5, life satisfaction and distress as if the same scale.",2026-09-10
S41,CDC PLACES,https://www.cdc.gov/places/tools/data-portal.html,https://www.cdc.gov/places/measure-definitions/health-status.html,"County, place and tract estimates",Annual releases; underlying survey years differ,"Modeled frequent mental distress, poor health and other health indicators.",Official portal and measure definitions read; data not acquired.,None identified in reviewed package.,"Small-area modeled prevalence is an ecological baseline, not an individual K6/WHO-5 score or a buyout treatment effect.",2026-09-10
S42,CDC/ATSDR Social Vulnerability Index,https://www.atsdr.cdc.gov/place-health/php/svi/svi-data-documentation-download.html,https://atsdr.cdc.gov/place-health/media/pdfs/2025/01/SVI2022Documentation.pdf,Census tract/county,2022 edition and historical editions,"Socioeconomic, household, minority/language and housing/transportation vulnerability indicators and rankings.",Official data/documentation read; optional comparator not newly acquired.,Underlying ACS inputs already partly retained.,Relative rank is not household vulnerability prevalence or an equity outcome. Harmonize historical geography and definitions.,2026-09-10
S43,SAMHSA National Substance Use and Mental Health Services Survey,https://www.samhsa.gov/data/data-we-collect/n-sumhss-national-substance-use-and-mental-health-services-survey/datafiles?data_collection=1178,,Treatment facilities and available published geographies,Annual; 2024 files listed,Facility services and capacity-related characteristics for psychosocial-service context.,Official datafiles page read; extract not acquired.,None identified in reviewed package.,"Facility counts are not available buyout counselor FTE, appointments or program effectiveness.",2026-09-10
S44,Harris County Public Health reports and dashboards,https://publichealth.harriscountytx.gov/Media/Reports-and-Dashboards,,Report-specific county/city/subcounty coverage,Assessment/report-specific,"Community health needs, access barriers and health status for triangulation.",Official reports page read; candidate reports identified.,None newly acquired.,Confirm the population and geography of each report; a Houston-city assessment is not automatically countywide.,2026-09-10
S45,Texas Historical Commission Historic Sites Atlas,https://atlas.thc.texas.gov/Data/DataDownload,https://atlas.thc.texas.gov/About/AtlasData,Historic sites/markers and geographic features,Current inventory with designation dates,Historic markers and National Register resources for exposure screening.,Official data download and access explanations read; GIS not acquired.,None identified in reviewed package.,Sensitive archaeological records are restricted. Designations omit living cultural values; do not infer community significance solely from inventory presence.,2026-09-10
S46,HUD Tribal Directory Assessment Tool,https://egis.hud.gov/TDAT/,https://egis.hud.gov/tdat/docs/TDATUserManualV4.0.pdf,County-linked tribal interests and contacts,Current tool; historical interest not a numeric time series,Identify tribes with relevant interests and appropriate consultation contacts.,Official tool and manual read; no consultation initiated.,None identified in reviewed package.,"This is a consultation-routing tool, not a measure of attachment, trauma, leadership quality or rights.",2026-09-10
S47,HCFCD Watershed Environmental Baseline (WEB),https://www.hcfcd.org/Activity/Additional-Programs/Watershed-Environmental-Baseline-WEB-Program,,Harris County watersheds,Survey/inventory-specific,"Natural, cultural and physical watershed resources for ecological baseline and site screening.",Official program description read; underlying GIS/monitoring availability needs confirmation/request.,No complete WEB export identified.,A program description is not an annual ecosystem-health dataset; record field protocols and survey dates.,2026-09-10
S48,HCFCD wetland mitigation banks and monitoring records,https://www.hcfcd.org/Activity/Additional-Programs/Wetland-Mitigation-Banks,,Specific mitigation-bank sites,Construction and monitoring cohorts,"Restoration/enhancement acreage, habitat treatments and possible monitoring/contract records.",Official page read; detailed as-built costs/monitoring are request candidates.,Local hcfcd_maintenance.pdf supplies qualitative context only.,Mitigation credits are not cost per hectare. Bank projects differ from small buyout parcels; verify transferability.,2026-09-10
S49,USGS Annual National Land Cover Database,https://www.usgs.gov/centers/eros/how-can-i-access-and-download-annual-nlcd-data,https://www.usgs.gov/centers/eros/science/annual-nlcd-data-access,30-m raster,1985–2024 in the inspected release,"Land cover, change and imperviousness for development and revegetation checks.",Official access pages read; raster not newly downloaded.,Existing hydro_static.csv.gz includes related static context.,Small lots can be below effective resolution; land-cover change is not proof of funded restoration or ecological health.,2026-09-10
S50,US Fish and Wildlife Service National Wetlands Inventory,https://www.fws.gov/program/national-wetlands-inventory/data-download,https://www.fws.gov/program/national-wetlands-inventory/wetlands-mapper,Wetland polygons,Imagery/survey date varies spatially,Wetland extent and habitat classification for ecosystem-area denominators.,Official download/mapper pages read; candidate GIS.,None identified in reviewed package.,Not an annual health series or a regulatory jurisdiction determination; preserve source imagery dates.,2026-09-10
S51,TCEQ surface-water quality data (SWQMIS),https://www.tceq.texas.gov/agency/data/lookup-data/download-data.html,https://www.tceq.texas.gov/waterquality/data-management/wdma_forms.html,Monitoring stations/segments,Historical sample dates; site-specific coverage,"Water chemistry and biological observations, station metadata and water-quality indicators.",Official download/data-management pages read; sampling-query link identified.,No new samples acquired.,Sparse stations and upstream influences complicate buyout-site attribution; match hydrology and sampling effort.,2026-09-10
S52,Natural Capital Project InVEST methods and data,https://data.naturalcapitalproject.stanford.edu/,https://naturalcapitalproject.stanford.edu/publications/policy-brief/powerful-tool-map-and-value-ecosystem-services,Model/project specific,Input-vintage and scenario specific,"Carbon, habitat, water/nutrient, recreation and flood-benefit modeling inputs and methods.","Official data/method pages read; method source, not an acquired Harris valuation table.",No local InVEST model identified.,Supply local biophysical inputs and counterfactuals. Values cannot simply be copied per hectare or added without checking overlap.,2026-09-10
S53,EPA EnviroAtlas,https://www.epa.gov/enviroatlas/about-enviroatlas,https://www.epa.gov/enviroatlas/more-information-ecosystem-services-and-enviroatlas,National and community-scale indicators,Layer-specific,"Ecosystem-service, access and environmental context indicators.",Official overview and ecosystem-service pages read; specific Harris layer coverage must be checked.,None newly acquired.,Indicator availability varies. An ecosystem-service proxy does not directly measure annual dollar benefits.,2026-09-10
S54,"44 CFR Part 80, property acquisition and relocation for open space",https://www.govinfo.gov/content/pkg/CFR-2025-title44-vol1/pdf/CFR-2025-title44-vol1-part80.pdf,,Applicable FEMA-funded acquisitions,2025 codification; confirm award-specific applicability,"Acquisition and post-acquisition land-use constraints, including open-space restrictions.",Official nine-page legal text read; use as a scenario-eligibility reference.,No model constraint file yet.,Rules depend on funding program and award. Redevelopment choices in the generic guide cannot be assumed feasible on every acquired parcel.,2026-09-10
S55,Harris County Clerk real-property records,https://www.cclerk.hctx.net/RealProperty.aspx,https://www.cclerk.hctx.net/Applications/WebSearch/RP.aspx,Recorded instrument/property,Historical recording dates,"Deeds, transfers, easements and recorded restrictions to verify acquisition and title milestones.",Official search pages read; no bulk instrument acquisition performed.,HCAD account links provide related parcel identifiers.,"Some copies/services may involve fees. Recording date is not initial application, move date or necessarily sale price.",2026-09-10
S56,FEMA Hazus Flood Model technical manual,https://www.fema.gov/sites/default/files/documents/fema_rsl_hazus-7-fltm_06272025_0.pdf,,Engineering loss-model methodology,"Hazus 7, 2025 manual",Depth-damage and loss estimation methods for structures and occupancy classes.,Official manual located during research; local structure/depth inputs must be assembled.,NSI and physical hazard inputs partly retained.,Engineering loss curves are modeled priors requiring local checks; damage fraction is not probability of total destruction.,2026-09-10
M01,Ali shared system-dynamics guide and mind map,,,Generic model requiring Harris County localization,"DOCX guide; mind map dated October 15, 2024","Equations, stocks/flows, scenario selectors, illustrative parameters, feedbacks and additional mind-map concepts.",Both original files inspected; 215-entry dictionary reconciled against full guide.,sources/Managed Retreat System Dynamics Model.docx; sources/Mind Map Oct 15 2024.pdf,"Conceptual specification, not an executed .mdl file or empirical evidence for its constants.",2026-09-10
S57,UT Austin Bureau of Economic Geology bay shoreline change,https://www.beg.utexas.edu/research/programs/coastal/texas-bay-shoreline-change,https://coastal.beg.utexas.edu/arcgis/rest/services/shorelinechange_bays_2/MapServer/3,"Galveston/Trinity/East/West Bay shorelines, including relevant Harris frontage",Historical shoreline intervals; Galveston system update through 2022,"Shoreline transects, change distance and rate_myr; distinguish bay shoreline from open-Gulf projects.",Official project page and GIS service metadata read; no GIS export acquired.,None identified in reviewed package.,Optional coastal-erosion component; local shoreline rate is not a countywide exposure index or future deterministic forecast.,2026-09-10
S58,Harris County Engineer floodplain management and permit records,https://oce.harriscountytx.gov/Services/Permits/Floodplain-Management,,County permitting jurisdiction; city jurisdictions require separate coverage,Permit/inspection-specific history,"Potential development permits, elevation certificates, substantial-damage/improvement assessments and rebuilding decisions.","Official program page read; underlying historical bulk records are a request candidate, not verified downloadable data.",HCAD/land-change files provide existing complementary evidence.,County permitting does not cover all incorporated municipalities; permit issuance is not construction completion or proven total destruction.,2026-09-10
S59,Census LEHD Origin-Destination Employment Statistics,https://lehd.ces.census.gov/data/,https://lehd.ces.census.gov/data/lodes/LODES8/LODESTechDoc8.0.pdf,Census block home/workplace and origin-destination pairs,Annual; coverage varies by state/year; LODES 8 uses 2020 blocks,"Resident and workplace jobs, earnings/industry categories and home-work linkages for livelihood/access context.",Official data page and technical-document metadata read; no new download.,H-GAC employment forecasts provide related local material.,"Jobs and home-work linkages are not complete individual livelihood histories, observed commuting trips or evidence of post-buyout employment effects.",2026-09-10
S60,"University of Richmond Mapping Inequality, Houston",https://dsl.richmond.edu/panorama/redlining/map/TX/Houston/areas,https://dsl.richmond.edu/panorama/redlining/whatsnew,"Historically graded Houston areas, not all Harris County",Historical HOLC-era maps and area descriptions,Historical grading polygons and archival neighborhood descriptions as one component of inequity context.,Houston catalog and download metadata identified in primary-site search; interactive page did not return readable content. Exports not acquired.,None identified in reviewed package.,Historic map coverage is incomplete and historically specific. It cannot supply a universal discrimination index or prove current individual treatment.,2026-09-10
S61,"Mach et al., Managed retreat through voluntary buyouts of flood-prone properties",https://pmc.ncbi.nlm.nih.gov/articles/PMC6785245/,,National FEMA-funded voluntary buyouts,2019 research; historical study period,"Candidate national comparison for program geography, capacity, exposure and demographic patterns.",Primary article indexed and abstract/method excerpt located; full-page access returned a browser check. Supplement/data access not verified.,Existing OpenFEMA data provide a related independent source.,"Comparison-study lead, not a locally estimated behavioral/time-delay parameter. Assess methods, dates and duplication before use.",2026-09-10
S62,Addressing coordination problems in residential buyouts: experimental evidence,https://doi.org/10.1016/j.jebo.2024.07.008,https://www.sciencedirect.com/science/article/pii/S0167268124002622,Experimental study; external to this Harris County application,2024 Journal of Economic Behavior & Organization article,Candidate behavioral evidence on coordination in voluntary buyouts for lookup-function and mechanism review.,Publisher title/abstract metadata located; full page returned 403. No numerical effect extracted; data availability unverified.,None identified in reviewed package.,Obtain and assess the full study before borrowing any parameter; experimental context and local field participation may differ.,2026-09-10
