series,time,value,unit,geography,program_id,source_id,designation,observation_basis,quality_flag
population_people,2010,3950834.8447184977,people,48201,,hydro_acs,calibration_candidate,Overlapping ACS five-year estimates; harmonized 2020 tracts; not independent annual observations,
housing_units,2010,1556310.5468448936,units_or_households,48201,,hydro_acs,calibration_candidate,Overlapping ACS five-year estimates; harmonized 2020 tracts; not independent annual observations,
owner_households,2010,793365.4142621926,units_or_households,48201,,hydro_acs,calibration_candidate,Overlapping ACS five-year estimates; harmonized 2020 tracts; not independent annual observations,
renter_households,2010,578737.7821861347,units_or_households,48201,,hydro_acs,calibration_candidate,Overlapping ACS five-year estimates; harmonized 2020 tracts; not independent annual observations,
population_people,2011,4025234.3930324633,people,48201,,hydro_acs,calibration_candidate,Overlapping ACS five-year estimates; harmonized 2020 tracts; not independent annual observations,
housing_units,2011,1580588.71026509,units_or_households,48201,,hydro_acs,calibration_candidate,Overlapping ACS five-year estimates; harmonized 2020 tracts; not independent annual observations,
owner_households,2011,801382.0299565408,units_or_households,48201,,hydro_acs,calibration_candidate,Overlapping ACS five-year estimates; harmonized 2020 tracts; not independent annual observations,
renter_households,2011,589656.5338551911,units_or_households,48201,,hydro_acs,calibration_candidate,Overlapping ACS five-year estimates; harmonized 2020 tracts; not independent annual observations,
population_people,2012,4101564.0620907657,people,48201,,hydro_acs,calibration_candidate,Overlapping ACS five-year estimates; harmonized 2020 tracts; not independent annual observations,
housing_units,2012,1600318.0657942551,units_or_households,48201,,hydro_acs,calibration_candidate,Overlapping ACS five-year estimates; harmonized 2020 tracts; not independent annual observations,
owner_households,2012,805613.3038250093,units_or_households,48201,,hydro_acs,calibration_candidate,Overlapping ACS five-year estimates; harmonized 2020 tracts; not independent annual observations,
renter_households,2012,607210.5126643083,units_or_households,48201,,hydro_acs,calibration_candidate,Overlapping ACS five-year estimates; harmonized 2020 tracts; not independent annual observations,
population_people,2013,4182084.568857054,people,48201,,hydro_acs,calibration_candidate,Overlapping ACS five-year estimates; harmonized 2020 tracts; not independent annual observations,
housing_units,2013,1616877.0434581637,units_or_households,48201,,hydro_acs,calibration_candidate,Overlapping ACS five-year estimates; harmonized 2020 tracts; not independent annual observations,
owner_households,2013,810580.7411279711,units_or_households,48201,,hydro_acs,calibration_candidate,Overlapping ACS five-year estimates; harmonized 2020 tracts; not independent annual observations,
renter_households,2013,624036.3374801434,units_or_households,48201,,hydro_acs,calibration_candidate,Overlapping ACS five-year estimates; harmonized 2020 tracts; not independent annual observations,
population_people,2014,4269387.003096174,people,48201,,hydro_acs,calibration_candidate,Overlapping ACS five-year estimates; harmonized 2020 tracts; not independent annual observations,
housing_units,2014,1636454.1444445825,units_or_households,48201,,hydro_acs,calibration_candidate,Overlapping ACS five-year estimates; harmonized 2020 tracts; not independent annual observations,
owner_households,2014,813591.5570271893,units_or_households,48201,,hydro_acs,calibration_candidate,Overlapping ACS five-year estimates; harmonized 2020 tracts; not independent annual observations,
renter_households,2014,648321.7307473103,units_or_households,48201,,hydro_acs,calibration_candidate,Overlapping ACS five-year estimates; harmonized 2020 tracts; not independent annual observations,
population_people,2015,4356124.958785417,people,48201,,hydro_acs,calibration_candidate,Overlapping ACS five-year estimates; harmonized 2020 tracts; not independent annual observations,
housing_units,2015,1660136.4562852029,units_or_households,48201,,hydro_acs,calibration_candidate,Overlapping ACS five-year estimates; harmonized 2020 tracts; not independent annual observations,
owner_households,2015,1660136.4562852029,units_or_households,48201,,hydro_acs,calibration_candidate,Overlapping ACS five-year estimates; harmonized 2020 tracts; not independent annual observations,
renter_households,2015,1499435.242424554,units_or_households,48201,,hydro_acs,calibration_candidate,Overlapping ACS five-year estimates; harmonized 2020 tracts; not independent annual observations,
population_people,2016,4433989.782391845,people,48201,,hydro_acs,calibration_candidate,Overlapping ACS five-year estimates; harmonized 2020 tracts; not independent annual observations,
housing_units,2016,1687534.6255102826,units_or_households,48201,,hydro_acs,calibration_candidate,Overlapping ACS five-year estimates; harmonized 2020 tracts; not independent annual observations,
owner_households,2016,1687534.6255102826,units_or_households,48201,,hydro_acs,calibration_candidate,Overlapping ACS five-year estimates; harmonized 2020 tracts; not independent annual observations,
renter_households,2016,1536142.3268337622,units_or_households,48201,,hydro_acs,calibration_candidate,Overlapping ACS five-year estimates; harmonized 2020 tracts; not independent annual observations,
population_people,2017,4525209.518621799,people,48201,,hydro_acs,calibration_candidate,Overlapping ACS five-year estimates; harmonized 2020 tracts; not independent annual observations,
housing_units,2017,1714187.0409442917,units_or_households,48201,,hydro_acs,calibration_candidate,Overlapping ACS five-year estimates; harmonized 2020 tracts; not independent annual observations,
owner_households,2017,1714187.0409442917,units_or_households,48201,,hydro_acs,calibration_candidate,Overlapping ACS five-year estimates; harmonized 2020 tracts; not independent annual observations,
renter_households,2017,1562667.0650252644,units_or_households,48201,,hydro_acs,calibration_candidate,Overlapping ACS five-year estimates; harmonized 2020 tracts; not independent annual observations,
population_people,2018,4602159.815187985,people,48201,,hydro_acs,calibration_candidate,Overlapping ACS five-year estimates; harmonized 2020 tracts; not independent annual observations,
housing_units,2018,1740793.9974231536,units_or_households,48201,,hydro_acs,calibration_candidate,Overlapping ACS five-year estimates; harmonized 2020 tracts; not independent annual observations,
owner_households,2018,1740793.9974231536,units_or_households,48201,,hydro_acs,calibration_candidate,Overlapping ACS five-year estimates; harmonized 2020 tracts; not independent annual observations,
renter_households,2018,1583314.1499512973,units_or_households,48201,,hydro_acs,calibration_candidate,Overlapping ACS five-year estimates; harmonized 2020 tracts; not independent annual observations,
population_people,2019,4646207.011561278,people,48201,,hydro_acs,calibration_candidate,Overlapping ACS five-year estimates; harmonized 2020 tracts; not independent annual observations,
housing_units,2019,1767890.0421821254,units_or_households,48201,,hydro_acs,calibration_candidate,Overlapping ACS five-year estimates; harmonized 2020 tracts; not independent annual observations,
owner_households,2019,1767890.0421821254,units_or_households,48201,,hydro_acs,calibration_candidate,Overlapping ACS five-year estimates; harmonized 2020 tracts; not independent annual observations,
renter_households,2019,1605173.3763452782,units_or_households,48201,,hydro_acs,calibration_candidate,Overlapping ACS five-year estimates; harmonized 2020 tracts; not independent annual observations,
population_people,2020,4680609.0,people,48201,,hydro_acs,calibration_candidate,Overlapping ACS five-year estimates; harmonized 2020 tracts; not independent annual observations,
housing_units,2020,1795219.0,units_or_households,48201,,hydro_acs,calibration_candidate,Overlapping ACS five-year estimates; harmonized 2020 tracts; not independent annual observations,
owner_households,2020,1795219.0,units_or_households,48201,,hydro_acs,calibration_candidate,Overlapping ACS five-year estimates; harmonized 2020 tracts; not independent annual observations,
renter_households,2020,1635749.0,units_or_households,48201,,hydro_acs,calibration_candidate,Overlapping ACS five-year estimates; harmonized 2020 tracts; not independent annual observations,
population_people,2021,4697957.0,people,48201,,hydro_acs,validation_candidate,Overlapping ACS five-year estimates; harmonized 2020 tracts; not independent annual observations,
housing_units,2021,1821640.0,units_or_households,48201,,hydro_acs,validation_candidate,Overlapping ACS five-year estimates; harmonized 2020 tracts; not independent annual observations,
owner_households,2021,1821640.0,units_or_households,48201,,hydro_acs,validation_candidate,Overlapping ACS five-year estimates; harmonized 2020 tracts; not independent annual observations,
renter_households,2021,1658503.0,units_or_households,48201,,hydro_acs,validation_candidate,Overlapping ACS five-year estimates; harmonized 2020 tracts; not independent annual observations,
population_people,2022,4726177.0,people,48201,,hydro_acs,validation_candidate,Overlapping ACS five-year estimates; harmonized 2020 tracts; not independent annual observations,
housing_units,2022,1851489.0,units_or_households,48201,,hydro_acs,validation_candidate,Overlapping ACS five-year estimates; harmonized 2020 tracts; not independent annual observations,
owner_households,2022,924703.0,units_or_households,48201,,hydro_acs,validation_candidate,Overlapping ACS five-year estimates; harmonized 2020 tracts; not independent annual observations,
renter_households,2022,768193.0,units_or_households,48201,,hydro_acs,validation_candidate,Overlapping ACS five-year estimates; harmonized 2020 tracts; not independent annual observations,
population_people,2023,4758579.0,people,48201,,hydro_acs,validation_candidate,Overlapping ACS five-year estimates; harmonized 2020 tracts; not independent annual observations,
housing_units,2023,1884607.0,units_or_households,48201,,hydro_acs,validation_candidate,Overlapping ACS five-year estimates; harmonized 2020 tracts; not independent annual observations,
owner_households,2023,946389.0,units_or_households,48201,,hydro_acs,validation_candidate,Overlapping ACS five-year estimates; harmonized 2020 tracts; not independent annual observations,
renter_households,2023,781714.0,units_or_households,48201,,hydro_acs,validation_candidate,Overlapping ACS five-year estimates; harmonized 2020 tracts; not independent annual observations,
population_people,2024,4838303.0,people,48201,,hydro_acs,validation_candidate,Overlapping ACS five-year estimates; harmonized 2020 tracts; not independent annual observations,
housing_units,2024,1917790.0,units_or_households,48201,,hydro_acs,validation_candidate,Overlapping ACS five-year estimates; harmonized 2020 tracts; not independent annual observations,
owner_households,2024,961437.0,units_or_households,48201,,hydro_acs,validation_candidate,Overlapping ACS five-year estimates; harmonized 2020 tracts; not independent annual observations,
renter_households,2024,795727.0,units_or_households,48201,,hydro_acs,validation_candidate,Overlapping ACS five-year estimates; harmonized 2020 tracts; not independent annual observations,
nfip_active_policies,2010.0,599800.2022780891,policies,48201,,hydro_nfip,context_only,"Insurance coverage, not total exposed households",
nfip_active_policies,2011.0,582842.0423507517,policies,48201,,hydro_nfip,context_only,"Insurance coverage, not total exposed households",
nfip_active_policies,2012.0,561531.8981539721,policies,48201,,hydro_nfip,context_only,"Insurance coverage, not total exposed households",
nfip_active_policies,2013.0,544987.8195011832,policies,48201,,hydro_nfip,context_only,"Insurance coverage, not total exposed households",
nfip_active_policies,2014.0,521766.6464650476,policies,48201,,hydro_nfip,context_only,"Insurance coverage, not total exposed households",
nfip_active_policies,2015.0,499811.4105066809,policies,48201,,hydro_nfip,context_only,"Insurance coverage, not total exposed households",
nfip_active_policies,2016.0,508960.3135015746,policies,48201,,hydro_nfip,context_only,"Insurance coverage, not total exposed households",
nfip_active_policies,2017.0,551435.310879815,policies,48201,,hydro_nfip,context_only,"Insurance coverage, not total exposed households",
nfip_active_policies,2018.0,617578.3292321324,policies,48201,,hydro_nfip,context_only,"Insurance coverage, not total exposed households",
nfip_active_policies,2019.0,665786.3135015746,policies,48201,,hydro_nfip,context_only,"Insurance coverage, not total exposed households",
nfip_active_policies,2020.0,689099.2977710168,policies,48201,,hydro_nfip,context_only,"Insurance coverage, not total exposed households",
nfip_active_policies,2021.0,692097.240092305,policies,48201,,hydro_nfip,context_only,"Insurance coverage, not total exposed households",
nfip_active_policies,2022.0,642838.949076986,policies,48201,,hydro_nfip,context_only,"Insurance coverage, not total exposed households",
nfip_active_policies,2023.0,582110.5348389645,policies,48201,,hydro_nfip,context_only,"Insurance coverage, not total exposed households",
nfip_active_policies,2024.0,547342.2071190107,policies,48201,,hydro_nfip,context_only,"Insurance coverage, not total exposed households",
acquired_properties,2024-09-30,412.0,properties,seven reported buyout areas,HCD_Harvey_mandatory_residential,hcd_buyout_2024q3,calibration_candidate,Program snapshot; acquisition and relocation cohorts differ; not countywide totals,
pending_acquisition_status_sum,2024-09-30,14.0,properties,seven reported buyout areas,HCD_Harvey_mandatory_residential,hcd_buyout_2024q3,calibration_candidate,Program snapshot; acquisition and relocation cohorts differ; not countywide totals,
relocated_cases,2024-09-30,612.0,household_cases,seven reported buyout areas,HCD_Harvey_mandatory_residential,hcd_buyout_2024q3,calibration_candidate,Program snapshot; acquisition and relocation cohorts differ; not countywide totals,
acquired_properties,2025-06-30,423.0,properties,seven reported buyout areas,HCD_Harvey_mandatory_residential,hcd_buyout_2025q2,quarantined,Program snapshot; acquisition and relocation cohorts differ; not countywide totals,Acquisition status sum 427 differs from reported total 425; reconcile before fitting
pending_acquisition_status_sum,2025-06-30,4.0,properties,seven reported buyout areas,HCD_Harvey_mandatory_residential,hcd_buyout_2025q2,quarantined,Program snapshot; acquisition and relocation cohorts differ; not countywide totals,Acquisition status sum 427 differs from reported total 425; reconcile before fitting
relocated_cases,2025-06-30,709.0,household_cases,seven reported buyout areas,HCD_Harvey_mandatory_residential,hcd_buyout_2025q2,validation_candidate,Program snapshot; acquisition and relocation cohorts differ; not countywide totals,
