id,grant_number,project_number,project_title,activity_number,activity_title,activity_type,responsible_org,begin_date,quarter_label,obligated_usd,expended_usd,disbursed_usd,program_income_disbursed_usd,program_income_received_usd,source_file,created_at,period_start,calendar_year,calendar_quarter,period_end_exclusive,quarter_duration_years,source_id,evidence_status,note
7077,B-17-DM-48-0001,4,Harris County,HCBP_DA_LMH_19-147-002-B490_HA,HC Buyout & Acquisition,Homeownership Assistance to low- and moderate-income,"Harris, County",2021-07-01,2021 Q4,1750000.0,0.0,0.0,0.0,0.0,"B-17-DM-48-0001_F31 - QPR - Fin Data by Project, Activity and Quarter_02032026.xlsx",2026-02-13 02:40:49,2021-07-01,2021,3,2021-10-01,0.25,glo_financial,observed_parsed_period_amount,Original quarter_label is federal fiscal quarter. Use begin_date for calendar alignment. Negative adjustments preserved. Latest 2026 quarter may be partial.
7078,B-17-DM-48-0001,4,Harris County,HCBP_DA_LMH_19-147-002-B490_HA,HC Buyout & Acquisition,Homeownership Assistance to low- and moderate-income,"Harris, County",2022-04-01,2022 Q3,-1505000.0,0.0,0.0,0.0,0.0,"B-17-DM-48-0001_F31 - QPR - Fin Data by Project, Activity and Quarter_02032026.xlsx",2026-02-13 02:40:49,2022-04-01,2022,2,2022-07-01,0.25,glo_financial,observed_parsed_period_amount,Original quarter_label is federal fiscal quarter. Use begin_date for calendar alignment. Negative adjustments preserved. Latest 2026 quarter may be partial.
7079,B-17-DM-48-0001,4,Harris County,HCBP_DA_LMH_19-147-002-B490_HA,HC Buyout & Acquisition,Homeownership Assistance to low- and moderate-income,"Harris, County",2023-01-01,2023 Q2,0.0,210.09,210.09,0.0,0.0,"B-17-DM-48-0001_F31 - QPR - Fin Data by Project, Activity and Quarter_02032026.xlsx",2026-02-13 02:40:49,2023-01-01,2023,1,2023-04-01,0.25,glo_financial,observed_parsed_period_amount,Original quarter_label is federal fiscal quarter. Use begin_date for calendar alignment. Negative adjustments preserved. Latest 2026 quarter may be partial.
7080,B-17-DM-48-0001,4,Harris County,HCBP_DA_LMH_19-147-002-B490_HA,HC Buyout & Acquisition,Homeownership Assistance to low- and moderate-income,"Harris, County",2023-04-01,2023 Q3,0.0,763.67,763.67,0.0,0.0,"B-17-DM-48-0001_F31 - QPR - Fin Data by Project, Activity and Quarter_02032026.xlsx",2026-02-13 02:40:49,2023-04-01,2023,2,2023-07-01,0.25,glo_financial,observed_parsed_period_amount,Original quarter_label is federal fiscal quarter. Use begin_date for calendar alignment. Negative adjustments preserved. Latest 2026 quarter may be partial.
7081,B-17-DM-48-0001,4,Harris County,HCBP_DA_LMH_19-147-002-B490_HA,HC Buyout & Acquisition,Homeownership Assistance to low- and moderate-income,"Harris, County",2023-07-01,2023 Q4,0.0,312.05,312.05,0.0,0.0,"B-17-DM-48-0001_F31 - QPR - Fin Data by Project, Activity and Quarter_02032026.xlsx",2026-02-13 02:40:49,2023-07-01,2023,3,2023-10-01,0.25,glo_financial,observed_parsed_period_amount,Original quarter_label is federal fiscal quarter. Use begin_date for calendar alignment. Negative adjustments preserved. Latest 2026 quarter may be partial.
7082,B-17-DM-48-0001,4,Harris County,HCBP_DA_LMH_19-147-002-B490_HA,HC Buyout & Acquisition,Homeownership Assistance to low- and moderate-income,"Harris, County",2023-10-01,2024 Q1,0.0,1453.83,1453.83,0.0,0.0,"B-17-DM-48-0001_F31 - QPR - Fin Data by Project, Activity and Quarter_02032026.xlsx",2026-02-13 02:40:49,2023-10-01,2023,4,2024-01-01,0.25,glo_financial,observed_parsed_period_amount,Original quarter_label is federal fiscal quarter. Use begin_date for calendar alignment. Negative adjustments preserved. Latest 2026 quarter may be partial.
7083,B-17-DM-48-0001,4,Harris County,HCBP_DA_LMH_19-147-002-B490_HA,HC Buyout & Acquisition,Homeownership Assistance to low- and moderate-income,"Harris, County",2024-01-01,2024 Q2,0.0,988.88,988.88,0.0,0.0,"B-17-DM-48-0001_F31 - QPR - Fin Data by Project, Activity and Quarter_02032026.xlsx",2026-02-13 02:40:49,2024-01-01,2024,1,2024-04-01,0.25,glo_financial,observed_parsed_period_amount,Original quarter_label is federal fiscal quarter. Use begin_date for calendar alignment. Negative adjustments preserved. Latest 2026 quarter may be partial.
7084,B-17-DM-48-0001,4,Harris County,HCBP_DA_LMH_19-147-002-B490_HA,HC Buyout & Acquisition,Homeownership Assistance to low- and moderate-income,"Harris, County",2024-07-01,2024 Q4,-221240.52,87.09,87.09,0.0,0.0,"B-17-DM-48-0001_F31 - QPR - Fin Data by Project, Activity and Quarter_02032026.xlsx",2026-02-13 02:40:49,2024-07-01,2024,3,2024-10-01,0.25,glo_financial,observed_parsed_period_amount,Original quarter_label is federal fiscal quarter. Use begin_date for calendar alignment. Negative adjustments preserved. Latest 2026 quarter may be partial.
7085,B-17-DM-48-0001,4,Harris County,HCBP_DA_LMHI_19-147-002-B490_HI,HC Buyout & Acquisition,Housing incentives to encourage resettlement,"Harris, County",2021-07-01,2021 Q4,2600000.0,0.0,0.0,0.0,0.0,"B-17-DM-48-0001_F31 - QPR - Fin Data by Project, Activity and Quarter_02032026.xlsx",2026-02-13 02:40:49,2021-07-01,2021,3,2021-10-01,0.25,glo_financial,observed_parsed_period_amount,Original quarter_label is federal fiscal quarter. Use begin_date for calendar alignment. Negative adjustments preserved. Latest 2026 quarter may be partial.
7086,B-17-DM-48-0001,4,Harris County,HCBP_DA_LMHI_19-147-002-B490_HI,HC Buyout & Acquisition,Housing incentives to encourage resettlement,"Harris, County",2022-04-01,2022 Q3,-600000.0,0.0,0.0,0.0,0.0,"B-17-DM-48-0001_F31 - QPR - Fin Data by Project, Activity and Quarter_02032026.xlsx",2026-02-13 02:40:49,2022-04-01,2022,2,2022-07-01,0.25,glo_financial,observed_parsed_period_amount,Original quarter_label is federal fiscal quarter. Use begin_date for calendar alignment. Negative adjustments preserved. Latest 2026 quarter may be partial.
7087,B-17-DM-48-0001,4,Harris County,HCBP_DA_LMHI_19-147-002-B490_HI,HC Buyout & Acquisition,Housing incentives to encourage resettlement,"Harris, County",2023-01-01,2023 Q2,0.0,11631.85,11631.85,0.0,0.0,"B-17-DM-48-0001_F31 - QPR - Fin Data by Project, Activity and Quarter_02032026.xlsx",2026-02-13 02:40:49,2023-01-01,2023,1,2023-04-01,0.25,glo_financial,observed_parsed_period_amount,Original quarter_label is federal fiscal quarter. Use begin_date for calendar alignment. Negative adjustments preserved. Latest 2026 quarter may be partial.
7088,B-17-DM-48-0001,4,Harris County,HCBP_DA_LMHI_19-147-002-B490_HI,HC Buyout & Acquisition,Housing incentives to encourage resettlement,"Harris, County",2023-04-01,2023 Q3,0.0,43176.31,43176.31,0.0,0.0,"B-17-DM-48-0001_F31 - QPR - Fin Data by Project, Activity and Quarter_02032026.xlsx",2026-02-13 02:40:49,2023-04-01,2023,2,2023-07-01,0.25,glo_financial,observed_parsed_period_amount,Original quarter_label is federal fiscal quarter. Use begin_date for calendar alignment. Negative adjustments preserved. Latest 2026 quarter may be partial.
7089,B-17-DM-48-0001,4,Harris County,HCBP_DA_LMHI_19-147-002-B490_HI,HC Buyout & Acquisition,Housing incentives to encourage resettlement,"Harris, County",2023-07-01,2023 Q4,0.0,27798.12,27798.12,0.0,0.0,"B-17-DM-48-0001_F31 - QPR - Fin Data by Project, Activity and Quarter_02032026.xlsx",2026-02-13 02:40:49,2023-07-01,2023,3,2023-10-01,0.25,glo_financial,observed_parsed_period_amount,Original quarter_label is federal fiscal quarter. Use begin_date for calendar alignment. Negative adjustments preserved. Latest 2026 quarter may be partial.
7090,B-17-DM-48-0001,4,Harris County,HCBP_DA_LMHI_19-147-002-B490_HI,HC Buyout & Acquisition,Housing incentives to encourage resettlement,"Harris, County",2023-10-01,2024 Q1,0.0,124476.76,124476.76,0.0,0.0,"B-17-DM-48-0001_F31 - QPR - Fin Data by Project, Activity and Quarter_02032026.xlsx",2026-02-13 02:40:49,2023-10-01,2023,4,2024-01-01,0.25,glo_financial,observed_parsed_period_amount,Original quarter_label is federal fiscal quarter. Use begin_date for calendar alignment. Negative adjustments preserved. Latest 2026 quarter may be partial.
7091,B-17-DM-48-0001,4,Harris County,HCBP_DA_LMHI_19-147-002-B490_HI,HC Buyout & Acquisition,Housing incentives to encourage resettlement,"Harris, County",2024-01-01,2024 Q2,0.0,219603.86,219603.86,0.0,0.0,"B-17-DM-48-0001_F31 - QPR - Fin Data by Project, Activity and Quarter_02032026.xlsx",2026-02-13 02:40:49,2024-01-01,2024,1,2024-04-01,0.25,glo_financial,observed_parsed_period_amount,Original quarter_label is federal fiscal quarter. Use begin_date for calendar alignment. Negative adjustments preserved. Latest 2026 quarter may be partial.
7092,B-17-DM-48-0001,4,Harris County,HCBP_DA_LMHI_19-147-002-B490_HI,HC Buyout & Acquisition,Housing incentives to encourage resettlement,"Harris, County",2024-04-01,2024 Q3,372312.0,793984.58,793984.58,0.0,0.0,"B-17-DM-48-0001_F31 - QPR - Fin Data by Project, Activity and Quarter_02032026.xlsx",2026-02-13 02:40:49,2024-04-01,2024,2,2024-07-01,0.25,glo_financial,observed_parsed_period_amount,Original quarter_label is federal fiscal quarter. Use begin_date for calendar alignment. Negative adjustments preserved. Latest 2026 quarter may be partial.
7093,B-17-DM-48-0001,4,Harris County,HCBP_DA_LMHI_19-147-002-B490_HI,HC Buyout & Acquisition,Housing incentives to encourage resettlement,"Harris, County",2024-07-01,2024 Q4,686827.65,1194990.32,1194990.32,0.0,0.0,"B-17-DM-48-0001_F31 - QPR - Fin Data by Project, Activity and Quarter_02032026.xlsx",2026-02-13 02:40:49,2024-07-01,2024,3,2024-10-01,0.25,glo_financial,observed_parsed_period_amount,Original quarter_label is federal fiscal quarter. Use begin_date for calendar alignment. Negative adjustments preserved. Latest 2026 quarter may be partial.
7094,B-17-DM-48-0001,4,Harris County,HCBP_DA_LMHI_19-147-002-B490_HI,HC Buyout & Acquisition,Housing incentives to encourage resettlement,"Harris, County",2024-10-01,2025 Q1,0.0,642755.15,642755.15,0.0,0.0,"B-17-DM-48-0001_F31 - QPR - Fin Data by Project, Activity and Quarter_02032026.xlsx",2026-02-13 02:40:49,2024-10-01,2024,4,2025-01-01,0.25,glo_financial,observed_parsed_period_amount,Original quarter_label is federal fiscal quarter. Use begin_date for calendar alignment. Negative adjustments preserved. Latest 2026 quarter may be partial.
7095,B-17-DM-48-0001,4,Harris County,HCBP_DA_LMHI_19-147-002-B490_HI,HC Buyout & Acquisition,Housing incentives to encourage resettlement,"Harris, County",2025-01-01,2025 Q2,0.0,722.7,722.7,0.0,0.0,"B-17-DM-48-0001_F31 - QPR - Fin Data by Project, Activity and Quarter_02032026.xlsx",2026-02-13 02:40:49,2025-01-01,2025,1,2025-04-01,0.25,glo_financial,observed_parsed_period_amount,Original quarter_label is federal fiscal quarter. Use begin_date for calendar alignment. Negative adjustments preserved. Latest 2026 quarter may be partial.
7096,B-17-DM-48-0001,4,Harris County,HCBP_DA_LMHI_19-147-002-B490_HI,HC Buyout & Acquisition,Housing incentives to encourage resettlement,"Harris, County",2025-04-01,2025 Q3,1365000.0,128068.55,128068.55,0.0,0.0,"B-17-DM-48-0001_F31 - QPR - Fin Data by Project, Activity and Quarter_02032026.xlsx",2026-02-13 02:40:49,2025-04-01,2025,2,2025-07-01,0.25,glo_financial,observed_parsed_period_amount,Original quarter_label is federal fiscal quarter. Use begin_date for calendar alignment. Negative adjustments preserved. Latest 2026 quarter may be partial.
7097,B-17-DM-48-0001,4,Harris County,HCBP_DA_LMHI_19-147-002-B490_HI,HC Buyout & Acquisition,Housing incentives to encourage resettlement,"Harris, County",2025-07-01,2025 Q4,0.0,586911.47,586911.47,0.0,0.0,"B-17-DM-48-0001_F31 - QPR - Fin Data by Project, Activity and Quarter_02032026.xlsx",2026-02-13 02:40:49,2025-07-01,2025,3,2025-10-01,0.25,glo_financial,observed_parsed_period_amount,Original quarter_label is federal fiscal quarter. Use begin_date for calendar alignment. Negative adjustments preserved. Latest 2026 quarter may be partial.
7098,B-17-DM-48-0001,4,Harris County,HCBP_DA_LMHI_19-147-002-B490_HI,HC Buyout & Acquisition,Housing incentives to encourage resettlement,"Harris, County",2025-10-01,2026 Q1,0.0,187322.03,187322.03,0.0,0.0,"B-17-DM-48-0001_F31 - QPR - Fin Data by Project, Activity and Quarter_02032026.xlsx",2026-02-13 02:40:49,2025-10-01,2025,4,2026-01-01,0.25,glo_financial,observed_parsed_period_amount,Original quarter_label is federal fiscal quarter. Use begin_date for calendar alignment. Negative adjustments preserved. Latest 2026 quarter may be partial.
7099,B-17-DM-48-0001,4,Harris County,HCBP_DA_LMI_19-147-002-B490_ACQ,HC Buyout & Acquisition,Acquisition - buyout of residential properties,"Harris, County",2019-04-01,2019 Q3,136111111.0,0.0,0.0,0.0,0.0,"B-17-DM-48-0001_F31 - QPR - Fin Data by Project, Activity and Quarter_02032026.xlsx",2026-02-13 02:40:49,2019-04-01,2019,2,2019-07-01,0.25,glo_financial,observed_parsed_period_amount,Original quarter_label is federal fiscal quarter. Use begin_date for calendar alignment. Negative adjustments preserved. Latest 2026 quarter may be partial.
7100,B-17-DM-48-0001,4,Harris County,HCBP_DA_LMI_19-147-002-B490_ACQ,HC Buyout & Acquisition,Acquisition - buyout of residential properties,"Harris, County",2020-04-01,2020 Q3,0.0,1789255.83,1789255.83,0.0,0.0,"B-17-DM-48-0001_F31 - QPR - Fin Data by Project, Activity and Quarter_02032026.xlsx",2026-02-13 02:40:49,2020-04-01,2020,2,2020-07-01,0.25,glo_financial,observed_parsed_period_amount,Original quarter_label is federal fiscal quarter. Use begin_date for calendar alignment. Negative adjustments preserved. Latest 2026 quarter may be partial.
7101,B-17-DM-48-0001,4,Harris County,HCBP_DA_LMI_19-147-002-B490_ACQ,HC Buyout & Acquisition,Acquisition - buyout of residential properties,"Harris, County",2021-01-01,2021 Q2,-4861111.0,0.0,0.0,0.0,0.0,"B-17-DM-48-0001_F31 - QPR - Fin Data by Project, Activity and Quarter_02032026.xlsx",2026-02-13 02:40:49,2021-01-01,2021,1,2021-04-01,0.25,glo_financial,observed_parsed_period_amount,Original quarter_label is federal fiscal quarter. Use begin_date for calendar alignment. Negative adjustments preserved. Latest 2026 quarter may be partial.
7102,B-17-DM-48-0001,4,Harris County,HCBP_DA_LMI_19-147-002-B490_ACQ,HC Buyout & Acquisition,Acquisition - buyout of residential properties,"Harris, County",2021-04-01,2021 Q3,0.0,206881.25,206881.25,0.0,0.0,"B-17-DM-48-0001_F31 - QPR - Fin Data by Project, Activity and Quarter_02032026.xlsx",2026-02-13 02:40:49,2021-04-01,2021,2,2021-07-01,0.25,glo_financial,observed_parsed_period_amount,Original quarter_label is federal fiscal quarter. Use begin_date for calendar alignment. Negative adjustments preserved. Latest 2026 quarter may be partial.
7103,B-17-DM-48-0001,4,Harris County,HCBP_DA_LMI_19-147-002-B490_ACQ,HC Buyout & Acquisition,Acquisition - buyout of residential properties,"Harris, County",2021-07-01,2021 Q4,-63970994.93,0.0,0.0,0.0,0.0,"B-17-DM-48-0001_F31 - QPR - Fin Data by Project, Activity and Quarter_02032026.xlsx",2026-02-13 02:40:49,2021-07-01,2021,3,2021-10-01,0.25,glo_financial,observed_parsed_period_amount,Original quarter_label is federal fiscal quarter. Use begin_date for calendar alignment. Negative adjustments preserved. Latest 2026 quarter may be partial.
7104,B-17-DM-48-0001,4,Harris County,HCBP_DA_LMI_19-147-002-B490_ACQ,HC Buyout & Acquisition,Acquisition - buyout of residential properties,"Harris, County",2021-10-01,2022 Q1,0.0,871247.32,871247.32,0.0,0.0,"B-17-DM-48-0001_F31 - QPR - Fin Data by Project, Activity and Quarter_02032026.xlsx",2026-02-13 02:40:49,2021-10-01,2021,4,2022-01-01,0.25,glo_financial,observed_parsed_period_amount,Original quarter_label is federal fiscal quarter. Use begin_date for calendar alignment. Negative adjustments preserved. Latest 2026 quarter may be partial.
7105,B-17-DM-48-0001,4,Harris County,HCBP_DA_LMI_19-147-002-B490_ACQ,HC Buyout & Acquisition,Acquisition - buyout of residential properties,"Harris, County",2022-01-01,2022 Q2,0.0,3122.49,3122.49,0.0,0.0,"B-17-DM-48-0001_F31 - QPR - Fin Data by Project, Activity and Quarter_02032026.xlsx",2026-02-13 02:40:49,2022-01-01,2022,1,2022-04-01,0.25,glo_financial,observed_parsed_period_amount,Original quarter_label is federal fiscal quarter. Use begin_date for calendar alignment. Negative adjustments preserved. Latest 2026 quarter may be partial.
7106,B-17-DM-48-0001,4,Harris County,HCBP_DA_LMI_19-147-002-B490_ACQ,HC Buyout & Acquisition,Acquisition - buyout of residential properties,"Harris, County",2022-04-01,2022 Q3,14231823.93,81556.42,81556.42,0.0,0.0,"B-17-DM-48-0001_F31 - QPR - Fin Data by Project, Activity and Quarter_02032026.xlsx",2026-02-13 02:40:49,2022-04-01,2022,2,2022-07-01,0.25,glo_financial,observed_parsed_period_amount,Original quarter_label is federal fiscal quarter. Use begin_date for calendar alignment. Negative adjustments preserved. Latest 2026 quarter may be partial.
7107,B-17-DM-48-0001,4,Harris County,HCBP_DA_LMI_19-147-002-B490_ACQ,HC Buyout & Acquisition,Acquisition - buyout of residential properties,"Harris, County",2022-07-01,2022 Q4,0.0,113069.62,113069.62,0.0,0.0,"B-17-DM-48-0001_F31 - QPR - Fin Data by Project, Activity and Quarter_02032026.xlsx",2026-02-13 02:40:49,2022-07-01,2022,3,2022-10-01,0.25,glo_financial,observed_parsed_period_amount,Original quarter_label is federal fiscal quarter. Use begin_date for calendar alignment. Negative adjustments preserved. Latest 2026 quarter may be partial.
7108,B-17-DM-48-0001,4,Harris County,HCBP_DA_LMI_19-147-002-B490_ACQ,HC Buyout & Acquisition,Acquisition - buyout of residential properties,"Harris, County",2022-10-01,2023 Q1,0.0,310070.32,310070.32,0.0,0.0,"B-17-DM-48-0001_F31 - QPR - Fin Data by Project, Activity and Quarter_02032026.xlsx",2026-02-13 02:40:49,2022-10-01,2022,4,2023-01-01,0.25,glo_financial,observed_parsed_period_amount,Original quarter_label is federal fiscal quarter. Use begin_date for calendar alignment. Negative adjustments preserved. Latest 2026 quarter may be partial.
7109,B-17-DM-48-0001,4,Harris County,HCBP_DA_LMI_19-147-002-B490_ACQ,HC Buyout & Acquisition,Acquisition - buyout of residential properties,"Harris, County",2023-01-01,2023 Q2,0.0,5803081.14,5803081.14,0.0,0.0,"B-17-DM-48-0001_F31 - QPR - Fin Data by Project, Activity and Quarter_02032026.xlsx",2026-02-13 02:40:49,2023-01-01,2023,1,2023-04-01,0.25,glo_financial,observed_parsed_period_amount,Original quarter_label is federal fiscal quarter. Use begin_date for calendar alignment. Negative adjustments preserved. Latest 2026 quarter may be partial.
7110,B-17-DM-48-0001,4,Harris County,HCBP_DA_LMI_19-147-002-B490_ACQ,HC Buyout & Acquisition,Acquisition - buyout of residential properties,"Harris, County",2023-04-01,2023 Q3,0.0,12209486.51,12209486.51,0.0,0.0,"B-17-DM-48-0001_F31 - QPR - Fin Data by Project, Activity and Quarter_02032026.xlsx",2026-02-13 02:40:49,2023-04-01,2023,2,2023-07-01,0.25,glo_financial,observed_parsed_period_amount,Original quarter_label is federal fiscal quarter. Use begin_date for calendar alignment. Negative adjustments preserved. Latest 2026 quarter may be partial.
7111,B-17-DM-48-0001,4,Harris County,HCBP_DA_LMI_19-147-002-B490_ACQ,HC Buyout & Acquisition,Acquisition - buyout of residential properties,"Harris, County",2023-07-01,2023 Q4,0.0,27071477.44,27071477.44,0.0,0.0,"B-17-DM-48-0001_F31 - QPR - Fin Data by Project, Activity and Quarter_02032026.xlsx",2026-02-13 02:40:49,2023-07-01,2023,3,2023-10-01,0.25,glo_financial,observed_parsed_period_amount,Original quarter_label is federal fiscal quarter. Use begin_date for calendar alignment. Negative adjustments preserved. Latest 2026 quarter may be partial.
7112,B-17-DM-48-0001,4,Harris County,HCBP_DA_LMI_19-147-002-B490_ACQ,HC Buyout & Acquisition,Acquisition - buyout of residential properties,"Harris, County",2023-10-01,2024 Q1,0.0,2255361.7,2255361.7,0.0,0.0,"B-17-DM-48-0001_F31 - QPR - Fin Data by Project, Activity and Quarter_02032026.xlsx",2026-02-13 02:40:49,2023-10-01,2023,4,2024-01-01,0.25,glo_financial,observed_parsed_period_amount,Original quarter_label is federal fiscal quarter. Use begin_date for calendar alignment. Negative adjustments preserved. Latest 2026 quarter may be partial.
7113,B-17-DM-48-0001,4,Harris County,HCBP_DA_LMI_19-147-002-B490_ACQ,HC Buyout & Acquisition,Acquisition - buyout of residential properties,"Harris, County",2024-01-01,2024 Q2,0.0,6664872.73,6664872.73,0.0,0.0,"B-17-DM-48-0001_F31 - QPR - Fin Data by Project, Activity and Quarter_02032026.xlsx",2026-02-13 02:40:49,2024-01-01,2024,1,2024-04-01,0.25,glo_financial,observed_parsed_period_amount,Original quarter_label is federal fiscal quarter. Use begin_date for calendar alignment. Negative adjustments preserved. Latest 2026 quarter may be partial.
7114,B-17-DM-48-0001,4,Harris County,HCBP_DA_LMI_19-147-002-B490_ACQ,HC Buyout & Acquisition,Acquisition - buyout of residential properties,"Harris, County",2024-04-01,2024 Q3,0.0,11990875.63,11990875.63,0.0,0.0,"B-17-DM-48-0001_F31 - QPR - Fin Data by Project, Activity and Quarter_02032026.xlsx",2026-02-13 02:40:49,2024-04-01,2024,2,2024-07-01,0.25,glo_financial,observed_parsed_period_amount,Original quarter_label is federal fiscal quarter. Use begin_date for calendar alignment. Negative adjustments preserved. Latest 2026 quarter may be partial.
7115,B-17-DM-48-0001,4,Harris County,HCBP_DA_LMI_19-147-002-B490_ACQ,HC Buyout & Acquisition,Acquisition - buyout of residential properties,"Harris, County",2024-07-01,2024 Q4,719336.68,7087311.7,7087311.7,0.0,0.0,"B-17-DM-48-0001_F31 - QPR - Fin Data by Project, Activity and Quarter_02032026.xlsx",2026-02-13 02:40:49,2024-07-01,2024,3,2024-10-01,0.25,glo_financial,observed_parsed_period_amount,Original quarter_label is federal fiscal quarter. Use begin_date for calendar alignment. Negative adjustments preserved. Latest 2026 quarter may be partial.
7116,B-17-DM-48-0001,4,Harris County,HCBP_DA_LMI_19-147-002-B490_ACQ,HC Buyout & Acquisition,Acquisition - buyout of residential properties,"Harris, County",2024-10-01,2025 Q1,-409702.84,4099940.92,4099940.92,0.0,0.0,"B-17-DM-48-0001_F31 - QPR - Fin Data by Project, Activity and Quarter_02032026.xlsx",2026-02-13 02:40:49,2024-10-01,2024,4,2025-01-01,0.25,glo_financial,observed_parsed_period_amount,Original quarter_label is federal fiscal quarter. Use begin_date for calendar alignment. Negative adjustments preserved. Latest 2026 quarter may be partial.
7117,B-17-DM-48-0001,4,Harris County,HCBP_DA_LMI_19-147-002-B490_ACQ,HC Buyout & Acquisition,Acquisition - buyout of residential properties,"Harris, County",2025-01-01,2025 Q2,0.0,1102446.59,1102446.59,0.0,353366.0,"B-17-DM-48-0001_F31 - QPR - Fin Data by Project, Activity and Quarter_02032026.xlsx",2026-02-13 02:40:49,2025-01-01,2025,1,2025-04-01,0.25,glo_financial,observed_parsed_period_amount,Original quarter_label is federal fiscal quarter. Use begin_date for calendar alignment. Negative adjustments preserved. Latest 2026 quarter may be partial.
7118,B-17-DM-48-0001,4,Harris County,HCBP_DA_LMI_19-147-002-B490_ACQ,HC Buyout & Acquisition,Acquisition - buyout of residential properties,"Harris, County",2025-04-01,2025 Q3,0.0,160405.23,160405.23,0.0,0.0,"B-17-DM-48-0001_F31 - QPR - Fin Data by Project, Activity and Quarter_02032026.xlsx",2026-02-13 02:40:49,2025-04-01,2025,2,2025-07-01,0.25,glo_financial,observed_parsed_period_amount,Original quarter_label is federal fiscal quarter. Use begin_date for calendar alignment. Negative adjustments preserved. Latest 2026 quarter may be partial.
7119,B-17-DM-48-0001,4,Harris County,HCBP_DA_LMI_19-147-002-B490_ACQ,HC Buyout & Acquisition,Acquisition - buyout of residential properties,"Harris, County",2025-10-01,2026 Q1,11079.37,6404.98,6404.98,0.0,0.0,"B-17-DM-48-0001_F31 - QPR - Fin Data by Project, Activity and Quarter_02032026.xlsx",2026-02-13 02:40:49,2025-10-01,2025,4,2026-01-01,0.25,glo_financial,observed_parsed_period_amount,Original quarter_label is federal fiscal quarter. Use begin_date for calendar alignment. Negative adjustments preserved. Latest 2026 quarter may be partial.
7120,B-17-DM-48-0001,4,Harris County,HCBP_DA_LMI_19-147-002-B490_ACQ,HC Buyout & Acquisition,Acquisition - buyout of residential properties,"Harris, County",2026-01-01,2026 Q2,0.0,0.0,-28271.88,0.0,0.0,"B-17-DM-48-0001_F31 - QPR - Fin Data by Project, Activity and Quarter_02032026.xlsx",2026-02-13 02:40:49,2026-01-01,2026,1,2026-04-01,0.25,glo_financial,observed_parsed_period_amount,Original quarter_label is federal fiscal quarter. Use begin_date for calendar alignment. Negative adjustments preserved. Latest 2026 quarter may be partial.
7121,B-17-DM-48-0001,4,Harris County,HCBP_DA_LMI_19-147-002-B490_RA,HC Buyout & Acquisition,Relocation payments and assistance,"Harris, County",2021-07-01,2021 Q4,120965000.0,0.0,0.0,0.0,0.0,"B-17-DM-48-0001_F31 - QPR - Fin Data by Project, Activity and Quarter_02032026.xlsx",2026-02-13 02:40:49,2021-07-01,2021,3,2021-10-01,0.25,glo_financial,observed_parsed_period_amount,Original quarter_label is federal fiscal quarter. Use begin_date for calendar alignment. Negative adjustments preserved. Latest 2026 quarter may be partial.
7122,B-17-DM-48-0001,4,Harris County,HCBP_DA_LMI_19-147-002-B490_RA,HC Buyout & Acquisition,Relocation payments and assistance,"Harris, County",2022-04-01,2022 Q3,-90710000.0,0.0,0.0,0.0,0.0,"B-17-DM-48-0001_F31 - QPR - Fin Data by Project, Activity and Quarter_02032026.xlsx",2026-02-13 02:40:49,2022-04-01,2022,2,2022-07-01,0.25,glo_financial,observed_parsed_period_amount,Original quarter_label is federal fiscal quarter. Use begin_date for calendar alignment. Negative adjustments preserved. Latest 2026 quarter may be partial.
7123,B-17-DM-48-0001,4,Harris County,HCBP_DA_LMI_19-147-002-B490_RA,HC Buyout & Acquisition,Relocation payments and assistance,"Harris, County",2022-10-01,2023 Q1,0.0,795.0,795.0,0.0,0.0,"B-17-DM-48-0001_F31 - QPR - Fin Data by Project, Activity and Quarter_02032026.xlsx",2026-02-13 02:40:49,2022-10-01,2022,4,2023-01-01,0.25,glo_financial,observed_parsed_period_amount,Original quarter_label is federal fiscal quarter. Use begin_date for calendar alignment. Negative adjustments preserved. Latest 2026 quarter may be partial.
7124,B-17-DM-48-0001,4,Harris County,HCBP_DA_LMI_19-147-002-B490_RA,HC Buyout & Acquisition,Relocation payments and assistance,"Harris, County",2023-01-01,2023 Q2,0.0,17437.67,17437.67,0.0,0.0,"B-17-DM-48-0001_F31 - QPR - Fin Data by Project, Activity and Quarter_02032026.xlsx",2026-02-13 02:40:49,2023-01-01,2023,1,2023-04-01,0.25,glo_financial,observed_parsed_period_amount,Original quarter_label is federal fiscal quarter. Use begin_date for calendar alignment. Negative adjustments preserved. Latest 2026 quarter may be partial.
7125,B-17-DM-48-0001,4,Harris County,HCBP_DA_LMI_19-147-002-B490_RA,HC Buyout & Acquisition,Relocation payments and assistance,"Harris, County",2023-04-01,2023 Q3,0.0,310344.03,310344.03,0.0,0.0,"B-17-DM-48-0001_F31 - QPR - Fin Data by Project, Activity and Quarter_02032026.xlsx",2026-02-13 02:40:49,2023-04-01,2023,2,2023-07-01,0.25,glo_financial,observed_parsed_period_amount,Original quarter_label is federal fiscal quarter. Use begin_date for calendar alignment. Negative adjustments preserved. Latest 2026 quarter may be partial.
7126,B-17-DM-48-0001,4,Harris County,HCBP_DA_LMI_19-147-002-B490_RA,HC Buyout & Acquisition,Relocation payments and assistance,"Harris, County",2023-07-01,2023 Q4,0.0,7699236.54,7699236.54,0.0,0.0,"B-17-DM-48-0001_F31 - QPR - Fin Data by Project, Activity and Quarter_02032026.xlsx",2026-02-13 02:40:49,2023-07-01,2023,3,2023-10-01,0.25,glo_financial,observed_parsed_period_amount,Original quarter_label is federal fiscal quarter. Use begin_date for calendar alignment. Negative adjustments preserved. Latest 2026 quarter may be partial.
7127,B-17-DM-48-0001,4,Harris County,HCBP_DA_LMI_19-147-002-B490_RA,HC Buyout & Acquisition,Relocation payments and assistance,"Harris, County",2023-10-01,2024 Q1,-255000.0,14014979.52,14014979.52,0.0,0.0,"B-17-DM-48-0001_F31 - QPR - Fin Data by Project, Activity and Quarter_02032026.xlsx",2026-02-13 02:40:49,2023-10-01,2023,4,2024-01-01,0.25,glo_financial,observed_parsed_period_amount,Original quarter_label is federal fiscal quarter. Use begin_date for calendar alignment. Negative adjustments preserved. Latest 2026 quarter may be partial.
7128,B-17-DM-48-0001,4,Harris County,HCBP_DA_LMI_19-147-002-B490_RA,HC Buyout & Acquisition,Relocation payments and assistance,"Harris, County",2024-01-01,2024 Q2,0.0,5086145.79,5086145.79,0.0,0.0,"B-17-DM-48-0001_F31 - QPR - Fin Data by Project, Activity and Quarter_02032026.xlsx",2026-02-13 02:40:49,2024-01-01,2024,1,2024-04-01,0.25,glo_financial,observed_parsed_period_amount,Original quarter_label is federal fiscal quarter. Use begin_date for calendar alignment. Negative adjustments preserved. Latest 2026 quarter may be partial.
7129,B-17-DM-48-0001,4,Harris County,HCBP_DA_LMI_19-147-002-B490_RA,HC Buyout & Acquisition,Relocation payments and assistance,"Harris, County",2024-04-01,2024 Q3,9383164.0,10420571.39,10420571.39,0.0,0.0,"B-17-DM-48-0001_F31 - QPR - Fin Data by Project, Activity and Quarter_02032026.xlsx",2026-02-13 02:40:49,2024-04-01,2024,2,2024-07-01,0.25,glo_financial,observed_parsed_period_amount,Original quarter_label is federal fiscal quarter. Use begin_date for calendar alignment. Negative adjustments preserved. Latest 2026 quarter may be partial.
7130,B-17-DM-48-0001,4,Harris County,HCBP_DA_LMI_19-147-002-B490_RA,HC Buyout & Acquisition,Relocation payments and assistance,"Harris, County",2024-07-01,2024 Q4,1086977.4,3041837.46,3041837.46,0.0,0.0,"B-17-DM-48-0001_F31 - QPR - Fin Data by Project, Activity and Quarter_02032026.xlsx",2026-02-13 02:40:49,2024-07-01,2024,3,2024-10-01,0.25,glo_financial,observed_parsed_period_amount,Original quarter_label is federal fiscal quarter. Use begin_date for calendar alignment. Negative adjustments preserved. Latest 2026 quarter may be partial.
7131,B-17-DM-48-0001,4,Harris County,HCBP_DA_LMI_19-147-002-B490_RA,HC Buyout & Acquisition,Relocation payments and assistance,"Harris, County",2024-10-01,2025 Q1,409702.84,409702.84,409702.84,0.0,0.0,"B-17-DM-48-0001_F31 - QPR - Fin Data by Project, Activity and Quarter_02032026.xlsx",2026-02-13 02:40:49,2024-10-01,2024,4,2025-01-01,0.25,glo_financial,observed_parsed_period_amount,Original quarter_label is federal fiscal quarter. Use begin_date for calendar alignment. Negative adjustments preserved. Latest 2026 quarter may be partial.
7132,B-17-DM-48-0001,4,Harris County,HCBP_DA_LMI_19-147-002-B490_RA,HC Buyout & Acquisition,Relocation payments and assistance,"Harris, County",2025-04-01,2025 Q3,5266206.0,1157664.87,1157664.87,0.0,0.0,"B-17-DM-48-0001_F31 - QPR - Fin Data by Project, Activity and Quarter_02032026.xlsx",2026-02-13 02:40:49,2025-04-01,2025,2,2025-07-01,0.25,glo_financial,observed_parsed_period_amount,Original quarter_label is federal fiscal quarter. Use begin_date for calendar alignment. Negative adjustments preserved. Latest 2026 quarter may be partial.
7133,B-17-DM-48-0001,4,Harris County,HCBP_DA_LMI_19-147-002-B490_RA,HC Buyout & Acquisition,Relocation payments and assistance,"Harris, County",2025-07-01,2025 Q4,0.0,3986235.65,3986235.65,0.0,0.0,"B-17-DM-48-0001_F31 - QPR - Fin Data by Project, Activity and Quarter_02032026.xlsx",2026-02-13 02:40:49,2025-07-01,2025,3,2025-10-01,0.25,glo_financial,observed_parsed_period_amount,Original quarter_label is federal fiscal quarter. Use begin_date for calendar alignment. Negative adjustments preserved. Latest 2026 quarter may be partial.
7134,B-17-DM-48-0001,4,Harris County,HCBP_DA_LMI_19-147-002-B490_RA,HC Buyout & Acquisition,Relocation payments and assistance,"Harris, County",2025-10-01,2026 Q1,0.0,1099.48,1099.48,0.0,0.0,"B-17-DM-48-0001_F31 - QPR - Fin Data by Project, Activity and Quarter_02032026.xlsx",2026-02-13 02:40:49,2025-10-01,2025,4,2026-01-01,0.25,glo_financial,observed_parsed_period_amount,Original quarter_label is federal fiscal quarter. Use begin_date for calendar alignment. Negative adjustments preserved. Latest 2026 quarter may be partial.
7135,B-17-DM-48-0001,4,Harris County,HCBP_DA_UN_19-147-002-B490_HI,HC Buyout & Acquisition,Housing incentives to encourage resettlement,"Harris, County",2024-07-01,2024 Q4,5922.34,305.19,305.19,0.0,0.0,"B-17-DM-48-0001_F31 - QPR - Fin Data by Project, Activity and Quarter_02032026.xlsx",2026-02-13 02:40:49,2024-07-01,2024,3,2024-10-01,0.25,glo_financial,observed_parsed_period_amount,Original quarter_label is federal fiscal quarter. Use begin_date for calendar alignment. Negative adjustments preserved. Latest 2026 quarter may be partial.
7136,B-17-DM-48-0001,4,Harris County,HCBP_DA_UN_19-147-002-B490_HI,HC Buyout & Acquisition,Housing incentives to encourage resettlement,"Harris, County",2024-10-01,2025 Q1,0.0,1151.03,1151.03,0.0,0.0,"B-17-DM-48-0001_F31 - QPR - Fin Data by Project, Activity and Quarter_02032026.xlsx",2026-02-13 02:40:49,2024-10-01,2024,4,2025-01-01,0.25,glo_financial,observed_parsed_period_amount,Original quarter_label is federal fiscal quarter. Use begin_date for calendar alignment. Negative adjustments preserved. Latest 2026 quarter may be partial.
7137,B-17-DM-48-0001,4,Harris County,HCBP_DA_UN_19-147-002-B490_HI,HC Buyout & Acquisition,Housing incentives to encourage resettlement,"Harris, County",2025-01-01,2025 Q2,0.0,1076.47,1076.47,0.0,0.0,"B-17-DM-48-0001_F31 - QPR - Fin Data by Project, Activity and Quarter_02032026.xlsx",2026-02-13 02:40:49,2025-01-01,2025,1,2025-04-01,0.25,glo_financial,observed_parsed_period_amount,Original quarter_label is federal fiscal quarter. Use begin_date for calendar alignment. Negative adjustments preserved. Latest 2026 quarter may be partial.
7138,B-17-DM-48-0001,4,Harris County,HCBP_DA_UN_19-147-002-B490_HI,HC Buyout & Acquisition,Housing incentives to encourage resettlement,"Harris, County",2025-04-01,2025 Q3,0.0,1690.58,1690.58,0.0,0.0,"B-17-DM-48-0001_F31 - QPR - Fin Data by Project, Activity and Quarter_02032026.xlsx",2026-02-13 02:40:49,2025-04-01,2025,2,2025-07-01,0.25,glo_financial,observed_parsed_period_amount,Original quarter_label is federal fiscal quarter. Use begin_date for calendar alignment. Negative adjustments preserved. Latest 2026 quarter may be partial.
7139,B-17-DM-48-0001,4,Harris County,HCBP_DA_UN_19-147-002-B490_HI,HC Buyout & Acquisition,Housing incentives to encourage resettlement,"Harris, County",2025-07-01,2025 Q4,0.0,1073.59,1073.59,0.0,0.0,"B-17-DM-48-0001_F31 - QPR - Fin Data by Project, Activity and Quarter_02032026.xlsx",2026-02-13 02:40:49,2025-07-01,2025,3,2025-10-01,0.25,glo_financial,observed_parsed_period_amount,Original quarter_label is federal fiscal quarter. Use begin_date for calendar alignment. Negative adjustments preserved. Latest 2026 quarter may be partial.
7140,B-17-DM-48-0001,4,Harris County,HCBP_DA_UN_19-147-002-B490_HI,HC Buyout & Acquisition,Housing incentives to encourage resettlement,"Harris, County",2025-10-01,2026 Q1,0.0,625.48,625.48,0.0,0.0,"B-17-DM-48-0001_F31 - QPR - Fin Data by Project, Activity and Quarter_02032026.xlsx",2026-02-13 02:40:49,2025-10-01,2025,4,2026-01-01,0.25,glo_financial,observed_parsed_period_amount,Original quarter_label is federal fiscal quarter. Use begin_date for calendar alignment. Negative adjustments preserved. Latest 2026 quarter may be partial.
12718,B-17-DM-48-0001,9999,Restricted Balance,HCBP_DA_UN_19-147-002-B490_ACQ-12032021094158,HC Buyout & Acquisition,Acquisition - buyout of residential properties,"Harris, County",2019-04-01,2019 Q3,58333333.0,0.0,0.0,0.0,0.0,"B-17-DM-48-0001_F31 - QPR - Fin Data by Project, Activity and Quarter_02032026.xlsx",2026-02-13 02:40:49,2019-04-01,2019,2,2019-07-01,0.25,glo_financial,observed_parsed_period_amount,Original quarter_label is federal fiscal quarter. Use begin_date for calendar alignment. Negative adjustments preserved. Latest 2026 quarter may be partial.
12719,B-17-DM-48-0001,9999,Restricted Balance,HCBP_DA_UN_19-147-002-B490_ACQ-12032021094158,HC Buyout & Acquisition,Acquisition - buyout of residential properties,"Harris, County",2020-04-01,2020 Q3,0.0,766823.93,766823.93,0.0,0.0,"B-17-DM-48-0001_F31 - QPR - Fin Data by Project, Activity and Quarter_02032026.xlsx",2026-02-13 02:40:49,2020-04-01,2020,2,2020-07-01,0.25,glo_financial,observed_parsed_period_amount,Original quarter_label is federal fiscal quarter. Use begin_date for calendar alignment. Negative adjustments preserved. Latest 2026 quarter may be partial.
12720,B-17-DM-48-0001,9999,Restricted Balance,HCBP_DA_UN_19-147-002-B490_ACQ-12032021094158,HC Buyout & Acquisition,Acquisition - buyout of residential properties,"Harris, County",2021-01-01,2021 Q2,-2083333.0,0.0,0.0,0.0,0.0,"B-17-DM-48-0001_F31 - QPR - Fin Data by Project, Activity and Quarter_02032026.xlsx",2026-02-13 02:40:49,2021-01-01,2021,1,2021-04-01,0.25,glo_financial,observed_parsed_period_amount,Original quarter_label is federal fiscal quarter. Use begin_date for calendar alignment. Negative adjustments preserved. Latest 2026 quarter may be partial.
12721,B-17-DM-48-0001,9999,Restricted Balance,HCBP_DA_UN_19-147-002-B490_ACQ-12032021094158,HC Buyout & Acquisition,Acquisition - buyout of residential properties,"Harris, County",2021-07-01,2021 Q4,-55394512.68,88663.39,88663.39,0.0,0.0,"B-17-DM-48-0001_F31 - QPR - Fin Data by Project, Activity and Quarter_02032026.xlsx",2026-02-13 02:40:49,2021-07-01,2021,3,2021-10-01,0.25,glo_financial,observed_parsed_period_amount,Original quarter_label is federal fiscal quarter. Use begin_date for calendar alignment. Negative adjustments preserved. Latest 2026 quarter may be partial.
12722,B-17-DM-48-0001,9999,Restricted Balance,HCBP_DA_UN_19-147-002-B490_ACQ-12032021094158,HC Buyout & Acquisition,Acquisition - buyout of residential properties,"Harris, County",2021-10-01,2022 Q1,-855487.32,-855487.32,-855487.32,0.0,0.0,"B-17-DM-48-0001_F31 - QPR - Fin Data by Project, Activity and Quarter_02032026.xlsx",2026-02-13 02:40:49,2021-10-01,2021,4,2022-01-01,0.25,glo_financial,observed_parsed_period_amount,Original quarter_label is federal fiscal quarter. Use begin_date for calendar alignment. Negative adjustments preserved. Latest 2026 quarter may be partial.
12929,B-18-DP-48-0001,4,Harris County,HCBP_DA_LMHI_19-147-002-B490_HI,HC Buyout & Acquisition,Housing incentives to encourage resettlement,"Harris, County",2024-04-01,2024 Q3,2721244.0,0.0,0.0,0.0,0.0,"B-18-DP-48-0001_F31 - QPR - Fin Data by Project, Activity and Quarter_02032026.xlsx",2026-02-13 02:40:49,2024-04-01,2024,2,2024-07-01,0.25,glo_financial,observed_parsed_period_amount,Original quarter_label is federal fiscal quarter. Use begin_date for calendar alignment. Negative adjustments preserved. Latest 2026 quarter may be partial.
12930,B-18-DP-48-0001,4,Harris County,HCBP_DA_LMHI_19-147-002-B490_HI,HC Buyout & Acquisition,Housing incentives to encourage resettlement,"Harris, County",2024-07-01,2024 Q4,-10480.52,19875.0,19875.0,0.0,0.0,"B-18-DP-48-0001_F31 - QPR - Fin Data by Project, Activity and Quarter_02032026.xlsx",2026-02-13 02:40:49,2024-07-01,2024,3,2024-10-01,0.25,glo_financial,observed_parsed_period_amount,Original quarter_label is federal fiscal quarter. Use begin_date for calendar alignment. Negative adjustments preserved. Latest 2026 quarter may be partial.
12931,B-18-DP-48-0001,4,Harris County,HCBP_DA_LMHI_19-147-002-B490_HI,HC Buyout & Acquisition,Housing incentives to encourage resettlement,"Harris, County",2025-01-01,2025 Q2,0.0,1331569.31,1331569.31,0.0,0.0,"B-18-DP-48-0001_F31 - QPR - Fin Data by Project, Activity and Quarter_02032026.xlsx",2026-02-13 02:40:49,2025-01-01,2025,1,2025-04-01,0.25,glo_financial,observed_parsed_period_amount,Original quarter_label is federal fiscal quarter. Use begin_date for calendar alignment. Negative adjustments preserved. Latest 2026 quarter may be partial.
12932,B-18-DP-48-0001,4,Harris County,HCBP_DA_LMHI_19-147-002-B490_HI,HC Buyout & Acquisition,Housing incentives to encourage resettlement,"Harris, County",2025-04-01,2025 Q3,805000.0,1667535.3,1667535.3,0.0,0.0,"B-18-DP-48-0001_F31 - QPR - Fin Data by Project, Activity and Quarter_02032026.xlsx",2026-02-13 02:40:49,2025-04-01,2025,2,2025-07-01,0.25,glo_financial,observed_parsed_period_amount,Original quarter_label is federal fiscal quarter. Use begin_date for calendar alignment. Negative adjustments preserved. Latest 2026 quarter may be partial.
12933,B-18-DP-48-0001,4,Harris County,HCBP_DA_LMHI_19-147-002-B490_HI,HC Buyout & Acquisition,Housing incentives to encourage resettlement,"Harris, County",2025-07-01,2025 Q4,0.0,350783.3,350783.3,0.0,0.0,"B-18-DP-48-0001_F31 - QPR - Fin Data by Project, Activity and Quarter_02032026.xlsx",2026-02-13 02:40:49,2025-07-01,2025,3,2025-10-01,0.25,glo_financial,observed_parsed_period_amount,Original quarter_label is federal fiscal quarter. Use begin_date for calendar alignment. Negative adjustments preserved. Latest 2026 quarter may be partial.
12934,B-18-DP-48-0001,4,Harris County,HCBP_DA_LMHI_19-147-002-B490_HI,HC Buyout & Acquisition,Housing incentives to encourage resettlement,"Harris, County",2025-10-01,2026 Q1,189318.86,252068.0,252068.0,0.0,0.0,"B-18-DP-48-0001_F31 - QPR - Fin Data by Project, Activity and Quarter_02032026.xlsx",2026-02-13 02:40:49,2025-10-01,2025,4,2026-01-01,0.25,glo_financial,observed_parsed_period_amount,Original quarter_label is federal fiscal quarter. Use begin_date for calendar alignment. Negative adjustments preserved. Latest 2026 quarter may be partial.
12935,B-18-DP-48-0001,4,Harris County,HCBP_DA_LMI_19-147-002-B490_ACQ,HC Buyout & Acquisition,Acquisition - buyout of residential properties,"Harris, County",2024-04-01,2024 Q3,6985476.0,0.0,0.0,0.0,0.0,"B-18-DP-48-0001_F31 - QPR - Fin Data by Project, Activity and Quarter_02032026.xlsx",2026-02-13 02:40:49,2024-04-01,2024,2,2024-07-01,0.25,glo_financial,observed_parsed_period_amount,Original quarter_label is federal fiscal quarter. Use begin_date for calendar alignment. Negative adjustments preserved. Latest 2026 quarter may be partial.
12936,B-18-DP-48-0001,4,Harris County,HCBP_DA_LMI_19-147-002-B490_ACQ,HC Buyout & Acquisition,Acquisition - buyout of residential properties,"Harris, County",2024-07-01,2024 Q4,0.0,237922.9,237922.9,0.0,0.0,"B-18-DP-48-0001_F31 - QPR - Fin Data by Project, Activity and Quarter_02032026.xlsx",2026-02-13 02:40:49,2024-07-01,2024,3,2024-10-01,0.25,glo_financial,observed_parsed_period_amount,Original quarter_label is federal fiscal quarter. Use begin_date for calendar alignment. Negative adjustments preserved. Latest 2026 quarter may be partial.
12937,B-18-DP-48-0001,4,Harris County,HCBP_DA_LMI_19-147-002-B490_ACQ,HC Buyout & Acquisition,Acquisition - buyout of residential properties,"Harris, County",2024-10-01,2025 Q1,0.0,252621.21,252621.21,0.0,0.0,"B-18-DP-48-0001_F31 - QPR - Fin Data by Project, Activity and Quarter_02032026.xlsx",2026-02-13 02:40:49,2024-10-01,2024,4,2025-01-01,0.25,glo_financial,observed_parsed_period_amount,Original quarter_label is federal fiscal quarter. Use begin_date for calendar alignment. Negative adjustments preserved. Latest 2026 quarter may be partial.
12938,B-18-DP-48-0001,4,Harris County,HCBP_DA_LMI_19-147-002-B490_ACQ,HC Buyout & Acquisition,Acquisition - buyout of residential properties,"Harris, County",2025-01-01,2025 Q2,0.0,4530140.22,4530140.22,0.0,0.0,"B-18-DP-48-0001_F31 - QPR - Fin Data by Project, Activity and Quarter_02032026.xlsx",2026-02-13 02:40:49,2025-01-01,2025,1,2025-04-01,0.25,glo_financial,observed_parsed_period_amount,Original quarter_label is federal fiscal quarter. Use begin_date for calendar alignment. Negative adjustments preserved. Latest 2026 quarter may be partial.
12939,B-18-DP-48-0001,4,Harris County,HCBP_DA_LMI_19-147-002-B490_ACQ,HC Buyout & Acquisition,Acquisition - buyout of residential properties,"Harris, County",2025-04-01,2025 Q3,18306000.0,7621609.76,7621609.76,0.0,0.0,"B-18-DP-48-0001_F31 - QPR - Fin Data by Project, Activity and Quarter_02032026.xlsx",2026-02-13 02:40:49,2025-04-01,2025,2,2025-07-01,0.25,glo_financial,observed_parsed_period_amount,Original quarter_label is federal fiscal quarter. Use begin_date for calendar alignment. Negative adjustments preserved. Latest 2026 quarter may be partial.
12940,B-18-DP-48-0001,4,Harris County,HCBP_DA_LMI_19-147-002-B490_ACQ,HC Buyout & Acquisition,Acquisition - buyout of residential properties,"Harris, County",2025-07-01,2025 Q4,0.0,4802210.38,4802210.38,0.0,0.0,"B-18-DP-48-0001_F31 - QPR - Fin Data by Project, Activity and Quarter_02032026.xlsx",2026-02-13 02:40:49,2025-07-01,2025,3,2025-10-01,0.25,glo_financial,observed_parsed_period_amount,Original quarter_label is federal fiscal quarter. Use begin_date for calendar alignment. Negative adjustments preserved. Latest 2026 quarter may be partial.
12941,B-18-DP-48-0001,4,Harris County,HCBP_DA_LMI_19-147-002-B490_ACQ,HC Buyout & Acquisition,Acquisition - buyout of residential properties,"Harris, County",2025-10-01,2026 Q1,1562781.82,4075730.46,4075730.46,0.0,0.0,"B-18-DP-48-0001_F31 - QPR - Fin Data by Project, Activity and Quarter_02032026.xlsx",2026-02-13 02:40:49,2025-10-01,2025,4,2026-01-01,0.25,glo_financial,observed_parsed_period_amount,Original quarter_label is federal fiscal quarter. Use begin_date for calendar alignment. Negative adjustments preserved. Latest 2026 quarter may be partial.
12942,B-18-DP-48-0001,4,Harris County,HCBP_DA_LMI_19-147-002-B490_ACQ,HC Buyout & Acquisition,Acquisition - buyout of residential properties,"Harris, County",2026-01-01,2026 Q2,0.0,0.0,481086.05,0.0,0.0,"B-18-DP-48-0001_F31 - QPR - Fin Data by Project, Activity and Quarter_02032026.xlsx",2026-02-13 02:40:49,2026-01-01,2026,1,2026-04-01,0.25,glo_financial,observed_parsed_period_amount,Original quarter_label is federal fiscal quarter. Use begin_date for calendar alignment. Negative adjustments preserved. Latest 2026 quarter may be partial.
12943,B-18-DP-48-0001,4,Harris County,HCBP_DA_LMI_19-147-002-B490_RA,HC Buyout & Acquisition,Relocation payments and assistance,"Harris, County",2022-04-01,2022 Q3,80000000.0,0.0,0.0,0.0,0.0,"B-18-DP-48-0001_F31 - QPR - Fin Data by Project, Activity and Quarter_02032026.xlsx",2026-02-13 02:40:49,2022-04-01,2022,2,2022-07-01,0.25,glo_financial,observed_parsed_period_amount,Original quarter_label is federal fiscal quarter. Use begin_date for calendar alignment. Negative adjustments preserved. Latest 2026 quarter may be partial.
12944,B-18-DP-48-0001,4,Harris County,HCBP_DA_LMI_19-147-002-B490_RA,HC Buyout & Acquisition,Relocation payments and assistance,"Harris, County",2023-01-01,2023 Q2,-80000000.0,0.0,0.0,0.0,0.0,"B-18-DP-48-0001_F31 - QPR - Fin Data by Project, Activity and Quarter_02032026.xlsx",2026-02-13 02:40:49,2023-01-01,2023,1,2023-04-01,0.25,glo_financial,observed_parsed_period_amount,Original quarter_label is federal fiscal quarter. Use begin_date for calendar alignment. Negative adjustments preserved. Latest 2026 quarter may be partial.
12945,B-18-DP-48-0001,4,Harris County,HCBP_DA_LMI_19-147-002-B490_RA,HC Buyout & Acquisition,Relocation payments and assistance,"Harris, County",2024-04-01,2024 Q3,70000000.0,0.0,0.0,0.0,0.0,"B-18-DP-48-0001_F31 - QPR - Fin Data by Project, Activity and Quarter_02032026.xlsx",2026-02-13 02:40:49,2024-04-01,2024,2,2024-07-01,0.25,glo_financial,observed_parsed_period_amount,Original quarter_label is federal fiscal quarter. Use begin_date for calendar alignment. Negative adjustments preserved. Latest 2026 quarter may be partial.
12946,B-18-DP-48-0001,4,Harris County,HCBP_DA_LMI_19-147-002-B490_RA,HC Buyout & Acquisition,Relocation payments and assistance,"Harris, County",2024-07-01,2024 Q4,-12423160.45,5334853.99,5334853.99,0.0,0.0,"B-18-DP-48-0001_F31 - QPR - Fin Data by Project, Activity and Quarter_02032026.xlsx",2026-02-13 02:40:49,2024-07-01,2024,3,2024-10-01,0.25,glo_financial,observed_parsed_period_amount,Original quarter_label is federal fiscal quarter. Use begin_date for calendar alignment. Negative adjustments preserved. Latest 2026 quarter may be partial.
12947,B-18-DP-48-0001,4,Harris County,HCBP_DA_LMI_19-147-002-B490_RA,HC Buyout & Acquisition,Relocation payments and assistance,"Harris, County",2024-10-01,2025 Q1,0.0,11525057.3,11525057.3,0.0,0.0,"B-18-DP-48-0001_F31 - QPR - Fin Data by Project, Activity and Quarter_02032026.xlsx",2026-02-13 02:40:49,2024-10-01,2024,4,2025-01-01,0.25,glo_financial,observed_parsed_period_amount,Original quarter_label is federal fiscal quarter. Use begin_date for calendar alignment. Negative adjustments preserved. Latest 2026 quarter may be partial.
12948,B-18-DP-48-0001,4,Harris County,HCBP_DA_LMI_19-147-002-B490_RA,HC Buyout & Acquisition,Relocation payments and assistance,"Harris, County",2025-01-01,2025 Q2,0.0,13821503.78,13821503.78,0.0,0.0,"B-18-DP-48-0001_F31 - QPR - Fin Data by Project, Activity and Quarter_02032026.xlsx",2026-02-13 02:40:49,2025-01-01,2025,1,2025-04-01,0.25,glo_financial,observed_parsed_period_amount,Original quarter_label is federal fiscal quarter. Use begin_date for calendar alignment. Negative adjustments preserved. Latest 2026 quarter may be partial.
12949,B-18-DP-48-0001,4,Harris County,HCBP_DA_LMI_19-147-002-B490_RA,HC Buyout & Acquisition,Relocation payments and assistance,"Harris, County",2025-04-01,2025 Q3,-3831000.0,6283186.31,6283186.31,0.0,0.0,"B-18-DP-48-0001_F31 - QPR - Fin Data by Project, Activity and Quarter_02032026.xlsx",2026-02-13 02:40:49,2025-04-01,2025,2,2025-07-01,0.25,glo_financial,observed_parsed_period_amount,Original quarter_label is federal fiscal quarter. Use begin_date for calendar alignment. Negative adjustments preserved. Latest 2026 quarter may be partial.
12950,B-18-DP-48-0001,4,Harris County,HCBP_DA_LMI_19-147-002-B490_RA,HC Buyout & Acquisition,Relocation payments and assistance,"Harris, County",2025-07-01,2025 Q4,0.0,4567056.35,4567056.35,0.0,0.0,"B-18-DP-48-0001_F31 - QPR - Fin Data by Project, Activity and Quarter_02032026.xlsx",2026-02-13 02:40:49,2025-07-01,2025,3,2025-10-01,0.25,glo_financial,observed_parsed_period_amount,Original quarter_label is federal fiscal quarter. Use begin_date for calendar alignment. Negative adjustments preserved. Latest 2026 quarter may be partial.
12951,B-18-DP-48-0001,4,Harris County,HCBP_DA_LMI_19-147-002-B490_RA,HC Buyout & Acquisition,Relocation payments and assistance,"Harris, County",2025-10-01,2026 Q1,169981.56,5617495.75,5617495.75,0.0,0.0,"B-18-DP-48-0001_F31 - QPR - Fin Data by Project, Activity and Quarter_02032026.xlsx",2026-02-13 02:40:49,2025-10-01,2025,4,2026-01-01,0.25,glo_financial,observed_parsed_period_amount,Original quarter_label is federal fiscal quarter. Use begin_date for calendar alignment. Negative adjustments preserved. Latest 2026 quarter may be partial.
12952,B-18-DP-48-0001,4,Harris County,HCBP_DA_LMI_19-147-002-B490_RA,HC Buyout & Acquisition,Relocation payments and assistance,"Harris, County",2026-01-01,2026 Q2,0.0,0.0,-1134.7,0.0,0.0,"B-18-DP-48-0001_F31 - QPR - Fin Data by Project, Activity and Quarter_02032026.xlsx",2026-02-13 02:40:49,2026-01-01,2026,1,2026-04-01,0.25,glo_financial,observed_parsed_period_amount,Original quarter_label is federal fiscal quarter. Use begin_date for calendar alignment. Negative adjustments preserved. Latest 2026 quarter may be partial.
12953,B-18-DP-48-0001,4,Harris County,HCBP_DA_UN_19-147-002-B490_HI,HC Buyout & Acquisition,Housing incentives to encourage resettlement,"Harris, County",2024-07-01,2024 Q4,685308.0,12888.0,12888.0,0.0,0.0,"B-18-DP-48-0001_F31 - QPR - Fin Data by Project, Activity and Quarter_02032026.xlsx",2026-02-13 02:40:49,2024-07-01,2024,3,2024-10-01,0.25,glo_financial,observed_parsed_period_amount,Original quarter_label is federal fiscal quarter. Use begin_date for calendar alignment. Negative adjustments preserved. Latest 2026 quarter may be partial.
12954,B-18-DP-48-0001,4,Harris County,HCBP_DA_UN_19-147-002-B490_HI,HC Buyout & Acquisition,Housing incentives to encourage resettlement,"Harris, County",2024-10-01,2025 Q1,0.0,19875.0,19875.0,0.0,0.0,"B-18-DP-48-0001_F31 - QPR - Fin Data by Project, Activity and Quarter_02032026.xlsx",2026-02-13 02:40:49,2024-10-01,2024,4,2025-01-01,0.25,glo_financial,observed_parsed_period_amount,Original quarter_label is federal fiscal quarter. Use begin_date for calendar alignment. Negative adjustments preserved. Latest 2026 quarter may be partial.
12955,B-18-DP-48-0001,4,Harris County,HCBP_DA_UN_19-147-002-B490_HI,HC Buyout & Acquisition,Housing incentives to encourage resettlement,"Harris, County",2025-01-01,2025 Q2,0.0,6678.3,6678.3,0.0,0.0,"B-18-DP-48-0001_F31 - QPR - Fin Data by Project, Activity and Quarter_02032026.xlsx",2026-02-13 02:40:49,2025-01-01,2025,1,2025-04-01,0.25,glo_financial,observed_parsed_period_amount,Original quarter_label is federal fiscal quarter. Use begin_date for calendar alignment. Negative adjustments preserved. Latest 2026 quarter may be partial.
12956,B-18-DP-48-0001,4,Harris County,HCBP_DA_UN_19-147-002-B490_HI,HC Buyout & Acquisition,Housing incentives to encourage resettlement,"Harris, County",2025-04-01,2025 Q3,-400000.0,33306.0,33306.0,0.0,0.0,"B-18-DP-48-0001_F31 - QPR - Fin Data by Project, Activity and Quarter_02032026.xlsx",2026-02-13 02:40:49,2025-04-01,2025,2,2025-07-01,0.25,glo_financial,observed_parsed_period_amount,Original quarter_label is federal fiscal quarter. Use begin_date for calendar alignment. Negative adjustments preserved. Latest 2026 quarter may be partial.
12957,B-18-DP-48-0001,4,Harris County,HCBP_DA_UN_19-147-002-B490_HI,HC Buyout & Acquisition,Housing incentives to encourage resettlement,"Harris, County",2025-07-01,2025 Q4,0.0,51523.0,51523.0,0.0,0.0,"B-18-DP-48-0001_F31 - QPR - Fin Data by Project, Activity and Quarter_02032026.xlsx",2026-02-13 02:40:49,2025-07-01,2025,3,2025-10-01,0.25,glo_financial,observed_parsed_period_amount,Original quarter_label is federal fiscal quarter. Use begin_date for calendar alignment. Negative adjustments preserved. Latest 2026 quarter may be partial.
12958,B-18-DP-48-0001,4,Harris County,HCBP_DA_UN_19-147-002-B490_HI,HC Buyout & Acquisition,Housing incentives to encourage resettlement,"Harris, County",2025-10-01,2026 Q1,743984.22,40832.98,40832.98,0.0,0.0,"B-18-DP-48-0001_F31 - QPR - Fin Data by Project, Activity and Quarter_02032026.xlsx",2026-02-13 02:40:49,2025-10-01,2025,4,2026-01-01,0.25,glo_financial,observed_parsed_period_amount,Original quarter_label is federal fiscal quarter. Use begin_date for calendar alignment. Negative adjustments preserved. Latest 2026 quarter may be partial.
