event_id,start_date,end_date,report_count,reported_property_damage_usd,any_damage_missing,year,unit,source_id,scope_note,geography,hazard_type,evidence_status
40294,2010-05-14,2010-05-15,1,5000.0,False,2010,reported flood episode,noaa_storm_2010 through noaa_storm_2024,County-coded flood/flash-flood/coastal-flood reports; one episode can include multiple hazards. Zone-coded events excluded. Damage may overlap; not total losses.,48201,NOAA reported flooding episode,derived_reported_occurrence
40969,2010-07-02,2010-07-02,1,1750000.0,False,2010,reported flood episode,noaa_storm_2010 through noaa_storm_2024,County-coded flood/flash-flood/coastal-flood reports; one episode can include multiple hazards. Zone-coded events excluded. Damage may overlap; not total losses.,48201,NOAA reported flooding episode,derived_reported_occurrence
60615,2012-01-09,2012-01-09,1,20000.0,False,2012,reported flood episode,noaa_storm_2010 through noaa_storm_2024,County-coded flood/flash-flood/coastal-flood reports; one episode can include multiple hazards. Zone-coded events excluded. Damage may overlap; not total losses.,48201,NOAA reported flooding episode,derived_reported_occurrence
60624,2012-01-25,2012-01-25,1,25000.0,False,2012,reported flood episode,noaa_storm_2010 through noaa_storm_2024,County-coded flood/flash-flood/coastal-flood reports; one episode can include multiple hazards. Zone-coded events excluded. Damage may overlap; not total losses.,48201,NOAA reported flooding episode,derived_reported_occurrence
64538,2012-05-12,2012-05-12,1,40000.0,False,2012,reported flood episode,noaa_storm_2010 through noaa_storm_2024,County-coded flood/flash-flood/coastal-flood reports; one episode can include multiple hazards. Zone-coded events excluded. Damage may overlap; not total losses.,48201,NOAA reported flooding episode,derived_reported_occurrence
66926,2012-07-12,2012-07-15,6,5012000.0,False,2012,reported flood episode,noaa_storm_2010 through noaa_storm_2024,County-coded flood/flash-flood/coastal-flood reports; one episode can include multiple hazards. Zone-coded events excluded. Damage may overlap; not total losses.,48201,NOAA reported flooding episode,derived_reported_occurrence
72517,2013-04-27,2013-04-27,1,3000000.0,False,2013,reported flood episode,noaa_storm_2010 through noaa_storm_2024,County-coded flood/flash-flood/coastal-flood reports; one episode can include multiple hazards. Zone-coded events excluded. Damage may overlap; not total losses.,48201,NOAA reported flooding episode,derived_reported_occurrence
74241,2013-05-10,2013-05-10,1,750000.0,False,2013,reported flood episode,noaa_storm_2010 through noaa_storm_2024,County-coded flood/flash-flood/coastal-flood reports; one episode can include multiple hazards. Zone-coded events excluded. Damage may overlap; not total losses.,48201,NOAA reported flooding episode,derived_reported_occurrence
79745,2013-09-20,2013-09-20,1,75000.0,False,2013,reported flood episode,noaa_storm_2010 through noaa_storm_2024,County-coded flood/flash-flood/coastal-flood reports; one episode can include multiple hazards. Zone-coded events excluded. Damage may overlap; not total losses.,48201,NOAA reported flooding episode,derived_reported_occurrence
80224,2013-10-31,2013-10-31,1,0.0,False,2013,reported flood episode,noaa_storm_2010 through noaa_storm_2024,County-coded flood/flash-flood/coastal-flood reports; one episode can include multiple hazards. Zone-coded events excluded. Damage may overlap; not total losses.,48201,NOAA reported flooding episode,derived_reported_occurrence
85771,2014-05-26,2014-05-27,2,0.0,False,2014,reported flood episode,noaa_storm_2010 through noaa_storm_2024,County-coded flood/flash-flood/coastal-flood reports; one episode can include multiple hazards. Zone-coded events excluded. Damage may overlap; not total losses.,48201,NOAA reported flooding episode,derived_reported_occurrence
86411,2014-05-28,2014-05-28,2,0.0,False,2014,reported flood episode,noaa_storm_2010 through noaa_storm_2024,County-coded flood/flash-flood/coastal-flood reports; one episode can include multiple hazards. Zone-coded events excluded. Damage may overlap; not total losses.,48201,NOAA reported flooding episode,derived_reported_occurrence
88390,2014-07-03,2014-07-03,1,5000.0,False,2014,reported flood episode,noaa_storm_2010 through noaa_storm_2024,County-coded flood/flash-flood/coastal-flood reports; one episode can include multiple hazards. Zone-coded events excluded. Damage may overlap; not total losses.,48201,NOAA reported flooding episode,derived_reported_occurrence
89798,2014-08-01,2014-08-01,1,100000.0,False,2014,reported flood episode,noaa_storm_2010 through noaa_storm_2024,County-coded flood/flash-flood/coastal-flood reports; one episode can include multiple hazards. Zone-coded events excluded. Damage may overlap; not total losses.,48201,NOAA reported flooding episode,derived_reported_occurrence
90508,2014-09-18,2014-09-18,1,25000.0,False,2014,reported flood episode,noaa_storm_2010 through noaa_storm_2024,County-coded flood/flash-flood/coastal-flood reports; one episode can include multiple hazards. Zone-coded events excluded. Damage may overlap; not total losses.,48201,NOAA reported flooding episode,derived_reported_occurrence
90512,2014-09-19,2014-09-19,1,1000.0,False,2014,reported flood episode,noaa_storm_2010 through noaa_storm_2024,County-coded flood/flash-flood/coastal-flood reports; one episode can include multiple hazards. Zone-coded events excluded. Damage may overlap; not total losses.,48201,NOAA reported flooding episode,derived_reported_occurrence
90648,2014-09-16,2014-09-16,1,0.0,False,2014,reported flood episode,noaa_storm_2010 through noaa_storm_2024,County-coded flood/flash-flood/coastal-flood reports; one episode can include multiple hazards. Zone-coded events excluded. Damage may overlap; not total losses.,48201,NOAA reported flooding episode,derived_reported_occurrence
93370,2015-04-16,2015-04-17,1,6000.0,False,2015,reported flood episode,noaa_storm_2010 through noaa_storm_2024,County-coded flood/flash-flood/coastal-flood reports; one episode can include multiple hazards. Zone-coded events excluded. Damage may overlap; not total losses.,48201,NOAA reported flooding episode,derived_reported_occurrence
93486,2015-04-17,2015-04-17,1,300000.0,False,2015,reported flood episode,noaa_storm_2010 through noaa_storm_2024,County-coded flood/flash-flood/coastal-flood reports; one episode can include multiple hazards. Zone-coded events excluded. Damage may overlap; not total losses.,48201,NOAA reported flooding episode,derived_reported_occurrence
95626,2015-06-27,2015-06-28,1,0.0,False,2015,reported flood episode,noaa_storm_2010 through noaa_storm_2024,County-coded flood/flash-flood/coastal-flood reports; one episode can include multiple hazards. Zone-coded events excluded. Damage may overlap; not total losses.,48201,NOAA reported flooding episode,derived_reported_occurrence
96224,2015-05-12,2015-05-13,1,800000.0,False,2015,reported flood episode,noaa_storm_2010 through noaa_storm_2024,County-coded flood/flash-flood/coastal-flood reports; one episode can include multiple hazards. Zone-coded events excluded. Damage may overlap; not total losses.,48201,NOAA reported flooding episode,derived_reported_occurrence
96313,2015-05-25,2015-05-26,1,25000000.0,False,2015,reported flood episode,noaa_storm_2010 through noaa_storm_2024,County-coded flood/flash-flood/coastal-flood reports; one episode can include multiple hazards. Zone-coded events excluded. Damage may overlap; not total losses.,48201,NOAA reported flooding episode,derived_reported_occurrence
96355,2015-05-30,2015-05-30,1,100000.0,False,2015,reported flood episode,noaa_storm_2010 through noaa_storm_2024,County-coded flood/flash-flood/coastal-flood reports; one episode can include multiple hazards. Zone-coded events excluded. Damage may overlap; not total losses.,48201,NOAA reported flooding episode,derived_reported_occurrence
97593,2015-08-11,2015-08-11,1,0.0,False,2015,reported flood episode,noaa_storm_2010 through noaa_storm_2024,County-coded flood/flash-flood/coastal-flood reports; one episode can include multiple hazards. Zone-coded events excluded. Damage may overlap; not total losses.,48201,NOAA reported flooding episode,derived_reported_occurrence
98067,2015-06-30,2015-06-30,1,50000.0,False,2015,reported flood episode,noaa_storm_2010 through noaa_storm_2024,County-coded flood/flash-flood/coastal-flood reports; one episode can include multiple hazards. Zone-coded events excluded. Damage may overlap; not total losses.,48201,NOAA reported flooding episode,derived_reported_occurrence
101034,2015-10-31,2015-10-31,1,1000000.0,False,2015,reported flood episode,noaa_storm_2010 through noaa_storm_2024,County-coded flood/flash-flood/coastal-flood reports; one episode can include multiple hazards. Zone-coded events excluded. Damage may overlap; not total losses.,48201,NOAA reported flooding episode,derived_reported_occurrence
101036,2015-10-24,2015-10-25,1,0.0,False,2015,reported flood episode,noaa_storm_2010 through noaa_storm_2024,County-coded flood/flash-flood/coastal-flood reports; one episode can include multiple hazards. Zone-coded events excluded. Damage may overlap; not total losses.,48201,NOAA reported flooding episode,derived_reported_occurrence
102939,2016-03-18,2016-03-18,1,0.0,False,2016,reported flood episode,noaa_storm_2010 through noaa_storm_2024,County-coded flood/flash-flood/coastal-flood reports; one episode can include multiple hazards. Zone-coded events excluded. Damage may overlap; not total losses.,48201,NOAA reported flooding episode,derived_reported_occurrence
103788,2016-04-17,2016-04-18,1,35000000.0,False,2016,reported flood episode,noaa_storm_2010 through noaa_storm_2024,County-coded flood/flash-flood/coastal-flood reports; one episode can include multiple hazards. Zone-coded events excluded. Damage may overlap; not total losses.,48201,NOAA reported flooding episode,derived_reported_occurrence
104923,2016-05-14,2016-05-14,1,50000.0,False,2016,reported flood episode,noaa_storm_2010 through noaa_storm_2024,County-coded flood/flash-flood/coastal-flood reports; one episode can include multiple hazards. Zone-coded events excluded. Damage may overlap; not total losses.,48201,NOAA reported flooding episode,derived_reported_occurrence
105924,2016-05-21,2016-05-21,1,0.0,False,2016,reported flood episode,noaa_storm_2010 through noaa_storm_2024,County-coded flood/flash-flood/coastal-flood reports; one episode can include multiple hazards. Zone-coded events excluded. Damage may overlap; not total losses.,48201,NOAA reported flooding episode,derived_reported_occurrence
107620,2016-06-01,2016-06-01,1,5000.0,False,2016,reported flood episode,noaa_storm_2010 through noaa_storm_2024,County-coded flood/flash-flood/coastal-flood reports; one episode can include multiple hazards. Zone-coded events excluded. Damage may overlap; not total losses.,48201,NOAA reported flooding episode,derived_reported_occurrence
107621,2016-06-02,2016-06-02,2,15000.0,False,2016,reported flood episode,noaa_storm_2010 through noaa_storm_2024,County-coded flood/flash-flood/coastal-flood reports; one episode can include multiple hazards. Zone-coded events excluded. Damage may overlap; not total losses.,48201,NOAA reported flooding episode,derived_reported_occurrence
107628,2016-06-04,2016-06-04,1,10000.0,False,2016,reported flood episode,noaa_storm_2010 through noaa_storm_2024,County-coded flood/flash-flood/coastal-flood reports; one episode can include multiple hazards. Zone-coded events excluded. Damage may overlap; not total losses.,48201,NOAA reported flooding episode,derived_reported_occurrence
112974,2017-01-20,2017-01-20,1,0.0,False,2017,reported flood episode,noaa_storm_2010 through noaa_storm_2024,County-coded flood/flash-flood/coastal-flood reports; one episode can include multiple hazards. Zone-coded events excluded. Damage may overlap; not total losses.,48201,NOAA reported flooding episode,derived_reported_occurrence
112990,2017-01-18,2017-01-18,1,500000.0,False,2017,reported flood episode,noaa_storm_2010 through noaa_storm_2024,County-coded flood/flash-flood/coastal-flood reports; one episode can include multiple hazards. Zone-coded events excluded. Damage may overlap; not total losses.,48201,NOAA reported flooding episode,derived_reported_occurrence
113876,2017-03-29,2017-03-29,1,0.0,False,2017,reported flood episode,noaa_storm_2010 through noaa_storm_2024,County-coded flood/flash-flood/coastal-flood reports; one episode can include multiple hazards. Zone-coded events excluded. Damage may overlap; not total losses.,48201,NOAA reported flooding episode,derived_reported_occurrence
118261,2017-06-24,2017-06-24,1,1000.0,False,2017,reported flood episode,noaa_storm_2010 through noaa_storm_2024,County-coded flood/flash-flood/coastal-flood reports; one episode can include multiple hazards. Zone-coded events excluded. Damage may overlap; not total losses.,48201,NOAA reported flooding episode,derived_reported_occurrence
118262,2017-06-25,2017-06-25,1,2000.0,False,2017,reported flood episode,noaa_storm_2010 through noaa_storm_2024,County-coded flood/flash-flood/coastal-flood reports; one episode can include multiple hazards. Zone-coded events excluded. Damage may overlap; not total losses.,48201,NOAA reported flooding episode,derived_reported_occurrence
118265,2017-06-04,2017-06-04,1,3000.0,False,2017,reported flood episode,noaa_storm_2010 through noaa_storm_2024,County-coded flood/flash-flood/coastal-flood reports; one episode can include multiple hazards. Zone-coded events excluded. Damage may overlap; not total losses.,48201,NOAA reported flooding episode,derived_reported_occurrence
118647,2017-07-09,2017-07-09,1,0.0,False,2017,reported flood episode,noaa_storm_2010 through noaa_storm_2024,County-coded flood/flash-flood/coastal-flood reports; one episode can include multiple hazards. Zone-coded events excluded. Damage may overlap; not total losses.,48201,NOAA reported flooding episode,derived_reported_occurrence
118961,2017-09-18,2017-09-18,1,0.0,False,2017,reported flood episode,noaa_storm_2010 through noaa_storm_2024,County-coded flood/flash-flood/coastal-flood reports; one episode can include multiple hazards. Zone-coded events excluded. Damage may overlap; not total losses.,48201,NOAA reported flooding episode,derived_reported_occurrence
119753,2017-08-26,2017-08-31,14,10000000000.0,False,2017,reported flood episode,noaa_storm_2010 through noaa_storm_2024,County-coded flood/flash-flood/coastal-flood reports; one episode can include multiple hazards. Zone-coded events excluded. Damage may overlap; not total losses.,48201,NOAA reported flooding episode,derived_reported_occurrence
120820,2017-09-21,2017-09-21,1,5000.0,False,2017,reported flood episode,noaa_storm_2010 through noaa_storm_2024,County-coded flood/flash-flood/coastal-flood reports; one episode can include multiple hazards. Zone-coded events excluded. Damage may overlap; not total losses.,48201,NOAA reported flooding episode,derived_reported_occurrence
126381,2018-07-03,2018-07-03,1,0.0,False,2018,reported flood episode,noaa_storm_2010 through noaa_storm_2024,County-coded flood/flash-flood/coastal-flood reports; one episode can include multiple hazards. Zone-coded events excluded. Damage may overlap; not total losses.,48201,NOAA reported flooding episode,derived_reported_occurrence
126440,2018-07-04,2018-07-04,1,0.0,False,2018,reported flood episode,noaa_storm_2010 through noaa_storm_2024,County-coded flood/flash-flood/coastal-flood reports; one episode can include multiple hazards. Zone-coded events excluded. Damage may overlap; not total losses.,48201,NOAA reported flooding episode,derived_reported_occurrence
133054,2018-12-07,2018-12-08,2,0.0,False,2018,reported flood episode,noaa_storm_2010 through noaa_storm_2024,County-coded flood/flash-flood/coastal-flood reports; one episode can include multiple hazards. Zone-coded events excluded. Damage may overlap; not total losses.,48201,NOAA reported flooding episode,derived_reported_occurrence
133503,2019-02-26,2019-02-26,1,0.0,False,2019,reported flood episode,noaa_storm_2010 through noaa_storm_2024,County-coded flood/flash-flood/coastal-flood reports; one episode can include multiple hazards. Zone-coded events excluded. Damage may overlap; not total losses.,48201,NOAA reported flooding episode,derived_reported_occurrence
137256,2019-05-09,2019-05-10,5,20000.0,False,2019,reported flood episode,noaa_storm_2010 through noaa_storm_2024,County-coded flood/flash-flood/coastal-flood reports; one episode can include multiple hazards. Zone-coded events excluded. Damage may overlap; not total losses.,48201,NOAA reported flooding episode,derived_reported_occurrence
137328,2019-05-07,2019-05-07,3,50000.0,False,2019,reported flood episode,noaa_storm_2010 through noaa_storm_2024,County-coded flood/flash-flood/coastal-flood reports; one episode can include multiple hazards. Zone-coded events excluded. Damage may overlap; not total losses.,48201,NOAA reported flooding episode,derived_reported_occurrence
141836,2019-09-18,2019-09-19,14,200005000.0,False,2019,reported flood episode,noaa_storm_2010 through noaa_storm_2024,County-coded flood/flash-flood/coastal-flood reports; one episode can include multiple hazards. Zone-coded events excluded. Damage may overlap; not total losses.,48201,NOAA reported flooding episode,derived_reported_occurrence
142159,2019-08-23,2019-08-23,1,0.0,False,2019,reported flood episode,noaa_storm_2010 through noaa_storm_2024,County-coded flood/flash-flood/coastal-flood reports; one episode can include multiple hazards. Zone-coded events excluded. Damage may overlap; not total losses.,48201,NOAA reported flooding episode,derived_reported_occurrence
147394,2020-05-15,2020-05-15,1,100000.0,False,2020,reported flood episode,noaa_storm_2010 through noaa_storm_2024,County-coded flood/flash-flood/coastal-flood reports; one episode can include multiple hazards. Zone-coded events excluded. Damage may overlap; not total losses.,48201,NOAA reported flooding episode,derived_reported_occurrence
148768,2020-06-25,2020-06-25,1,10100.0,False,2020,reported flood episode,noaa_storm_2010 through noaa_storm_2024,County-coded flood/flash-flood/coastal-flood reports; one episode can include multiple hazards. Zone-coded events excluded. Damage may overlap; not total losses.,48201,NOAA reported flooding episode,derived_reported_occurrence
152770,2020-09-21,2020-09-22,7,950000.0,False,2020,reported flood episode,noaa_storm_2010 through noaa_storm_2024,County-coded flood/flash-flood/coastal-flood reports; one episode can include multiple hazards. Zone-coded events excluded. Damage may overlap; not total losses.,48201,NOAA reported flooding episode,derived_reported_occurrence
158655,2021-05-18,2021-05-18,1,3000.0,False,2021,reported flood episode,noaa_storm_2010 through noaa_storm_2024,County-coded flood/flash-flood/coastal-flood reports; one episode can include multiple hazards. Zone-coded events excluded. Damage may overlap; not total losses.,48201,NOAA reported flooding episode,derived_reported_occurrence
158812,2021-05-24,2021-05-24,1,0.0,False,2021,reported flood episode,noaa_storm_2010 through noaa_storm_2024,County-coded flood/flash-flood/coastal-flood reports; one episode can include multiple hazards. Zone-coded events excluded. Damage may overlap; not total losses.,48201,NOAA reported flooding episode,derived_reported_occurrence
159253,2021-06-21,2021-06-21,1,5000.0,False,2021,reported flood episode,noaa_storm_2010 through noaa_storm_2024,County-coded flood/flash-flood/coastal-flood reports; one episode can include multiple hazards. Zone-coded events excluded. Damage may overlap; not total losses.,48201,NOAA reported flooding episode,derived_reported_occurrence
159889,2021-08-16,2021-08-16,1,0.0,False,2021,reported flood episode,noaa_storm_2010 through noaa_storm_2024,County-coded flood/flash-flood/coastal-flood reports; one episode can include multiple hazards. Zone-coded events excluded. Damage may overlap; not total losses.,48201,NOAA reported flooding episode,derived_reported_occurrence
159932,2021-07-21,2021-07-21,1,25000.0,False,2021,reported flood episode,noaa_storm_2010 through noaa_storm_2024,County-coded flood/flash-flood/coastal-flood reports; one episode can include multiple hazards. Zone-coded events excluded. Damage may overlap; not total losses.,48201,NOAA reported flooding episode,derived_reported_occurrence
163878,2021-10-01,2021-10-01,2,0.0,False,2021,reported flood episode,noaa_storm_2010 through noaa_storm_2024,County-coded flood/flash-flood/coastal-flood reports; one episode can include multiple hazards. Zone-coded events excluded. Damage may overlap; not total losses.,48201,NOAA reported flooding episode,derived_reported_occurrence
165617,2022-01-09,2022-01-09,5,240000.0,False,2022,reported flood episode,noaa_storm_2010 through noaa_storm_2024,County-coded flood/flash-flood/coastal-flood reports; one episode can include multiple hazards. Zone-coded events excluded. Damage may overlap; not total losses.,48201,NOAA reported flooding episode,derived_reported_occurrence
178523,2023-05-08,2023-05-08,1,0.0,False,2023,reported flood episode,noaa_storm_2010 through noaa_storm_2024,County-coded flood/flash-flood/coastal-flood reports; one episode can include multiple hazards. Zone-coded events excluded. Damage may overlap; not total losses.,48201,NOAA reported flooding episode,derived_reported_occurrence
179273,2023-05-16,2023-05-16,1,0.0,False,2023,reported flood episode,noaa_storm_2010 through noaa_storm_2024,County-coded flood/flash-flood/coastal-flood reports; one episode can include multiple hazards. Zone-coded events excluded. Damage may overlap; not total losses.,48201,NOAA reported flooding episode,derived_reported_occurrence
179536,2023-06-08,2023-06-08,1,0.0,False,2023,reported flood episode,noaa_storm_2010 through noaa_storm_2024,County-coded flood/flash-flood/coastal-flood reports; one episode can include multiple hazards. Zone-coded events excluded. Damage may overlap; not total losses.,48201,NOAA reported flooding episode,derived_reported_occurrence
181000,2023-05-09,2023-05-09,2,0.0,False,2023,reported flood episode,noaa_storm_2010 through noaa_storm_2024,County-coded flood/flash-flood/coastal-flood reports; one episode can include multiple hazards. Zone-coded events excluded. Damage may overlap; not total losses.,48201,NOAA reported flooding episode,derived_reported_occurrence
181001,2023-05-14,2023-05-14,2,0.0,False,2023,reported flood episode,noaa_storm_2010 through noaa_storm_2024,County-coded flood/flash-flood/coastal-flood reports; one episode can include multiple hazards. Zone-coded events excluded. Damage may overlap; not total losses.,48201,NOAA reported flooding episode,derived_reported_occurrence
181002,2023-05-15,2023-05-15,1,0.0,False,2023,reported flood episode,noaa_storm_2010 through noaa_storm_2024,County-coded flood/flash-flood/coastal-flood reports; one episode can include multiple hazards. Zone-coded events excluded. Damage may overlap; not total losses.,48201,NOAA reported flooding episode,derived_reported_occurrence
183686,2023-09-15,2023-09-15,1,2000.0,False,2023,reported flood episode,noaa_storm_2010 through noaa_storm_2024,County-coded flood/flash-flood/coastal-flood reports; one episode can include multiple hazards. Zone-coded events excluded. Damage may overlap; not total losses.,48201,NOAA reported flooding episode,derived_reported_occurrence
187243,2024-01-24,2024-01-24,2,0.0,False,2024,reported flood episode,noaa_storm_2010 through noaa_storm_2024,County-coded flood/flash-flood/coastal-flood reports; one episode can include multiple hazards. Zone-coded events excluded. Damage may overlap; not total losses.,48201,NOAA reported flooding episode,derived_reported_occurrence
189495,2024-04-29,2024-04-29,2,0.0,False,2024,reported flood episode,noaa_storm_2010 through noaa_storm_2024,County-coded flood/flash-flood/coastal-flood reports; one episode can include multiple hazards. Zone-coded events excluded. Damage may overlap; not total losses.,48201,NOAA reported flooding episode,derived_reported_occurrence
189636,2024-05-02,2024-05-02,2,0.0,False,2024,reported flood episode,noaa_storm_2010 through noaa_storm_2024,County-coded flood/flash-flood/coastal-flood reports; one episode can include multiple hazards. Zone-coded events excluded. Damage may overlap; not total losses.,48201,NOAA reported flooding episode,derived_reported_occurrence
