lookup_name,input_value,output_value,input_unit,output_unit,interpolation,below_range,above_range,source,evidence_status
Compensation_Attractiveness_Lookup,0.8,0.1,compensation/market_value,dimensionless,linear,clamp_to_first_point,clamp_to_last_point,ali_model_guide,assumed
Compensation_Attractiveness_Lookup,0.9,0.3,compensation/market_value,dimensionless,linear,clamp_to_first_point,clamp_to_last_point,ali_model_guide,assumed
Compensation_Attractiveness_Lookup,1.0,0.5,compensation/market_value,dimensionless,linear,clamp_to_first_point,clamp_to_last_point,ali_model_guide,assumed
Compensation_Attractiveness_Lookup,1.1,0.65,compensation/market_value,dimensionless,linear,clamp_to_first_point,clamp_to_last_point,ali_model_guide,assumed
Compensation_Attractiveness_Lookup,1.2,0.8,compensation/market_value,dimensionless,linear,clamp_to_first_point,clamp_to_last_point,ali_model_guide,assumed
Compensation_Attractiveness_Lookup,1.5,0.95,compensation/market_value,dimensionless,linear,clamp_to_first_point,clamp_to_last_point,ali_model_guide,assumed
Community_Opposition_Lookup,0.0,0.0,perceived_inequity,dimensionless,linear,clamp_to_first_point,clamp_to_last_point,ali_model_guide,assumed
Community_Opposition_Lookup,0.3,0.2,perceived_inequity,dimensionless,linear,clamp_to_first_point,clamp_to_last_point,ali_model_guide,assumed
Community_Opposition_Lookup,0.6,0.6,perceived_inequity,dimensionless,linear,clamp_to_first_point,clamp_to_last_point,ali_model_guide,assumed
Community_Opposition_Lookup,0.9,0.95,perceived_inequity,dimensionless,linear,clamp_to_first_point,clamp_to_last_point,ali_model_guide,assumed
