id,grant_number,activity_number,activity_title,activity_type,responsible_org,measure_type,quarter_label,actual_value,source_file,created_at,source_id,note
24001,P-17-TX-48-HIM1,HCBP_DA_LMHI_19-147-002-B490_HI,HC Buyout & Acquisition,Housing incentives to encourage resettlement,"Harris, County",# of Households,2020 Q2,0.0,P-17-TX-48-HIM1_P31 - QPR - Actual Accomplishments by Quarter_02032026.xlsx,2026-02-13 02:40:49,glo_accomplishments,Housing incentive activity accomplishments; not a countywide completed-buyout count. Program grant codes differ from financial grant codes.
24002,P-17-TX-48-HIM1,HCBP_DA_LMHI_19-147-002-B490_HI,HC Buyout & Acquisition,Housing incentives to encourage resettlement,"Harris, County",# of Households,2020 Q3,0.0,P-17-TX-48-HIM1_P31 - QPR - Actual Accomplishments by Quarter_02032026.xlsx,2026-02-13 02:40:49,glo_accomplishments,Housing incentive activity accomplishments; not a countywide completed-buyout count. Program grant codes differ from financial grant codes.
24003,P-17-TX-48-HIM1,HCBP_DA_LMHI_19-147-002-B490_HI,HC Buyout & Acquisition,Housing incentives to encourage resettlement,"Harris, County",# of Households,2020 Q4,0.0,P-17-TX-48-HIM1_P31 - QPR - Actual Accomplishments by Quarter_02032026.xlsx,2026-02-13 02:40:49,glo_accomplishments,Housing incentive activity accomplishments; not a countywide completed-buyout count. Program grant codes differ from financial grant codes.
24004,P-17-TX-48-HIM1,HCBP_DA_LMHI_19-147-002-B490_HI,HC Buyout & Acquisition,Housing incentives to encourage resettlement,"Harris, County",# of Households,2021 Q1,0.0,P-17-TX-48-HIM1_P31 - QPR - Actual Accomplishments by Quarter_02032026.xlsx,2026-02-13 02:40:49,glo_accomplishments,Housing incentive activity accomplishments; not a countywide completed-buyout count. Program grant codes differ from financial grant codes.
24005,P-17-TX-48-HIM1,HCBP_DA_LMHI_19-147-002-B490_HI,HC Buyout & Acquisition,Housing incentives to encourage resettlement,"Harris, County",# of Households,2021 Q2,0.0,P-17-TX-48-HIM1_P31 - QPR - Actual Accomplishments by Quarter_02032026.xlsx,2026-02-13 02:40:49,glo_accomplishments,Housing incentive activity accomplishments; not a countywide completed-buyout count. Program grant codes differ from financial grant codes.
24006,P-17-TX-48-HIM1,HCBP_DA_LMHI_19-147-002-B490_HI,HC Buyout & Acquisition,Housing incentives to encourage resettlement,"Harris, County",# of Households,2021 Q3,0.0,P-17-TX-48-HIM1_P31 - QPR - Actual Accomplishments by Quarter_02032026.xlsx,2026-02-13 02:40:49,glo_accomplishments,Housing incentive activity accomplishments; not a countywide completed-buyout count. Program grant codes differ from financial grant codes.
24007,P-17-TX-48-HIM1,HCBP_DA_LMHI_19-147-002-B490_HI,HC Buyout & Acquisition,Housing incentives to encourage resettlement,"Harris, County",# of Households,2021 Q4,0.0,P-17-TX-48-HIM1_P31 - QPR - Actual Accomplishments by Quarter_02032026.xlsx,2026-02-13 02:40:49,glo_accomplishments,Housing incentive activity accomplishments; not a countywide completed-buyout count. Program grant codes differ from financial grant codes.
24008,P-17-TX-48-HIM1,HCBP_DA_LMHI_19-147-002-B490_HI,HC Buyout & Acquisition,Housing incentives to encourage resettlement,"Harris, County",# of Households,2022 Q1,0.0,P-17-TX-48-HIM1_P31 - QPR - Actual Accomplishments by Quarter_02032026.xlsx,2026-02-13 02:40:49,glo_accomplishments,Housing incentive activity accomplishments; not a countywide completed-buyout count. Program grant codes differ from financial grant codes.
24009,P-17-TX-48-HIM1,HCBP_DA_LMHI_19-147-002-B490_HI,HC Buyout & Acquisition,Housing incentives to encourage resettlement,"Harris, County",# of Households,2022 Q2,0.0,P-17-TX-48-HIM1_P31 - QPR - Actual Accomplishments by Quarter_02032026.xlsx,2026-02-13 02:40:49,glo_accomplishments,Housing incentive activity accomplishments; not a countywide completed-buyout count. Program grant codes differ from financial grant codes.
24010,P-17-TX-48-HIM1,HCBP_DA_LMHI_19-147-002-B490_HI,HC Buyout & Acquisition,Housing incentives to encourage resettlement,"Harris, County",# of Households,2022 Q3,0.0,P-17-TX-48-HIM1_P31 - QPR - Actual Accomplishments by Quarter_02032026.xlsx,2026-02-13 02:40:49,glo_accomplishments,Housing incentive activity accomplishments; not a countywide completed-buyout count. Program grant codes differ from financial grant codes.
24011,P-17-TX-48-HIM1,HCBP_DA_LMHI_19-147-002-B490_HI,HC Buyout & Acquisition,Housing incentives to encourage resettlement,"Harris, County",# of Households,2022 Q4,0.0,P-17-TX-48-HIM1_P31 - QPR - Actual Accomplishments by Quarter_02032026.xlsx,2026-02-13 02:40:49,glo_accomplishments,Housing incentive activity accomplishments; not a countywide completed-buyout count. Program grant codes differ from financial grant codes.
24012,P-17-TX-48-HIM1,HCBP_DA_LMHI_19-147-002-B490_HI,HC Buyout & Acquisition,Housing incentives to encourage resettlement,"Harris, County",# of Households,2023 Q1,0.0,P-17-TX-48-HIM1_P31 - QPR - Actual Accomplishments by Quarter_02032026.xlsx,2026-02-13 02:40:49,glo_accomplishments,Housing incentive activity accomplishments; not a countywide completed-buyout count. Program grant codes differ from financial grant codes.
24013,P-17-TX-48-HIM1,HCBP_DA_LMHI_19-147-002-B490_HI,HC Buyout & Acquisition,Housing incentives to encourage resettlement,"Harris, County",# of Households,2023 Q2,0.0,P-17-TX-48-HIM1_P31 - QPR - Actual Accomplishments by Quarter_02032026.xlsx,2026-02-13 02:40:49,glo_accomplishments,Housing incentive activity accomplishments; not a countywide completed-buyout count. Program grant codes differ from financial grant codes.
24014,P-17-TX-48-HIM1,HCBP_DA_LMHI_19-147-002-B490_HI,HC Buyout & Acquisition,Housing incentives to encourage resettlement,"Harris, County",# of Households,2023 Q3,0.0,P-17-TX-48-HIM1_P31 - QPR - Actual Accomplishments by Quarter_02032026.xlsx,2026-02-13 02:40:49,glo_accomplishments,Housing incentive activity accomplishments; not a countywide completed-buyout count. Program grant codes differ from financial grant codes.
24015,P-17-TX-48-HIM1,HCBP_DA_LMHI_19-147-002-B490_HI,HC Buyout & Acquisition,Housing incentives to encourage resettlement,"Harris, County",# of Households,2023 Q4,0.0,P-17-TX-48-HIM1_P31 - QPR - Actual Accomplishments by Quarter_02032026.xlsx,2026-02-13 02:40:49,glo_accomplishments,Housing incentive activity accomplishments; not a countywide completed-buyout count. Program grant codes differ from financial grant codes.
24016,P-17-TX-48-HIM1,HCBP_DA_LMHI_19-147-002-B490_HI,HC Buyout & Acquisition,Housing incentives to encourage resettlement,"Harris, County",# of Households,2024 Q1,2.0,P-17-TX-48-HIM1_P31 - QPR - Actual Accomplishments by Quarter_02032026.xlsx,2026-02-13 02:40:49,glo_accomplishments,Housing incentive activity accomplishments; not a countywide completed-buyout count. Program grant codes differ from financial grant codes.
24017,P-17-TX-48-HIM1,HCBP_DA_LMHI_19-147-002-B490_HI,HC Buyout & Acquisition,Housing incentives to encourage resettlement,"Harris, County",# of Households,2024 Q2,0.0,P-17-TX-48-HIM1_P31 - QPR - Actual Accomplishments by Quarter_02032026.xlsx,2026-02-13 02:40:49,glo_accomplishments,Housing incentive activity accomplishments; not a countywide completed-buyout count. Program grant codes differ from financial grant codes.
24018,P-17-TX-48-HIM1,HCBP_DA_LMHI_19-147-002-B490_HI,HC Buyout & Acquisition,Housing incentives to encourage resettlement,"Harris, County",# of Households,2024 Q3,0.0,P-17-TX-48-HIM1_P31 - QPR - Actual Accomplishments by Quarter_02032026.xlsx,2026-02-13 02:40:49,glo_accomplishments,Housing incentive activity accomplishments; not a countywide completed-buyout count. Program grant codes differ from financial grant codes.
24019,P-17-TX-48-HIM1,HCBP_DA_LMHI_19-147-002-B490_HI,HC Buyout & Acquisition,Housing incentives to encourage resettlement,"Harris, County",# of Households,2024 Q4,0.0,P-17-TX-48-HIM1_P31 - QPR - Actual Accomplishments by Quarter_02032026.xlsx,2026-02-13 02:40:49,glo_accomplishments,Housing incentive activity accomplishments; not a countywide completed-buyout count. Program grant codes differ from financial grant codes.
24020,P-17-TX-48-HIM1,HCBP_DA_LMHI_19-147-002-B490_HI,HC Buyout & Acquisition,Housing incentives to encourage resettlement,"Harris, County",# of Households,2025 Q1,0.0,P-17-TX-48-HIM1_P31 - QPR - Actual Accomplishments by Quarter_02032026.xlsx,2026-02-13 02:40:49,glo_accomplishments,Housing incentive activity accomplishments; not a countywide completed-buyout count. Program grant codes differ from financial grant codes.
24021,P-17-TX-48-HIM1,HCBP_DA_LMHI_19-147-002-B490_HI,HC Buyout & Acquisition,Housing incentives to encourage resettlement,"Harris, County",# of Households,2025 Q2,0.0,P-17-TX-48-HIM1_P31 - QPR - Actual Accomplishments by Quarter_02032026.xlsx,2026-02-13 02:40:49,glo_accomplishments,Housing incentive activity accomplishments; not a countywide completed-buyout count. Program grant codes differ from financial grant codes.
24022,P-17-TX-48-HIM1,HCBP_DA_LMHI_19-147-002-B490_HI,HC Buyout & Acquisition,Housing incentives to encourage resettlement,"Harris, County",# of Households,2025 Q3,0.0,P-17-TX-48-HIM1_P31 - QPR - Actual Accomplishments by Quarter_02032026.xlsx,2026-02-13 02:40:49,glo_accomplishments,Housing incentive activity accomplishments; not a countywide completed-buyout count. Program grant codes differ from financial grant codes.
24023,P-17-TX-48-HIM1,HCBP_DA_LMHI_19-147-002-B490_HI,HC Buyout & Acquisition,Housing incentives to encourage resettlement,"Harris, County",# of Households,2025 Q4,21.0,P-17-TX-48-HIM1_P31 - QPR - Actual Accomplishments by Quarter_02032026.xlsx,2026-02-13 02:40:49,glo_accomplishments,Housing incentive activity accomplishments; not a countywide completed-buyout count. Program grant codes differ from financial grant codes.
24024,P-17-TX-48-HIM1,HCBP_DA_LMHI_19-147-002-B490_HI,HC Buyout & Acquisition,Housing incentives to encourage resettlement,"Harris, County",# of Households,2026 Q1,0.0,P-17-TX-48-HIM1_P31 - QPR - Actual Accomplishments by Quarter_02032026.xlsx,2026-02-13 02:40:49,glo_accomplishments,Housing incentive activity accomplishments; not a countywide completed-buyout count. Program grant codes differ from financial grant codes.
26185,P-17-TX-48-HIM1,HCBP_DA_LMHI_19-147-002-B490_HI,HC Buyout & Acquisition,Housing incentives to encourage resettlement,"Harris, County",# of Housing Units,2020 Q2,0.0,P-17-TX-48-HIM1_P31 - QPR - Actual Accomplishments by Quarter_02032026.xlsx,2026-02-13 02:40:49,glo_accomplishments,Housing incentive activity accomplishments; not a countywide completed-buyout count. Program grant codes differ from financial grant codes.
26186,P-17-TX-48-HIM1,HCBP_DA_LMHI_19-147-002-B490_HI,HC Buyout & Acquisition,Housing incentives to encourage resettlement,"Harris, County",# of Housing Units,2020 Q3,0.0,P-17-TX-48-HIM1_P31 - QPR - Actual Accomplishments by Quarter_02032026.xlsx,2026-02-13 02:40:49,glo_accomplishments,Housing incentive activity accomplishments; not a countywide completed-buyout count. Program grant codes differ from financial grant codes.
26187,P-17-TX-48-HIM1,HCBP_DA_LMHI_19-147-002-B490_HI,HC Buyout & Acquisition,Housing incentives to encourage resettlement,"Harris, County",# of Housing Units,2020 Q4,0.0,P-17-TX-48-HIM1_P31 - QPR - Actual Accomplishments by Quarter_02032026.xlsx,2026-02-13 02:40:49,glo_accomplishments,Housing incentive activity accomplishments; not a countywide completed-buyout count. Program grant codes differ from financial grant codes.
26188,P-17-TX-48-HIM1,HCBP_DA_LMHI_19-147-002-B490_HI,HC Buyout & Acquisition,Housing incentives to encourage resettlement,"Harris, County",# of Housing Units,2021 Q1,0.0,P-17-TX-48-HIM1_P31 - QPR - Actual Accomplishments by Quarter_02032026.xlsx,2026-02-13 02:40:49,glo_accomplishments,Housing incentive activity accomplishments; not a countywide completed-buyout count. Program grant codes differ from financial grant codes.
26189,P-17-TX-48-HIM1,HCBP_DA_LMHI_19-147-002-B490_HI,HC Buyout & Acquisition,Housing incentives to encourage resettlement,"Harris, County",# of Housing Units,2021 Q2,0.0,P-17-TX-48-HIM1_P31 - QPR - Actual Accomplishments by Quarter_02032026.xlsx,2026-02-13 02:40:49,glo_accomplishments,Housing incentive activity accomplishments; not a countywide completed-buyout count. Program grant codes differ from financial grant codes.
26190,P-17-TX-48-HIM1,HCBP_DA_LMHI_19-147-002-B490_HI,HC Buyout & Acquisition,Housing incentives to encourage resettlement,"Harris, County",# of Housing Units,2021 Q3,0.0,P-17-TX-48-HIM1_P31 - QPR - Actual Accomplishments by Quarter_02032026.xlsx,2026-02-13 02:40:49,glo_accomplishments,Housing incentive activity accomplishments; not a countywide completed-buyout count. Program grant codes differ from financial grant codes.
26191,P-17-TX-48-HIM1,HCBP_DA_LMHI_19-147-002-B490_HI,HC Buyout & Acquisition,Housing incentives to encourage resettlement,"Harris, County",# of Housing Units,2021 Q4,0.0,P-17-TX-48-HIM1_P31 - QPR - Actual Accomplishments by Quarter_02032026.xlsx,2026-02-13 02:40:49,glo_accomplishments,Housing incentive activity accomplishments; not a countywide completed-buyout count. Program grant codes differ from financial grant codes.
26192,P-17-TX-48-HIM1,HCBP_DA_LMHI_19-147-002-B490_HI,HC Buyout & Acquisition,Housing incentives to encourage resettlement,"Harris, County",# of Housing Units,2022 Q1,0.0,P-17-TX-48-HIM1_P31 - QPR - Actual Accomplishments by Quarter_02032026.xlsx,2026-02-13 02:40:49,glo_accomplishments,Housing incentive activity accomplishments; not a countywide completed-buyout count. Program grant codes differ from financial grant codes.
26193,P-17-TX-48-HIM1,HCBP_DA_LMHI_19-147-002-B490_HI,HC Buyout & Acquisition,Housing incentives to encourage resettlement,"Harris, County",# of Housing Units,2022 Q2,0.0,P-17-TX-48-HIM1_P31 - QPR - Actual Accomplishments by Quarter_02032026.xlsx,2026-02-13 02:40:49,glo_accomplishments,Housing incentive activity accomplishments; not a countywide completed-buyout count. Program grant codes differ from financial grant codes.
26194,P-17-TX-48-HIM1,HCBP_DA_LMHI_19-147-002-B490_HI,HC Buyout & Acquisition,Housing incentives to encourage resettlement,"Harris, County",# of Housing Units,2022 Q3,0.0,P-17-TX-48-HIM1_P31 - QPR - Actual Accomplishments by Quarter_02032026.xlsx,2026-02-13 02:40:49,glo_accomplishments,Housing incentive activity accomplishments; not a countywide completed-buyout count. Program grant codes differ from financial grant codes.
26195,P-17-TX-48-HIM1,HCBP_DA_LMHI_19-147-002-B490_HI,HC Buyout & Acquisition,Housing incentives to encourage resettlement,"Harris, County",# of Housing Units,2022 Q4,0.0,P-17-TX-48-HIM1_P31 - QPR - Actual Accomplishments by Quarter_02032026.xlsx,2026-02-13 02:40:49,glo_accomplishments,Housing incentive activity accomplishments; not a countywide completed-buyout count. Program grant codes differ from financial grant codes.
26196,P-17-TX-48-HIM1,HCBP_DA_LMHI_19-147-002-B490_HI,HC Buyout & Acquisition,Housing incentives to encourage resettlement,"Harris, County",# of Housing Units,2023 Q1,0.0,P-17-TX-48-HIM1_P31 - QPR - Actual Accomplishments by Quarter_02032026.xlsx,2026-02-13 02:40:49,glo_accomplishments,Housing incentive activity accomplishments; not a countywide completed-buyout count. Program grant codes differ from financial grant codes.
26197,P-17-TX-48-HIM1,HCBP_DA_LMHI_19-147-002-B490_HI,HC Buyout & Acquisition,Housing incentives to encourage resettlement,"Harris, County",# of Housing Units,2023 Q2,0.0,P-17-TX-48-HIM1_P31 - QPR - Actual Accomplishments by Quarter_02032026.xlsx,2026-02-13 02:40:49,glo_accomplishments,Housing incentive activity accomplishments; not a countywide completed-buyout count. Program grant codes differ from financial grant codes.
26198,P-17-TX-48-HIM1,HCBP_DA_LMHI_19-147-002-B490_HI,HC Buyout & Acquisition,Housing incentives to encourage resettlement,"Harris, County",# of Housing Units,2023 Q3,0.0,P-17-TX-48-HIM1_P31 - QPR - Actual Accomplishments by Quarter_02032026.xlsx,2026-02-13 02:40:49,glo_accomplishments,Housing incentive activity accomplishments; not a countywide completed-buyout count. Program grant codes differ from financial grant codes.
26199,P-17-TX-48-HIM1,HCBP_DA_LMHI_19-147-002-B490_HI,HC Buyout & Acquisition,Housing incentives to encourage resettlement,"Harris, County",# of Housing Units,2023 Q4,0.0,P-17-TX-48-HIM1_P31 - QPR - Actual Accomplishments by Quarter_02032026.xlsx,2026-02-13 02:40:49,glo_accomplishments,Housing incentive activity accomplishments; not a countywide completed-buyout count. Program grant codes differ from financial grant codes.
26200,P-17-TX-48-HIM1,HCBP_DA_LMHI_19-147-002-B490_HI,HC Buyout & Acquisition,Housing incentives to encourage resettlement,"Harris, County",# of Housing Units,2024 Q1,2.0,P-17-TX-48-HIM1_P31 - QPR - Actual Accomplishments by Quarter_02032026.xlsx,2026-02-13 02:40:49,glo_accomplishments,Housing incentive activity accomplishments; not a countywide completed-buyout count. Program grant codes differ from financial grant codes.
26201,P-17-TX-48-HIM1,HCBP_DA_LMHI_19-147-002-B490_HI,HC Buyout & Acquisition,Housing incentives to encourage resettlement,"Harris, County",# of Housing Units,2024 Q2,0.0,P-17-TX-48-HIM1_P31 - QPR - Actual Accomplishments by Quarter_02032026.xlsx,2026-02-13 02:40:49,glo_accomplishments,Housing incentive activity accomplishments; not a countywide completed-buyout count. Program grant codes differ from financial grant codes.
26202,P-17-TX-48-HIM1,HCBP_DA_LMHI_19-147-002-B490_HI,HC Buyout & Acquisition,Housing incentives to encourage resettlement,"Harris, County",# of Housing Units,2024 Q3,0.0,P-17-TX-48-HIM1_P31 - QPR - Actual Accomplishments by Quarter_02032026.xlsx,2026-02-13 02:40:49,glo_accomplishments,Housing incentive activity accomplishments; not a countywide completed-buyout count. Program grant codes differ from financial grant codes.
26203,P-17-TX-48-HIM1,HCBP_DA_LMHI_19-147-002-B490_HI,HC Buyout & Acquisition,Housing incentives to encourage resettlement,"Harris, County",# of Housing Units,2024 Q4,0.0,P-17-TX-48-HIM1_P31 - QPR - Actual Accomplishments by Quarter_02032026.xlsx,2026-02-13 02:40:49,glo_accomplishments,Housing incentive activity accomplishments; not a countywide completed-buyout count. Program grant codes differ from financial grant codes.
26204,P-17-TX-48-HIM1,HCBP_DA_LMHI_19-147-002-B490_HI,HC Buyout & Acquisition,Housing incentives to encourage resettlement,"Harris, County",# of Housing Units,2025 Q1,0.0,P-17-TX-48-HIM1_P31 - QPR - Actual Accomplishments by Quarter_02032026.xlsx,2026-02-13 02:40:49,glo_accomplishments,Housing incentive activity accomplishments; not a countywide completed-buyout count. Program grant codes differ from financial grant codes.
26205,P-17-TX-48-HIM1,HCBP_DA_LMHI_19-147-002-B490_HI,HC Buyout & Acquisition,Housing incentives to encourage resettlement,"Harris, County",# of Housing Units,2025 Q2,0.0,P-17-TX-48-HIM1_P31 - QPR - Actual Accomplishments by Quarter_02032026.xlsx,2026-02-13 02:40:49,glo_accomplishments,Housing incentive activity accomplishments; not a countywide completed-buyout count. Program grant codes differ from financial grant codes.
26206,P-17-TX-48-HIM1,HCBP_DA_LMHI_19-147-002-B490_HI,HC Buyout & Acquisition,Housing incentives to encourage resettlement,"Harris, County",# of Housing Units,2025 Q3,0.0,P-17-TX-48-HIM1_P31 - QPR - Actual Accomplishments by Quarter_02032026.xlsx,2026-02-13 02:40:49,glo_accomplishments,Housing incentive activity accomplishments; not a countywide completed-buyout count. Program grant codes differ from financial grant codes.
26207,P-17-TX-48-HIM1,HCBP_DA_LMHI_19-147-002-B490_HI,HC Buyout & Acquisition,Housing incentives to encourage resettlement,"Harris, County",# of Housing Units,2025 Q4,66.0,P-17-TX-48-HIM1_P31 - QPR - Actual Accomplishments by Quarter_02032026.xlsx,2026-02-13 02:40:49,glo_accomplishments,Housing incentive activity accomplishments; not a countywide completed-buyout count. Program grant codes differ from financial grant codes.
26208,P-17-TX-48-HIM1,HCBP_DA_LMHI_19-147-002-B490_HI,HC Buyout & Acquisition,Housing incentives to encourage resettlement,"Harris, County",# of Housing Units,2026 Q1,0.0,P-17-TX-48-HIM1_P31 - QPR - Actual Accomplishments by Quarter_02032026.xlsx,2026-02-13 02:40:49,glo_accomplishments,Housing incentive activity accomplishments; not a countywide completed-buyout count. Program grant codes differ from financial grant codes.
31801,P-17-TX-48-HIM1,HCBP_DA_LMHI_19-147-002-B490_HI,HC Buyout & Acquisition,Housing incentives to encourage resettlement,"Harris, County",# of Singlefamily Units,2020 Q2,0.0,P-17-TX-48-HIM1_P31 - QPR - Actual Accomplishments by Quarter_02032026.xlsx,2026-02-13 02:40:49,glo_accomplishments,Housing incentive activity accomplishments; not a countywide completed-buyout count. Program grant codes differ from financial grant codes.
31802,P-17-TX-48-HIM1,HCBP_DA_LMHI_19-147-002-B490_HI,HC Buyout & Acquisition,Housing incentives to encourage resettlement,"Harris, County",# of Singlefamily Units,2020 Q3,0.0,P-17-TX-48-HIM1_P31 - QPR - Actual Accomplishments by Quarter_02032026.xlsx,2026-02-13 02:40:49,glo_accomplishments,Housing incentive activity accomplishments; not a countywide completed-buyout count. Program grant codes differ from financial grant codes.
31803,P-17-TX-48-HIM1,HCBP_DA_LMHI_19-147-002-B490_HI,HC Buyout & Acquisition,Housing incentives to encourage resettlement,"Harris, County",# of Singlefamily Units,2020 Q4,0.0,P-17-TX-48-HIM1_P31 - QPR - Actual Accomplishments by Quarter_02032026.xlsx,2026-02-13 02:40:49,glo_accomplishments,Housing incentive activity accomplishments; not a countywide completed-buyout count. Program grant codes differ from financial grant codes.
31804,P-17-TX-48-HIM1,HCBP_DA_LMHI_19-147-002-B490_HI,HC Buyout & Acquisition,Housing incentives to encourage resettlement,"Harris, County",# of Singlefamily Units,2021 Q1,0.0,P-17-TX-48-HIM1_P31 - QPR - Actual Accomplishments by Quarter_02032026.xlsx,2026-02-13 02:40:49,glo_accomplishments,Housing incentive activity accomplishments; not a countywide completed-buyout count. Program grant codes differ from financial grant codes.
31805,P-17-TX-48-HIM1,HCBP_DA_LMHI_19-147-002-B490_HI,HC Buyout & Acquisition,Housing incentives to encourage resettlement,"Harris, County",# of Singlefamily Units,2021 Q2,0.0,P-17-TX-48-HIM1_P31 - QPR - Actual Accomplishments by Quarter_02032026.xlsx,2026-02-13 02:40:49,glo_accomplishments,Housing incentive activity accomplishments; not a countywide completed-buyout count. Program grant codes differ from financial grant codes.
31806,P-17-TX-48-HIM1,HCBP_DA_LMHI_19-147-002-B490_HI,HC Buyout & Acquisition,Housing incentives to encourage resettlement,"Harris, County",# of Singlefamily Units,2021 Q3,0.0,P-17-TX-48-HIM1_P31 - QPR - Actual Accomplishments by Quarter_02032026.xlsx,2026-02-13 02:40:49,glo_accomplishments,Housing incentive activity accomplishments; not a countywide completed-buyout count. Program grant codes differ from financial grant codes.
31807,P-17-TX-48-HIM1,HCBP_DA_LMHI_19-147-002-B490_HI,HC Buyout & Acquisition,Housing incentives to encourage resettlement,"Harris, County",# of Singlefamily Units,2021 Q4,0.0,P-17-TX-48-HIM1_P31 - QPR - Actual Accomplishments by Quarter_02032026.xlsx,2026-02-13 02:40:49,glo_accomplishments,Housing incentive activity accomplishments; not a countywide completed-buyout count. Program grant codes differ from financial grant codes.
31808,P-17-TX-48-HIM1,HCBP_DA_LMHI_19-147-002-B490_HI,HC Buyout & Acquisition,Housing incentives to encourage resettlement,"Harris, County",# of Singlefamily Units,2022 Q1,0.0,P-17-TX-48-HIM1_P31 - QPR - Actual Accomplishments by Quarter_02032026.xlsx,2026-02-13 02:40:49,glo_accomplishments,Housing incentive activity accomplishments; not a countywide completed-buyout count. Program grant codes differ from financial grant codes.
31809,P-17-TX-48-HIM1,HCBP_DA_LMHI_19-147-002-B490_HI,HC Buyout & Acquisition,Housing incentives to encourage resettlement,"Harris, County",# of Singlefamily Units,2022 Q2,0.0,P-17-TX-48-HIM1_P31 - QPR - Actual Accomplishments by Quarter_02032026.xlsx,2026-02-13 02:40:49,glo_accomplishments,Housing incentive activity accomplishments; not a countywide completed-buyout count. Program grant codes differ from financial grant codes.
31810,P-17-TX-48-HIM1,HCBP_DA_LMHI_19-147-002-B490_HI,HC Buyout & Acquisition,Housing incentives to encourage resettlement,"Harris, County",# of Singlefamily Units,2022 Q3,0.0,P-17-TX-48-HIM1_P31 - QPR - Actual Accomplishments by Quarter_02032026.xlsx,2026-02-13 02:40:49,glo_accomplishments,Housing incentive activity accomplishments; not a countywide completed-buyout count. Program grant codes differ from financial grant codes.
31811,P-17-TX-48-HIM1,HCBP_DA_LMHI_19-147-002-B490_HI,HC Buyout & Acquisition,Housing incentives to encourage resettlement,"Harris, County",# of Singlefamily Units,2022 Q4,0.0,P-17-TX-48-HIM1_P31 - QPR - Actual Accomplishments by Quarter_02032026.xlsx,2026-02-13 02:40:49,glo_accomplishments,Housing incentive activity accomplishments; not a countywide completed-buyout count. Program grant codes differ from financial grant codes.
31812,P-17-TX-48-HIM1,HCBP_DA_LMHI_19-147-002-B490_HI,HC Buyout & Acquisition,Housing incentives to encourage resettlement,"Harris, County",# of Singlefamily Units,2023 Q1,0.0,P-17-TX-48-HIM1_P31 - QPR - Actual Accomplishments by Quarter_02032026.xlsx,2026-02-13 02:40:49,glo_accomplishments,Housing incentive activity accomplishments; not a countywide completed-buyout count. Program grant codes differ from financial grant codes.
31813,P-17-TX-48-HIM1,HCBP_DA_LMHI_19-147-002-B490_HI,HC Buyout & Acquisition,Housing incentives to encourage resettlement,"Harris, County",# of Singlefamily Units,2023 Q2,0.0,P-17-TX-48-HIM1_P31 - QPR - Actual Accomplishments by Quarter_02032026.xlsx,2026-02-13 02:40:49,glo_accomplishments,Housing incentive activity accomplishments; not a countywide completed-buyout count. Program grant codes differ from financial grant codes.
31814,P-17-TX-48-HIM1,HCBP_DA_LMHI_19-147-002-B490_HI,HC Buyout & Acquisition,Housing incentives to encourage resettlement,"Harris, County",# of Singlefamily Units,2023 Q3,0.0,P-17-TX-48-HIM1_P31 - QPR - Actual Accomplishments by Quarter_02032026.xlsx,2026-02-13 02:40:49,glo_accomplishments,Housing incentive activity accomplishments; not a countywide completed-buyout count. Program grant codes differ from financial grant codes.
31815,P-17-TX-48-HIM1,HCBP_DA_LMHI_19-147-002-B490_HI,HC Buyout & Acquisition,Housing incentives to encourage resettlement,"Harris, County",# of Singlefamily Units,2023 Q4,0.0,P-17-TX-48-HIM1_P31 - QPR - Actual Accomplishments by Quarter_02032026.xlsx,2026-02-13 02:40:49,glo_accomplishments,Housing incentive activity accomplishments; not a countywide completed-buyout count. Program grant codes differ from financial grant codes.
31816,P-17-TX-48-HIM1,HCBP_DA_LMHI_19-147-002-B490_HI,HC Buyout & Acquisition,Housing incentives to encourage resettlement,"Harris, County",# of Singlefamily Units,2024 Q1,2.0,P-17-TX-48-HIM1_P31 - QPR - Actual Accomplishments by Quarter_02032026.xlsx,2026-02-13 02:40:49,glo_accomplishments,Housing incentive activity accomplishments; not a countywide completed-buyout count. Program grant codes differ from financial grant codes.
31817,P-17-TX-48-HIM1,HCBP_DA_LMHI_19-147-002-B490_HI,HC Buyout & Acquisition,Housing incentives to encourage resettlement,"Harris, County",# of Singlefamily Units,2024 Q2,0.0,P-17-TX-48-HIM1_P31 - QPR - Actual Accomplishments by Quarter_02032026.xlsx,2026-02-13 02:40:49,glo_accomplishments,Housing incentive activity accomplishments; not a countywide completed-buyout count. Program grant codes differ from financial grant codes.
31818,P-17-TX-48-HIM1,HCBP_DA_LMHI_19-147-002-B490_HI,HC Buyout & Acquisition,Housing incentives to encourage resettlement,"Harris, County",# of Singlefamily Units,2024 Q3,0.0,P-17-TX-48-HIM1_P31 - QPR - Actual Accomplishments by Quarter_02032026.xlsx,2026-02-13 02:40:49,glo_accomplishments,Housing incentive activity accomplishments; not a countywide completed-buyout count. Program grant codes differ from financial grant codes.
31819,P-17-TX-48-HIM1,HCBP_DA_LMHI_19-147-002-B490_HI,HC Buyout & Acquisition,Housing incentives to encourage resettlement,"Harris, County",# of Singlefamily Units,2024 Q4,0.0,P-17-TX-48-HIM1_P31 - QPR - Actual Accomplishments by Quarter_02032026.xlsx,2026-02-13 02:40:49,glo_accomplishments,Housing incentive activity accomplishments; not a countywide completed-buyout count. Program grant codes differ from financial grant codes.
31820,P-17-TX-48-HIM1,HCBP_DA_LMHI_19-147-002-B490_HI,HC Buyout & Acquisition,Housing incentives to encourage resettlement,"Harris, County",# of Singlefamily Units,2025 Q1,0.0,P-17-TX-48-HIM1_P31 - QPR - Actual Accomplishments by Quarter_02032026.xlsx,2026-02-13 02:40:49,glo_accomplishments,Housing incentive activity accomplishments; not a countywide completed-buyout count. Program grant codes differ from financial grant codes.
31821,P-17-TX-48-HIM1,HCBP_DA_LMHI_19-147-002-B490_HI,HC Buyout & Acquisition,Housing incentives to encourage resettlement,"Harris, County",# of Singlefamily Units,2025 Q2,0.0,P-17-TX-48-HIM1_P31 - QPR - Actual Accomplishments by Quarter_02032026.xlsx,2026-02-13 02:40:49,glo_accomplishments,Housing incentive activity accomplishments; not a countywide completed-buyout count. Program grant codes differ from financial grant codes.
31822,P-17-TX-48-HIM1,HCBP_DA_LMHI_19-147-002-B490_HI,HC Buyout & Acquisition,Housing incentives to encourage resettlement,"Harris, County",# of Singlefamily Units,2025 Q3,0.0,P-17-TX-48-HIM1_P31 - QPR - Actual Accomplishments by Quarter_02032026.xlsx,2026-02-13 02:40:49,glo_accomplishments,Housing incentive activity accomplishments; not a countywide completed-buyout count. Program grant codes differ from financial grant codes.
31823,P-17-TX-48-HIM1,HCBP_DA_LMHI_19-147-002-B490_HI,HC Buyout & Acquisition,Housing incentives to encourage resettlement,"Harris, County",# of Singlefamily Units,2025 Q4,66.0,P-17-TX-48-HIM1_P31 - QPR - Actual Accomplishments by Quarter_02032026.xlsx,2026-02-13 02:40:49,glo_accomplishments,Housing incentive activity accomplishments; not a countywide completed-buyout count. Program grant codes differ from financial grant codes.
31824,P-17-TX-48-HIM1,HCBP_DA_LMHI_19-147-002-B490_HI,HC Buyout & Acquisition,Housing incentives to encourage resettlement,"Harris, County",# of Singlefamily Units,2026 Q1,0.0,P-17-TX-48-HIM1_P31 - QPR - Actual Accomplishments by Quarter_02032026.xlsx,2026-02-13 02:40:49,glo_accomplishments,Housing incentive activity accomplishments; not a countywide completed-buyout count. Program grant codes differ from financial grant codes.
36577,P-17-TX-48-HIM1,HCBP_DA_LMHI_19-147-002-B490_HI,HC Buyout & Acquisition,Housing incentives to encourage resettlement,"Harris, County",# Owner Households,2020 Q2,0.0,P-17-TX-48-HIM1_P31 - QPR - Actual Accomplishments by Quarter_02032026.xlsx,2026-02-13 02:40:49,glo_accomplishments,Housing incentive activity accomplishments; not a countywide completed-buyout count. Program grant codes differ from financial grant codes.
36578,P-17-TX-48-HIM1,HCBP_DA_LMHI_19-147-002-B490_HI,HC Buyout & Acquisition,Housing incentives to encourage resettlement,"Harris, County",# Owner Households,2020 Q3,0.0,P-17-TX-48-HIM1_P31 - QPR - Actual Accomplishments by Quarter_02032026.xlsx,2026-02-13 02:40:49,glo_accomplishments,Housing incentive activity accomplishments; not a countywide completed-buyout count. Program grant codes differ from financial grant codes.
36579,P-17-TX-48-HIM1,HCBP_DA_LMHI_19-147-002-B490_HI,HC Buyout & Acquisition,Housing incentives to encourage resettlement,"Harris, County",# Owner Households,2020 Q4,0.0,P-17-TX-48-HIM1_P31 - QPR - Actual Accomplishments by Quarter_02032026.xlsx,2026-02-13 02:40:49,glo_accomplishments,Housing incentive activity accomplishments; not a countywide completed-buyout count. Program grant codes differ from financial grant codes.
36580,P-17-TX-48-HIM1,HCBP_DA_LMHI_19-147-002-B490_HI,HC Buyout & Acquisition,Housing incentives to encourage resettlement,"Harris, County",# Owner Households,2021 Q1,0.0,P-17-TX-48-HIM1_P31 - QPR - Actual Accomplishments by Quarter_02032026.xlsx,2026-02-13 02:40:49,glo_accomplishments,Housing incentive activity accomplishments; not a countywide completed-buyout count. Program grant codes differ from financial grant codes.
36581,P-17-TX-48-HIM1,HCBP_DA_LMHI_19-147-002-B490_HI,HC Buyout & Acquisition,Housing incentives to encourage resettlement,"Harris, County",# Owner Households,2021 Q2,0.0,P-17-TX-48-HIM1_P31 - QPR - Actual Accomplishments by Quarter_02032026.xlsx,2026-02-13 02:40:49,glo_accomplishments,Housing incentive activity accomplishments; not a countywide completed-buyout count. Program grant codes differ from financial grant codes.
36582,P-17-TX-48-HIM1,HCBP_DA_LMHI_19-147-002-B490_HI,HC Buyout & Acquisition,Housing incentives to encourage resettlement,"Harris, County",# Owner Households,2021 Q3,0.0,P-17-TX-48-HIM1_P31 - QPR - Actual Accomplishments by Quarter_02032026.xlsx,2026-02-13 02:40:49,glo_accomplishments,Housing incentive activity accomplishments; not a countywide completed-buyout count. Program grant codes differ from financial grant codes.
36583,P-17-TX-48-HIM1,HCBP_DA_LMHI_19-147-002-B490_HI,HC Buyout & Acquisition,Housing incentives to encourage resettlement,"Harris, County",# Owner Households,2021 Q4,0.0,P-17-TX-48-HIM1_P31 - QPR - Actual Accomplishments by Quarter_02032026.xlsx,2026-02-13 02:40:49,glo_accomplishments,Housing incentive activity accomplishments; not a countywide completed-buyout count. Program grant codes differ from financial grant codes.
36584,P-17-TX-48-HIM1,HCBP_DA_LMHI_19-147-002-B490_HI,HC Buyout & Acquisition,Housing incentives to encourage resettlement,"Harris, County",# Owner Households,2022 Q1,0.0,P-17-TX-48-HIM1_P31 - QPR - Actual Accomplishments by Quarter_02032026.xlsx,2026-02-13 02:40:49,glo_accomplishments,Housing incentive activity accomplishments; not a countywide completed-buyout count. Program grant codes differ from financial grant codes.
36585,P-17-TX-48-HIM1,HCBP_DA_LMHI_19-147-002-B490_HI,HC Buyout & Acquisition,Housing incentives to encourage resettlement,"Harris, County",# Owner Households,2022 Q2,0.0,P-17-TX-48-HIM1_P31 - QPR - Actual Accomplishments by Quarter_02032026.xlsx,2026-02-13 02:40:49,glo_accomplishments,Housing incentive activity accomplishments; not a countywide completed-buyout count. Program grant codes differ from financial grant codes.
36586,P-17-TX-48-HIM1,HCBP_DA_LMHI_19-147-002-B490_HI,HC Buyout & Acquisition,Housing incentives to encourage resettlement,"Harris, County",# Owner Households,2022 Q3,0.0,P-17-TX-48-HIM1_P31 - QPR - Actual Accomplishments by Quarter_02032026.xlsx,2026-02-13 02:40:49,glo_accomplishments,Housing incentive activity accomplishments; not a countywide completed-buyout count. Program grant codes differ from financial grant codes.
36587,P-17-TX-48-HIM1,HCBP_DA_LMHI_19-147-002-B490_HI,HC Buyout & Acquisition,Housing incentives to encourage resettlement,"Harris, County",# Owner Households,2022 Q4,0.0,P-17-TX-48-HIM1_P31 - QPR - Actual Accomplishments by Quarter_02032026.xlsx,2026-02-13 02:40:49,glo_accomplishments,Housing incentive activity accomplishments; not a countywide completed-buyout count. Program grant codes differ from financial grant codes.
36588,P-17-TX-48-HIM1,HCBP_DA_LMHI_19-147-002-B490_HI,HC Buyout & Acquisition,Housing incentives to encourage resettlement,"Harris, County",# Owner Households,2023 Q1,0.0,P-17-TX-48-HIM1_P31 - QPR - Actual Accomplishments by Quarter_02032026.xlsx,2026-02-13 02:40:49,glo_accomplishments,Housing incentive activity accomplishments; not a countywide completed-buyout count. Program grant codes differ from financial grant codes.
36589,P-17-TX-48-HIM1,HCBP_DA_LMHI_19-147-002-B490_HI,HC Buyout & Acquisition,Housing incentives to encourage resettlement,"Harris, County",# Owner Households,2023 Q2,0.0,P-17-TX-48-HIM1_P31 - QPR - Actual Accomplishments by Quarter_02032026.xlsx,2026-02-13 02:40:49,glo_accomplishments,Housing incentive activity accomplishments; not a countywide completed-buyout count. Program grant codes differ from financial grant codes.
36590,P-17-TX-48-HIM1,HCBP_DA_LMHI_19-147-002-B490_HI,HC Buyout & Acquisition,Housing incentives to encourage resettlement,"Harris, County",# Owner Households,2023 Q3,0.0,P-17-TX-48-HIM1_P31 - QPR - Actual Accomplishments by Quarter_02032026.xlsx,2026-02-13 02:40:49,glo_accomplishments,Housing incentive activity accomplishments; not a countywide completed-buyout count. Program grant codes differ from financial grant codes.
36591,P-17-TX-48-HIM1,HCBP_DA_LMHI_19-147-002-B490_HI,HC Buyout & Acquisition,Housing incentives to encourage resettlement,"Harris, County",# Owner Households,2023 Q4,0.0,P-17-TX-48-HIM1_P31 - QPR - Actual Accomplishments by Quarter_02032026.xlsx,2026-02-13 02:40:49,glo_accomplishments,Housing incentive activity accomplishments; not a countywide completed-buyout count. Program grant codes differ from financial grant codes.
36592,P-17-TX-48-HIM1,HCBP_DA_LMHI_19-147-002-B490_HI,HC Buyout & Acquisition,Housing incentives to encourage resettlement,"Harris, County",# Owner Households,2024 Q1,2.0,P-17-TX-48-HIM1_P31 - QPR - Actual Accomplishments by Quarter_02032026.xlsx,2026-02-13 02:40:49,glo_accomplishments,Housing incentive activity accomplishments; not a countywide completed-buyout count. Program grant codes differ from financial grant codes.
36593,P-17-TX-48-HIM1,HCBP_DA_LMHI_19-147-002-B490_HI,HC Buyout & Acquisition,Housing incentives to encourage resettlement,"Harris, County",# Owner Households,2024 Q2,0.0,P-17-TX-48-HIM1_P31 - QPR - Actual Accomplishments by Quarter_02032026.xlsx,2026-02-13 02:40:49,glo_accomplishments,Housing incentive activity accomplishments; not a countywide completed-buyout count. Program grant codes differ from financial grant codes.
36594,P-17-TX-48-HIM1,HCBP_DA_LMHI_19-147-002-B490_HI,HC Buyout & Acquisition,Housing incentives to encourage resettlement,"Harris, County",# Owner Households,2024 Q3,0.0,P-17-TX-48-HIM1_P31 - QPR - Actual Accomplishments by Quarter_02032026.xlsx,2026-02-13 02:40:49,glo_accomplishments,Housing incentive activity accomplishments; not a countywide completed-buyout count. Program grant codes differ from financial grant codes.
36595,P-17-TX-48-HIM1,HCBP_DA_LMHI_19-147-002-B490_HI,HC Buyout & Acquisition,Housing incentives to encourage resettlement,"Harris, County",# Owner Households,2024 Q4,0.0,P-17-TX-48-HIM1_P31 - QPR - Actual Accomplishments by Quarter_02032026.xlsx,2026-02-13 02:40:49,glo_accomplishments,Housing incentive activity accomplishments; not a countywide completed-buyout count. Program grant codes differ from financial grant codes.
36596,P-17-TX-48-HIM1,HCBP_DA_LMHI_19-147-002-B490_HI,HC Buyout & Acquisition,Housing incentives to encourage resettlement,"Harris, County",# Owner Households,2025 Q1,0.0,P-17-TX-48-HIM1_P31 - QPR - Actual Accomplishments by Quarter_02032026.xlsx,2026-02-13 02:40:49,glo_accomplishments,Housing incentive activity accomplishments; not a countywide completed-buyout count. Program grant codes differ from financial grant codes.
36597,P-17-TX-48-HIM1,HCBP_DA_LMHI_19-147-002-B490_HI,HC Buyout & Acquisition,Housing incentives to encourage resettlement,"Harris, County",# Owner Households,2025 Q2,0.0,P-17-TX-48-HIM1_P31 - QPR - Actual Accomplishments by Quarter_02032026.xlsx,2026-02-13 02:40:49,glo_accomplishments,Housing incentive activity accomplishments; not a countywide completed-buyout count. Program grant codes differ from financial grant codes.
36598,P-17-TX-48-HIM1,HCBP_DA_LMHI_19-147-002-B490_HI,HC Buyout & Acquisition,Housing incentives to encourage resettlement,"Harris, County",# Owner Households,2025 Q3,0.0,P-17-TX-48-HIM1_P31 - QPR - Actual Accomplishments by Quarter_02032026.xlsx,2026-02-13 02:40:49,glo_accomplishments,Housing incentive activity accomplishments; not a countywide completed-buyout count. Program grant codes differ from financial grant codes.
36599,P-17-TX-48-HIM1,HCBP_DA_LMHI_19-147-002-B490_HI,HC Buyout & Acquisition,Housing incentives to encourage resettlement,"Harris, County",# Owner Households,2025 Q4,21.0,P-17-TX-48-HIM1_P31 - QPR - Actual Accomplishments by Quarter_02032026.xlsx,2026-02-13 02:40:49,glo_accomplishments,Housing incentive activity accomplishments; not a countywide completed-buyout count. Program grant codes differ from financial grant codes.
36600,P-17-TX-48-HIM1,HCBP_DA_LMHI_19-147-002-B490_HI,HC Buyout & Acquisition,Housing incentives to encourage resettlement,"Harris, County",# Owner Households,2026 Q1,0.0,P-17-TX-48-HIM1_P31 - QPR - Actual Accomplishments by Quarter_02032026.xlsx,2026-02-13 02:40:49,glo_accomplishments,Housing incentive activity accomplishments; not a countywide completed-buyout count. Program grant codes differ from financial grant codes.
37201,P-17-TX-48-HIM1,HCBP_DA_LMHI_19-147-002-B490_HI,HC Buyout & Acquisition,Housing incentives to encourage resettlement,"Harris, County",# Renter Households,2020 Q2,0.0,P-17-TX-48-HIM1_P31 - QPR - Actual Accomplishments by Quarter_02032026.xlsx,2026-02-13 02:40:49,glo_accomplishments,Housing incentive activity accomplishments; not a countywide completed-buyout count. Program grant codes differ from financial grant codes.
37202,P-17-TX-48-HIM1,HCBP_DA_LMHI_19-147-002-B490_HI,HC Buyout & Acquisition,Housing incentives to encourage resettlement,"Harris, County",# Renter Households,2020 Q3,0.0,P-17-TX-48-HIM1_P31 - QPR - Actual Accomplishments by Quarter_02032026.xlsx,2026-02-13 02:40:49,glo_accomplishments,Housing incentive activity accomplishments; not a countywide completed-buyout count. Program grant codes differ from financial grant codes.
37203,P-17-TX-48-HIM1,HCBP_DA_LMHI_19-147-002-B490_HI,HC Buyout & Acquisition,Housing incentives to encourage resettlement,"Harris, County",# Renter Households,2020 Q4,0.0,P-17-TX-48-HIM1_P31 - QPR - Actual Accomplishments by Quarter_02032026.xlsx,2026-02-13 02:40:49,glo_accomplishments,Housing incentive activity accomplishments; not a countywide completed-buyout count. Program grant codes differ from financial grant codes.
37204,P-17-TX-48-HIM1,HCBP_DA_LMHI_19-147-002-B490_HI,HC Buyout & Acquisition,Housing incentives to encourage resettlement,"Harris, County",# Renter Households,2021 Q1,0.0,P-17-TX-48-HIM1_P31 - QPR - Actual Accomplishments by Quarter_02032026.xlsx,2026-02-13 02:40:49,glo_accomplishments,Housing incentive activity accomplishments; not a countywide completed-buyout count. Program grant codes differ from financial grant codes.
37205,P-17-TX-48-HIM1,HCBP_DA_LMHI_19-147-002-B490_HI,HC Buyout & Acquisition,Housing incentives to encourage resettlement,"Harris, County",# Renter Households,2021 Q2,0.0,P-17-TX-48-HIM1_P31 - QPR - Actual Accomplishments by Quarter_02032026.xlsx,2026-02-13 02:40:49,glo_accomplishments,Housing incentive activity accomplishments; not a countywide completed-buyout count. Program grant codes differ from financial grant codes.
37206,P-17-TX-48-HIM1,HCBP_DA_LMHI_19-147-002-B490_HI,HC Buyout & Acquisition,Housing incentives to encourage resettlement,"Harris, County",# Renter Households,2021 Q3,0.0,P-17-TX-48-HIM1_P31 - QPR - Actual Accomplishments by Quarter_02032026.xlsx,2026-02-13 02:40:49,glo_accomplishments,Housing incentive activity accomplishments; not a countywide completed-buyout count. Program grant codes differ from financial grant codes.
37207,P-17-TX-48-HIM1,HCBP_DA_LMHI_19-147-002-B490_HI,HC Buyout & Acquisition,Housing incentives to encourage resettlement,"Harris, County",# Renter Households,2021 Q4,0.0,P-17-TX-48-HIM1_P31 - QPR - Actual Accomplishments by Quarter_02032026.xlsx,2026-02-13 02:40:49,glo_accomplishments,Housing incentive activity accomplishments; not a countywide completed-buyout count. Program grant codes differ from financial grant codes.
37208,P-17-TX-48-HIM1,HCBP_DA_LMHI_19-147-002-B490_HI,HC Buyout & Acquisition,Housing incentives to encourage resettlement,"Harris, County",# Renter Households,2022 Q1,0.0,P-17-TX-48-HIM1_P31 - QPR - Actual Accomplishments by Quarter_02032026.xlsx,2026-02-13 02:40:49,glo_accomplishments,Housing incentive activity accomplishments; not a countywide completed-buyout count. Program grant codes differ from financial grant codes.
37209,P-17-TX-48-HIM1,HCBP_DA_LMHI_19-147-002-B490_HI,HC Buyout & Acquisition,Housing incentives to encourage resettlement,"Harris, County",# Renter Households,2022 Q2,0.0,P-17-TX-48-HIM1_P31 - QPR - Actual Accomplishments by Quarter_02032026.xlsx,2026-02-13 02:40:49,glo_accomplishments,Housing incentive activity accomplishments; not a countywide completed-buyout count. Program grant codes differ from financial grant codes.
37210,P-17-TX-48-HIM1,HCBP_DA_LMHI_19-147-002-B490_HI,HC Buyout & Acquisition,Housing incentives to encourage resettlement,"Harris, County",# Renter Households,2022 Q3,0.0,P-17-TX-48-HIM1_P31 - QPR - Actual Accomplishments by Quarter_02032026.xlsx,2026-02-13 02:40:49,glo_accomplishments,Housing incentive activity accomplishments; not a countywide completed-buyout count. Program grant codes differ from financial grant codes.
37211,P-17-TX-48-HIM1,HCBP_DA_LMHI_19-147-002-B490_HI,HC Buyout & Acquisition,Housing incentives to encourage resettlement,"Harris, County",# Renter Households,2022 Q4,0.0,P-17-TX-48-HIM1_P31 - QPR - Actual Accomplishments by Quarter_02032026.xlsx,2026-02-13 02:40:49,glo_accomplishments,Housing incentive activity accomplishments; not a countywide completed-buyout count. Program grant codes differ from financial grant codes.
37212,P-17-TX-48-HIM1,HCBP_DA_LMHI_19-147-002-B490_HI,HC Buyout & Acquisition,Housing incentives to encourage resettlement,"Harris, County",# Renter Households,2023 Q1,0.0,P-17-TX-48-HIM1_P31 - QPR - Actual Accomplishments by Quarter_02032026.xlsx,2026-02-13 02:40:49,glo_accomplishments,Housing incentive activity accomplishments; not a countywide completed-buyout count. Program grant codes differ from financial grant codes.
37213,P-17-TX-48-HIM1,HCBP_DA_LMHI_19-147-002-B490_HI,HC Buyout & Acquisition,Housing incentives to encourage resettlement,"Harris, County",# Renter Households,2023 Q2,0.0,P-17-TX-48-HIM1_P31 - QPR - Actual Accomplishments by Quarter_02032026.xlsx,2026-02-13 02:40:49,glo_accomplishments,Housing incentive activity accomplishments; not a countywide completed-buyout count. Program grant codes differ from financial grant codes.
37214,P-17-TX-48-HIM1,HCBP_DA_LMHI_19-147-002-B490_HI,HC Buyout & Acquisition,Housing incentives to encourage resettlement,"Harris, County",# Renter Households,2023 Q3,0.0,P-17-TX-48-HIM1_P31 - QPR - Actual Accomplishments by Quarter_02032026.xlsx,2026-02-13 02:40:49,glo_accomplishments,Housing incentive activity accomplishments; not a countywide completed-buyout count. Program grant codes differ from financial grant codes.
37215,P-17-TX-48-HIM1,HCBP_DA_LMHI_19-147-002-B490_HI,HC Buyout & Acquisition,Housing incentives to encourage resettlement,"Harris, County",# Renter Households,2023 Q4,0.0,P-17-TX-48-HIM1_P31 - QPR - Actual Accomplishments by Quarter_02032026.xlsx,2026-02-13 02:40:49,glo_accomplishments,Housing incentive activity accomplishments; not a countywide completed-buyout count. Program grant codes differ from financial grant codes.
37216,P-17-TX-48-HIM1,HCBP_DA_LMHI_19-147-002-B490_HI,HC Buyout & Acquisition,Housing incentives to encourage resettlement,"Harris, County",# Renter Households,2024 Q1,0.0,P-17-TX-48-HIM1_P31 - QPR - Actual Accomplishments by Quarter_02032026.xlsx,2026-02-13 02:40:49,glo_accomplishments,Housing incentive activity accomplishments; not a countywide completed-buyout count. Program grant codes differ from financial grant codes.
37217,P-17-TX-48-HIM1,HCBP_DA_LMHI_19-147-002-B490_HI,HC Buyout & Acquisition,Housing incentives to encourage resettlement,"Harris, County",# Renter Households,2024 Q2,0.0,P-17-TX-48-HIM1_P31 - QPR - Actual Accomplishments by Quarter_02032026.xlsx,2026-02-13 02:40:49,glo_accomplishments,Housing incentive activity accomplishments; not a countywide completed-buyout count. Program grant codes differ from financial grant codes.
37218,P-17-TX-48-HIM1,HCBP_DA_LMHI_19-147-002-B490_HI,HC Buyout & Acquisition,Housing incentives to encourage resettlement,"Harris, County",# Renter Households,2024 Q3,0.0,P-17-TX-48-HIM1_P31 - QPR - Actual Accomplishments by Quarter_02032026.xlsx,2026-02-13 02:40:49,glo_accomplishments,Housing incentive activity accomplishments; not a countywide completed-buyout count. Program grant codes differ from financial grant codes.
37219,P-17-TX-48-HIM1,HCBP_DA_LMHI_19-147-002-B490_HI,HC Buyout & Acquisition,Housing incentives to encourage resettlement,"Harris, County",# Renter Households,2024 Q4,0.0,P-17-TX-48-HIM1_P31 - QPR - Actual Accomplishments by Quarter_02032026.xlsx,2026-02-13 02:40:49,glo_accomplishments,Housing incentive activity accomplishments; not a countywide completed-buyout count. Program grant codes differ from financial grant codes.
37220,P-17-TX-48-HIM1,HCBP_DA_LMHI_19-147-002-B490_HI,HC Buyout & Acquisition,Housing incentives to encourage resettlement,"Harris, County",# Renter Households,2025 Q1,0.0,P-17-TX-48-HIM1_P31 - QPR - Actual Accomplishments by Quarter_02032026.xlsx,2026-02-13 02:40:49,glo_accomplishments,Housing incentive activity accomplishments; not a countywide completed-buyout count. Program grant codes differ from financial grant codes.
37221,P-17-TX-48-HIM1,HCBP_DA_LMHI_19-147-002-B490_HI,HC Buyout & Acquisition,Housing incentives to encourage resettlement,"Harris, County",# Renter Households,2025 Q2,0.0,P-17-TX-48-HIM1_P31 - QPR - Actual Accomplishments by Quarter_02032026.xlsx,2026-02-13 02:40:49,glo_accomplishments,Housing incentive activity accomplishments; not a countywide completed-buyout count. Program grant codes differ from financial grant codes.
37222,P-17-TX-48-HIM1,HCBP_DA_LMHI_19-147-002-B490_HI,HC Buyout & Acquisition,Housing incentives to encourage resettlement,"Harris, County",# Renter Households,2025 Q3,0.0,P-17-TX-48-HIM1_P31 - QPR - Actual Accomplishments by Quarter_02032026.xlsx,2026-02-13 02:40:49,glo_accomplishments,Housing incentive activity accomplishments; not a countywide completed-buyout count. Program grant codes differ from financial grant codes.
37223,P-17-TX-48-HIM1,HCBP_DA_LMHI_19-147-002-B490_HI,HC Buyout & Acquisition,Housing incentives to encourage resettlement,"Harris, County",# Renter Households,2025 Q4,1.0,P-17-TX-48-HIM1_P31 - QPR - Actual Accomplishments by Quarter_02032026.xlsx,2026-02-13 02:40:49,glo_accomplishments,Housing incentive activity accomplishments; not a countywide completed-buyout count. Program grant codes differ from financial grant codes.
37224,P-17-TX-48-HIM1,HCBP_DA_LMHI_19-147-002-B490_HI,HC Buyout & Acquisition,Housing incentives to encourage resettlement,"Harris, County",# Renter Households,2026 Q1,0.0,P-17-TX-48-HIM1_P31 - QPR - Actual Accomplishments by Quarter_02032026.xlsx,2026-02-13 02:40:49,glo_accomplishments,Housing incentive activity accomplishments; not a countywide completed-buyout count. Program grant codes differ from financial grant codes.
