id,grant_number,activity_number,activity_title,activity_type,national_objective,category,demographic_group,value,source_file,created_at
2117,P-17-TX-48-HIM1,HCBP_DA_LMHI_19-147-002-B490_HI,HC Buyout & Acquisition,Housing incentives to encourage resettlement,Low/Mod,Households - Hispanic/Latino,American Indian/Alaskan Native,0.0,P-17-TX-48-HIM1_P33 - QPR - Household Characteristics for Direct Benefit Activities by Tenure and Ethnicity_02032026.xlsx,2026-02-13 02:40:49
2118,P-17-TX-48-HIM1,HCBP_DA_LMHI_19-147-002-B490_HI,HC Buyout & Acquisition,Housing incentives to encourage resettlement,Low/Mod,Households - Hispanic/Latino,American Indian/Alaskan Native and Black/African American,0.0,P-17-TX-48-HIM1_P33 - QPR - Household Characteristics for Direct Benefit Activities by Tenure and Ethnicity_02032026.xlsx,2026-02-13 02:40:49
2119,P-17-TX-48-HIM1,HCBP_DA_LMHI_19-147-002-B490_HI,HC Buyout & Acquisition,Housing incentives to encourage resettlement,Low/Mod,Households - Hispanic/Latino,American Indian/Alaskan Native and White,0.0,P-17-TX-48-HIM1_P33 - QPR - Household Characteristics for Direct Benefit Activities by Tenure and Ethnicity_02032026.xlsx,2026-02-13 02:40:49
2120,P-17-TX-48-HIM1,HCBP_DA_LMHI_19-147-002-B490_HI,HC Buyout & Acquisition,Housing incentives to encourage resettlement,Low/Mod,Households - Hispanic/Latino,Asian,0.0,P-17-TX-48-HIM1_P33 - QPR - Household Characteristics for Direct Benefit Activities by Tenure and Ethnicity_02032026.xlsx,2026-02-13 02:40:49
2121,P-17-TX-48-HIM1,HCBP_DA_LMHI_19-147-002-B490_HI,HC Buyout & Acquisition,Housing incentives to encourage resettlement,Low/Mod,Households - Hispanic/Latino,Asian and White,0.0,P-17-TX-48-HIM1_P33 - QPR - Household Characteristics for Direct Benefit Activities by Tenure and Ethnicity_02032026.xlsx,2026-02-13 02:40:49
2122,P-17-TX-48-HIM1,HCBP_DA_LMHI_19-147-002-B490_HI,HC Buyout & Acquisition,Housing incentives to encourage resettlement,Low/Mod,Households - Hispanic/Latino,Black/African American,0.0,P-17-TX-48-HIM1_P33 - QPR - Household Characteristics for Direct Benefit Activities by Tenure and Ethnicity_02032026.xlsx,2026-02-13 02:40:49
2123,P-17-TX-48-HIM1,HCBP_DA_LMHI_19-147-002-B490_HI,HC Buyout & Acquisition,Housing incentives to encourage resettlement,Low/Mod,Households - Hispanic/Latino,Black/African American and White,0.0,P-17-TX-48-HIM1_P33 - QPR - Household Characteristics for Direct Benefit Activities by Tenure and Ethnicity_02032026.xlsx,2026-02-13 02:40:49
2124,P-17-TX-48-HIM1,HCBP_DA_LMHI_19-147-002-B490_HI,HC Buyout & Acquisition,Housing incentives to encourage resettlement,Low/Mod,Households - Hispanic/Latino,Native Hawaiian/Other Pacific Islander,0.0,P-17-TX-48-HIM1_P33 - QPR - Household Characteristics for Direct Benefit Activities by Tenure and Ethnicity_02032026.xlsx,2026-02-13 02:40:49
2125,P-17-TX-48-HIM1,HCBP_DA_LMHI_19-147-002-B490_HI,HC Buyout & Acquisition,Housing incentives to encourage resettlement,Low/Mod,Households - Hispanic/Latino,Other multi-racial,3.0,P-17-TX-48-HIM1_P33 - QPR - Household Characteristics for Direct Benefit Activities by Tenure and Ethnicity_02032026.xlsx,2026-02-13 02:40:49
2126,P-17-TX-48-HIM1,HCBP_DA_LMHI_19-147-002-B490_HI,HC Buyout & Acquisition,Housing incentives to encourage resettlement,Low/Mod,Households - Hispanic/Latino,Unknown,0.0,P-17-TX-48-HIM1_P33 - QPR - Household Characteristics for Direct Benefit Activities by Tenure and Ethnicity_02032026.xlsx,2026-02-13 02:40:49
2127,P-17-TX-48-HIM1,HCBP_DA_LMHI_19-147-002-B490_HI,HC Buyout & Acquisition,Housing incentives to encourage resettlement,Low/Mod,Households - Hispanic/Latino,White,51.0,P-17-TX-48-HIM1_P33 - QPR - Household Characteristics for Direct Benefit Activities by Tenure and Ethnicity_02032026.xlsx,2026-02-13 02:40:49
2128,P-17-TX-48-HIM1,HCBP_DA_LMHI_19-147-002-B490_HI,HC Buyout & Acquisition,Housing incentives to encourage resettlement,Low/Mod,Households - Owner Female,Households Female,28.0,P-17-TX-48-HIM1_P33 - QPR - Household Characteristics for Direct Benefit Activities by Tenure and Ethnicity_02032026.xlsx,2026-02-13 02:40:49
2129,P-17-TX-48-HIM1,HCBP_DA_LMHI_19-147-002-B490_HI,HC Buyout & Acquisition,Housing incentives to encourage resettlement,Low/Mod,Households - Owner Female,Unknown,0.0,P-17-TX-48-HIM1_P33 - QPR - Household Characteristics for Direct Benefit Activities by Tenure and Ethnicity_02032026.xlsx,2026-02-13 02:40:49
2130,P-17-TX-48-HIM1,HCBP_DA_LMHI_19-147-002-B490_HI,HC Buyout & Acquisition,Housing incentives to encourage resettlement,Low/Mod,Households - Owner Female,White,0.0,P-17-TX-48-HIM1_P33 - QPR - Household Characteristics for Direct Benefit Activities by Tenure and Ethnicity_02032026.xlsx,2026-02-13 02:40:49
2131,P-17-TX-48-HIM1,HCBP_DA_LMHI_19-147-002-B490_HI,HC Buyout & Acquisition,Housing incentives to encourage resettlement,Low/Mod,Households - Owner Hispanic/Latino,American Indian/Alaskan Native,0.0,P-17-TX-48-HIM1_P33 - QPR - Household Characteristics for Direct Benefit Activities by Tenure and Ethnicity_02032026.xlsx,2026-02-13 02:40:49
2132,P-17-TX-48-HIM1,HCBP_DA_LMHI_19-147-002-B490_HI,HC Buyout & Acquisition,Housing incentives to encourage resettlement,Low/Mod,Households - Owner Hispanic/Latino,American Indian/Alaskan Native and Black/African American,0.0,P-17-TX-48-HIM1_P33 - QPR - Household Characteristics for Direct Benefit Activities by Tenure and Ethnicity_02032026.xlsx,2026-02-13 02:40:49
2133,P-17-TX-48-HIM1,HCBP_DA_LMHI_19-147-002-B490_HI,HC Buyout & Acquisition,Housing incentives to encourage resettlement,Low/Mod,Households - Owner Hispanic/Latino,American Indian/Alaskan Native and White,0.0,P-17-TX-48-HIM1_P33 - QPR - Household Characteristics for Direct Benefit Activities by Tenure and Ethnicity_02032026.xlsx,2026-02-13 02:40:49
2134,P-17-TX-48-HIM1,HCBP_DA_LMHI_19-147-002-B490_HI,HC Buyout & Acquisition,Housing incentives to encourage resettlement,Low/Mod,Households - Owner Hispanic/Latino,Asian,0.0,P-17-TX-48-HIM1_P33 - QPR - Household Characteristics for Direct Benefit Activities by Tenure and Ethnicity_02032026.xlsx,2026-02-13 02:40:49
2135,P-17-TX-48-HIM1,HCBP_DA_LMHI_19-147-002-B490_HI,HC Buyout & Acquisition,Housing incentives to encourage resettlement,Low/Mod,Households - Owner Hispanic/Latino,Black/African American,0.0,P-17-TX-48-HIM1_P33 - QPR - Household Characteristics for Direct Benefit Activities by Tenure and Ethnicity_02032026.xlsx,2026-02-13 02:40:49
2136,P-17-TX-48-HIM1,HCBP_DA_LMHI_19-147-002-B490_HI,HC Buyout & Acquisition,Housing incentives to encourage resettlement,Low/Mod,Households - Owner Hispanic/Latino,Black/African American and White,0.0,P-17-TX-48-HIM1_P33 - QPR - Household Characteristics for Direct Benefit Activities by Tenure and Ethnicity_02032026.xlsx,2026-02-13 02:40:49
2137,P-17-TX-48-HIM1,HCBP_DA_LMHI_19-147-002-B490_HI,HC Buyout & Acquisition,Housing incentives to encourage resettlement,Low/Mod,Households - Owner Hispanic/Latino,Native Hawaiian/Other Pacific Islander,0.0,P-17-TX-48-HIM1_P33 - QPR - Household Characteristics for Direct Benefit Activities by Tenure and Ethnicity_02032026.xlsx,2026-02-13 02:40:49
2138,P-17-TX-48-HIM1,HCBP_DA_LMHI_19-147-002-B490_HI,HC Buyout & Acquisition,Housing incentives to encourage resettlement,Low/Mod,Households - Owner Hispanic/Latino,Other multi-racial,3.0,P-17-TX-48-HIM1_P33 - QPR - Household Characteristics for Direct Benefit Activities by Tenure and Ethnicity_02032026.xlsx,2026-02-13 02:40:49
2139,P-17-TX-48-HIM1,HCBP_DA_LMHI_19-147-002-B490_HI,HC Buyout & Acquisition,Housing incentives to encourage resettlement,Low/Mod,Households - Owner Hispanic/Latino,Unknown,0.0,P-17-TX-48-HIM1_P33 - QPR - Household Characteristics for Direct Benefit Activities by Tenure and Ethnicity_02032026.xlsx,2026-02-13 02:40:49
2140,P-17-TX-48-HIM1,HCBP_DA_LMHI_19-147-002-B490_HI,HC Buyout & Acquisition,Housing incentives to encourage resettlement,Low/Mod,Households - Owner Hispanic/Latino,White,50.0,P-17-TX-48-HIM1_P33 - QPR - Household Characteristics for Direct Benefit Activities by Tenure and Ethnicity_02032026.xlsx,2026-02-13 02:40:49
2141,P-17-TX-48-HIM1,HCBP_DA_LMHI_19-147-002-B490_HI,HC Buyout & Acquisition,Housing incentives to encourage resettlement,Low/Mod,Households - Owner Total,American Indian/Alaskan Native,0.0,P-17-TX-48-HIM1_P33 - QPR - Household Characteristics for Direct Benefit Activities by Tenure and Ethnicity_02032026.xlsx,2026-02-13 02:40:49
2142,P-17-TX-48-HIM1,HCBP_DA_LMHI_19-147-002-B490_HI,HC Buyout & Acquisition,Housing incentives to encourage resettlement,Low/Mod,Households - Owner Total,American Indian/Alaskan Native and Black/African American,0.0,P-17-TX-48-HIM1_P33 - QPR - Household Characteristics for Direct Benefit Activities by Tenure and Ethnicity_02032026.xlsx,2026-02-13 02:40:49
2143,P-17-TX-48-HIM1,HCBP_DA_LMHI_19-147-002-B490_HI,HC Buyout & Acquisition,Housing incentives to encourage resettlement,Low/Mod,Households - Owner Total,American Indian/Alaskan Native and White,0.0,P-17-TX-48-HIM1_P33 - QPR - Household Characteristics for Direct Benefit Activities by Tenure and Ethnicity_02032026.xlsx,2026-02-13 02:40:49
2144,P-17-TX-48-HIM1,HCBP_DA_LMHI_19-147-002-B490_HI,HC Buyout & Acquisition,Housing incentives to encourage resettlement,Low/Mod,Households - Owner Total,Asian,13.0,P-17-TX-48-HIM1_P33 - QPR - Household Characteristics for Direct Benefit Activities by Tenure and Ethnicity_02032026.xlsx,2026-02-13 02:40:49
2145,P-17-TX-48-HIM1,HCBP_DA_LMHI_19-147-002-B490_HI,HC Buyout & Acquisition,Housing incentives to encourage resettlement,Low/Mod,Households - Owner Total,Asian and White,0.0,P-17-TX-48-HIM1_P33 - QPR - Household Characteristics for Direct Benefit Activities by Tenure and Ethnicity_02032026.xlsx,2026-02-13 02:40:49
2146,P-17-TX-48-HIM1,HCBP_DA_LMHI_19-147-002-B490_HI,HC Buyout & Acquisition,Housing incentives to encourage resettlement,Low/Mod,Households - Owner Total,Black/African American,0.0,P-17-TX-48-HIM1_P33 - QPR - Household Characteristics for Direct Benefit Activities by Tenure and Ethnicity_02032026.xlsx,2026-02-13 02:40:49
2147,P-17-TX-48-HIM1,HCBP_DA_LMHI_19-147-002-B490_HI,HC Buyout & Acquisition,Housing incentives to encourage resettlement,Low/Mod,Households - Owner Total,Black/African American and White,0.0,P-17-TX-48-HIM1_P33 - QPR - Household Characteristics for Direct Benefit Activities by Tenure and Ethnicity_02032026.xlsx,2026-02-13 02:40:49
2148,P-17-TX-48-HIM1,HCBP_DA_LMHI_19-147-002-B490_HI,HC Buyout & Acquisition,Housing incentives to encourage resettlement,Low/Mod,Households - Owner Total,Native Hawaiian/Other Pacific Islander,0.0,P-17-TX-48-HIM1_P33 - QPR - Household Characteristics for Direct Benefit Activities by Tenure and Ethnicity_02032026.xlsx,2026-02-13 02:40:49
2149,P-17-TX-48-HIM1,HCBP_DA_LMHI_19-147-002-B490_HI,HC Buyout & Acquisition,Housing incentives to encourage resettlement,Low/Mod,Households - Owner Total,Other multi-racial,3.0,P-17-TX-48-HIM1_P33 - QPR - Household Characteristics for Direct Benefit Activities by Tenure and Ethnicity_02032026.xlsx,2026-02-13 02:40:49
2150,P-17-TX-48-HIM1,HCBP_DA_LMHI_19-147-002-B490_HI,HC Buyout & Acquisition,Housing incentives to encourage resettlement,Low/Mod,Households - Owner Total,Unknown,0.0,P-17-TX-48-HIM1_P33 - QPR - Household Characteristics for Direct Benefit Activities by Tenure and Ethnicity_02032026.xlsx,2026-02-13 02:40:49
2151,P-17-TX-48-HIM1,HCBP_DA_LMHI_19-147-002-B490_HI,HC Buyout & Acquisition,Housing incentives to encourage resettlement,Low/Mod,Households - Owner Total,White,51.0,P-17-TX-48-HIM1_P33 - QPR - Household Characteristics for Direct Benefit Activities by Tenure and Ethnicity_02032026.xlsx,2026-02-13 02:40:49
2152,P-17-TX-48-HIM1,HCBP_DA_LMHI_19-147-002-B490_HI,HC Buyout & Acquisition,Housing incentives to encourage resettlement,Low/Mod,Households - Renter Female,Households Female,0.0,P-17-TX-48-HIM1_P33 - QPR - Household Characteristics for Direct Benefit Activities by Tenure and Ethnicity_02032026.xlsx,2026-02-13 02:40:49
2153,P-17-TX-48-HIM1,HCBP_DA_LMHI_19-147-002-B490_HI,HC Buyout & Acquisition,Housing incentives to encourage resettlement,Low/Mod,Households - Renter Hispanic/Latino,American Indian/Alaskan Native,0.0,P-17-TX-48-HIM1_P33 - QPR - Household Characteristics for Direct Benefit Activities by Tenure and Ethnicity_02032026.xlsx,2026-02-13 02:40:49
2154,P-17-TX-48-HIM1,HCBP_DA_LMHI_19-147-002-B490_HI,HC Buyout & Acquisition,Housing incentives to encourage resettlement,Low/Mod,Households - Renter Hispanic/Latino,American Indian/Alaskan Native and Black/African American,0.0,P-17-TX-48-HIM1_P33 - QPR - Household Characteristics for Direct Benefit Activities by Tenure and Ethnicity_02032026.xlsx,2026-02-13 02:40:49
2155,P-17-TX-48-HIM1,HCBP_DA_LMHI_19-147-002-B490_HI,HC Buyout & Acquisition,Housing incentives to encourage resettlement,Low/Mod,Households - Renter Hispanic/Latino,American Indian/Alaskan Native and White,0.0,P-17-TX-48-HIM1_P33 - QPR - Household Characteristics for Direct Benefit Activities by Tenure and Ethnicity_02032026.xlsx,2026-02-13 02:40:49
2156,P-17-TX-48-HIM1,HCBP_DA_LMHI_19-147-002-B490_HI,HC Buyout & Acquisition,Housing incentives to encourage resettlement,Low/Mod,Households - Renter Hispanic/Latino,Asian,0.0,P-17-TX-48-HIM1_P33 - QPR - Household Characteristics for Direct Benefit Activities by Tenure and Ethnicity_02032026.xlsx,2026-02-13 02:40:49
2157,P-17-TX-48-HIM1,HCBP_DA_LMHI_19-147-002-B490_HI,HC Buyout & Acquisition,Housing incentives to encourage resettlement,Low/Mod,Households - Renter Hispanic/Latino,Asian and White,0.0,P-17-TX-48-HIM1_P33 - QPR - Household Characteristics for Direct Benefit Activities by Tenure and Ethnicity_02032026.xlsx,2026-02-13 02:40:49
2158,P-17-TX-48-HIM1,HCBP_DA_LMHI_19-147-002-B490_HI,HC Buyout & Acquisition,Housing incentives to encourage resettlement,Low/Mod,Households - Renter Hispanic/Latino,Black/African American,0.0,P-17-TX-48-HIM1_P33 - QPR - Household Characteristics for Direct Benefit Activities by Tenure and Ethnicity_02032026.xlsx,2026-02-13 02:40:49
2159,P-17-TX-48-HIM1,HCBP_DA_LMHI_19-147-002-B490_HI,HC Buyout & Acquisition,Housing incentives to encourage resettlement,Low/Mod,Households - Renter Hispanic/Latino,Black/African American and White,0.0,P-17-TX-48-HIM1_P33 - QPR - Household Characteristics for Direct Benefit Activities by Tenure and Ethnicity_02032026.xlsx,2026-02-13 02:40:49
2160,P-17-TX-48-HIM1,HCBP_DA_LMHI_19-147-002-B490_HI,HC Buyout & Acquisition,Housing incentives to encourage resettlement,Low/Mod,Households - Renter Hispanic/Latino,Native Hawaiian/Other Pacific Islander,0.0,P-17-TX-48-HIM1_P33 - QPR - Household Characteristics for Direct Benefit Activities by Tenure and Ethnicity_02032026.xlsx,2026-02-13 02:40:49
2161,P-17-TX-48-HIM1,HCBP_DA_LMHI_19-147-002-B490_HI,HC Buyout & Acquisition,Housing incentives to encourage resettlement,Low/Mod,Households - Renter Hispanic/Latino,Other multi-racial,0.0,P-17-TX-48-HIM1_P33 - QPR - Household Characteristics for Direct Benefit Activities by Tenure and Ethnicity_02032026.xlsx,2026-02-13 02:40:49
2162,P-17-TX-48-HIM1,HCBP_DA_LMHI_19-147-002-B490_HI,HC Buyout & Acquisition,Housing incentives to encourage resettlement,Low/Mod,Households - Renter Hispanic/Latino,Unknown,0.0,P-17-TX-48-HIM1_P33 - QPR - Household Characteristics for Direct Benefit Activities by Tenure and Ethnicity_02032026.xlsx,2026-02-13 02:40:49
2163,P-17-TX-48-HIM1,HCBP_DA_LMHI_19-147-002-B490_HI,HC Buyout & Acquisition,Housing incentives to encourage resettlement,Low/Mod,Households - Renter Hispanic/Latino,White,1.0,P-17-TX-48-HIM1_P33 - QPR - Household Characteristics for Direct Benefit Activities by Tenure and Ethnicity_02032026.xlsx,2026-02-13 02:40:49
2164,P-17-TX-48-HIM1,HCBP_DA_LMHI_19-147-002-B490_HI,HC Buyout & Acquisition,Housing incentives to encourage resettlement,Low/Mod,Households - Renter Total,American Indian/Alaskan Native,0.0,P-17-TX-48-HIM1_P33 - QPR - Household Characteristics for Direct Benefit Activities by Tenure and Ethnicity_02032026.xlsx,2026-02-13 02:40:49
2165,P-17-TX-48-HIM1,HCBP_DA_LMHI_19-147-002-B490_HI,HC Buyout & Acquisition,Housing incentives to encourage resettlement,Low/Mod,Households - Renter Total,American Indian/Alaskan Native and Black/African American,0.0,P-17-TX-48-HIM1_P33 - QPR - Household Characteristics for Direct Benefit Activities by Tenure and Ethnicity_02032026.xlsx,2026-02-13 02:40:49
2166,P-17-TX-48-HIM1,HCBP_DA_LMHI_19-147-002-B490_HI,HC Buyout & Acquisition,Housing incentives to encourage resettlement,Low/Mod,Households - Renter Total,American Indian/Alaskan Native and White,0.0,P-17-TX-48-HIM1_P33 - QPR - Household Characteristics for Direct Benefit Activities by Tenure and Ethnicity_02032026.xlsx,2026-02-13 02:40:49
2167,P-17-TX-48-HIM1,HCBP_DA_LMHI_19-147-002-B490_HI,HC Buyout & Acquisition,Housing incentives to encourage resettlement,Low/Mod,Households - Renter Total,Asian,0.0,P-17-TX-48-HIM1_P33 - QPR - Household Characteristics for Direct Benefit Activities by Tenure and Ethnicity_02032026.xlsx,2026-02-13 02:40:49
2168,P-17-TX-48-HIM1,HCBP_DA_LMHI_19-147-002-B490_HI,HC Buyout & Acquisition,Housing incentives to encourage resettlement,Low/Mod,Households - Renter Total,Asian and White,0.0,P-17-TX-48-HIM1_P33 - QPR - Household Characteristics for Direct Benefit Activities by Tenure and Ethnicity_02032026.xlsx,2026-02-13 02:40:49
2169,P-17-TX-48-HIM1,HCBP_DA_LMHI_19-147-002-B490_HI,HC Buyout & Acquisition,Housing incentives to encourage resettlement,Low/Mod,Households - Renter Total,Black/African American,0.0,P-17-TX-48-HIM1_P33 - QPR - Household Characteristics for Direct Benefit Activities by Tenure and Ethnicity_02032026.xlsx,2026-02-13 02:40:49
2170,P-17-TX-48-HIM1,HCBP_DA_LMHI_19-147-002-B490_HI,HC Buyout & Acquisition,Housing incentives to encourage resettlement,Low/Mod,Households - Renter Total,Black/African American and White,0.0,P-17-TX-48-HIM1_P33 - QPR - Household Characteristics for Direct Benefit Activities by Tenure and Ethnicity_02032026.xlsx,2026-02-13 02:40:49
2171,P-17-TX-48-HIM1,HCBP_DA_LMHI_19-147-002-B490_HI,HC Buyout & Acquisition,Housing incentives to encourage resettlement,Low/Mod,Households - Renter Total,Native Hawaiian/Other Pacific Islander,0.0,P-17-TX-48-HIM1_P33 - QPR - Household Characteristics for Direct Benefit Activities by Tenure and Ethnicity_02032026.xlsx,2026-02-13 02:40:49
2172,P-17-TX-48-HIM1,HCBP_DA_LMHI_19-147-002-B490_HI,HC Buyout & Acquisition,Housing incentives to encourage resettlement,Low/Mod,Households - Renter Total,Other multi-racial,0.0,P-17-TX-48-HIM1_P33 - QPR - Household Characteristics for Direct Benefit Activities by Tenure and Ethnicity_02032026.xlsx,2026-02-13 02:40:49
2173,P-17-TX-48-HIM1,HCBP_DA_LMHI_19-147-002-B490_HI,HC Buyout & Acquisition,Housing incentives to encourage resettlement,Low/Mod,Households - Renter Total,Unknown,0.0,P-17-TX-48-HIM1_P33 - QPR - Household Characteristics for Direct Benefit Activities by Tenure and Ethnicity_02032026.xlsx,2026-02-13 02:40:49
2174,P-17-TX-48-HIM1,HCBP_DA_LMHI_19-147-002-B490_HI,HC Buyout & Acquisition,Housing incentives to encourage resettlement,Low/Mod,Households - Renter Total,White,1.0,P-17-TX-48-HIM1_P33 - QPR - Household Characteristics for Direct Benefit Activities by Tenure and Ethnicity_02032026.xlsx,2026-02-13 02:40:49
2175,P-17-TX-48-HIM1,HCBP_DA_LMHI_19-147-002-B490_HI,HC Buyout & Acquisition,Housing incentives to encourage resettlement,Low/Mod,Households - Total,American Indian/Alaskan Native,0.0,P-17-TX-48-HIM1_P33 - QPR - Household Characteristics for Direct Benefit Activities by Tenure and Ethnicity_02032026.xlsx,2026-02-13 02:40:49
2176,P-17-TX-48-HIM1,HCBP_DA_LMHI_19-147-002-B490_HI,HC Buyout & Acquisition,Housing incentives to encourage resettlement,Low/Mod,Households - Total,American Indian/Alaskan Native and Black/African American,0.0,P-17-TX-48-HIM1_P33 - QPR - Household Characteristics for Direct Benefit Activities by Tenure and Ethnicity_02032026.xlsx,2026-02-13 02:40:49
2177,P-17-TX-48-HIM1,HCBP_DA_LMHI_19-147-002-B490_HI,HC Buyout & Acquisition,Housing incentives to encourage resettlement,Low/Mod,Households - Total,American Indian/Alaskan Native and White,0.0,P-17-TX-48-HIM1_P33 - QPR - Household Characteristics for Direct Benefit Activities by Tenure and Ethnicity_02032026.xlsx,2026-02-13 02:40:49
2178,P-17-TX-48-HIM1,HCBP_DA_LMHI_19-147-002-B490_HI,HC Buyout & Acquisition,Housing incentives to encourage resettlement,Low/Mod,Households - Total,Asian,13.0,P-17-TX-48-HIM1_P33 - QPR - Household Characteristics for Direct Benefit Activities by Tenure and Ethnicity_02032026.xlsx,2026-02-13 02:40:49
2179,P-17-TX-48-HIM1,HCBP_DA_LMHI_19-147-002-B490_HI,HC Buyout & Acquisition,Housing incentives to encourage resettlement,Low/Mod,Households - Total,Asian and White,0.0,P-17-TX-48-HIM1_P33 - QPR - Household Characteristics for Direct Benefit Activities by Tenure and Ethnicity_02032026.xlsx,2026-02-13 02:40:49
2180,P-17-TX-48-HIM1,HCBP_DA_LMHI_19-147-002-B490_HI,HC Buyout & Acquisition,Housing incentives to encourage resettlement,Low/Mod,Households - Total,Black/African American,0.0,P-17-TX-48-HIM1_P33 - QPR - Household Characteristics for Direct Benefit Activities by Tenure and Ethnicity_02032026.xlsx,2026-02-13 02:40:49
2181,P-17-TX-48-HIM1,HCBP_DA_LMHI_19-147-002-B490_HI,HC Buyout & Acquisition,Housing incentives to encourage resettlement,Low/Mod,Households - Total,Black/African American and White,0.0,P-17-TX-48-HIM1_P33 - QPR - Household Characteristics for Direct Benefit Activities by Tenure and Ethnicity_02032026.xlsx,2026-02-13 02:40:49
2182,P-17-TX-48-HIM1,HCBP_DA_LMHI_19-147-002-B490_HI,HC Buyout & Acquisition,Housing incentives to encourage resettlement,Low/Mod,Households - Total,Native Hawaiian/Other Pacific Islander,0.0,P-17-TX-48-HIM1_P33 - QPR - Household Characteristics for Direct Benefit Activities by Tenure and Ethnicity_02032026.xlsx,2026-02-13 02:40:49
2183,P-17-TX-48-HIM1,HCBP_DA_LMHI_19-147-002-B490_HI,HC Buyout & Acquisition,Housing incentives to encourage resettlement,Low/Mod,Households - Total,Other multi-racial,3.0,P-17-TX-48-HIM1_P33 - QPR - Household Characteristics for Direct Benefit Activities by Tenure and Ethnicity_02032026.xlsx,2026-02-13 02:40:49
2184,P-17-TX-48-HIM1,HCBP_DA_LMHI_19-147-002-B490_HI,HC Buyout & Acquisition,Housing incentives to encourage resettlement,Low/Mod,Households - Total,Unknown,0.0,P-17-TX-48-HIM1_P33 - QPR - Household Characteristics for Direct Benefit Activities by Tenure and Ethnicity_02032026.xlsx,2026-02-13 02:40:49
2185,P-17-TX-48-HIM1,HCBP_DA_LMHI_19-147-002-B490_HI,HC Buyout & Acquisition,Housing incentives to encourage resettlement,Low/Mod,Households - Total,White,52.0,P-17-TX-48-HIM1_P33 - QPR - Household Characteristics for Direct Benefit Activities by Tenure and Ethnicity_02032026.xlsx,2026-02-13 02:40:49
2186,P-17-TX-48-HIM1,HCBP_DA_LMHI_19-147-002-B490_HI,HC Buyout & Acquisition,Housing incentives to encourage resettlement,Low/Mod,Households - Total Female,Households Female,28.0,P-17-TX-48-HIM1_P33 - QPR - Household Characteristics for Direct Benefit Activities by Tenure and Ethnicity_02032026.xlsx,2026-02-13 02:40:49
2187,P-17-TX-48-HIM1,HCBP_DA_LMHI_19-147-002-B490_HI,HC Buyout & Acquisition,Housing incentives to encourage resettlement,Low/Mod,Households - Total Female,Unknown,0.0,P-17-TX-48-HIM1_P33 - QPR - Household Characteristics for Direct Benefit Activities by Tenure and Ethnicity_02032026.xlsx,2026-02-13 02:40:49
2188,P-17-TX-48-HIM1,HCBP_DA_LMHI_19-147-002-B490_HI,HC Buyout & Acquisition,Housing incentives to encourage resettlement,Low/Mod,Persons - Hispanic/Latino,American Indian/Alaskan Native,0.0,P-17-TX-48-HIM1_P33 - QPR - Household Characteristics for Direct Benefit Activities by Tenure and Ethnicity_02032026.xlsx,2026-02-13 02:40:49
2189,P-17-TX-48-HIM1,HCBP_DA_LMHI_19-147-002-B490_HI,HC Buyout & Acquisition,Housing incentives to encourage resettlement,Low/Mod,Persons - Hispanic/Latino,American Indian/Alaskan Native and Black/African American,0.0,P-17-TX-48-HIM1_P33 - QPR - Household Characteristics for Direct Benefit Activities by Tenure and Ethnicity_02032026.xlsx,2026-02-13 02:40:49
2190,P-17-TX-48-HIM1,HCBP_DA_LMHI_19-147-002-B490_HI,HC Buyout & Acquisition,Housing incentives to encourage resettlement,Low/Mod,Persons - Hispanic/Latino,American Indian/Alaskan Native and White,0.0,P-17-TX-48-HIM1_P33 - QPR - Household Characteristics for Direct Benefit Activities by Tenure and Ethnicity_02032026.xlsx,2026-02-13 02:40:49
2191,P-17-TX-48-HIM1,HCBP_DA_LMHI_19-147-002-B490_HI,HC Buyout & Acquisition,Housing incentives to encourage resettlement,Low/Mod,Persons - Hispanic/Latino,Asian,0.0,P-17-TX-48-HIM1_P33 - QPR - Household Characteristics for Direct Benefit Activities by Tenure and Ethnicity_02032026.xlsx,2026-02-13 02:40:49
2192,P-17-TX-48-HIM1,HCBP_DA_LMHI_19-147-002-B490_HI,HC Buyout & Acquisition,Housing incentives to encourage resettlement,Low/Mod,Persons - Hispanic/Latino,Asian and White,0.0,P-17-TX-48-HIM1_P33 - QPR - Household Characteristics for Direct Benefit Activities by Tenure and Ethnicity_02032026.xlsx,2026-02-13 02:40:49
2193,P-17-TX-48-HIM1,HCBP_DA_LMHI_19-147-002-B490_HI,HC Buyout & Acquisition,Housing incentives to encourage resettlement,Low/Mod,Persons - Hispanic/Latino,Black/African American,0.0,P-17-TX-48-HIM1_P33 - QPR - Household Characteristics for Direct Benefit Activities by Tenure and Ethnicity_02032026.xlsx,2026-02-13 02:40:49
2194,P-17-TX-48-HIM1,HCBP_DA_LMHI_19-147-002-B490_HI,HC Buyout & Acquisition,Housing incentives to encourage resettlement,Low/Mod,Persons - Hispanic/Latino,Black/African American and White,0.0,P-17-TX-48-HIM1_P33 - QPR - Household Characteristics for Direct Benefit Activities by Tenure and Ethnicity_02032026.xlsx,2026-02-13 02:40:49
2195,P-17-TX-48-HIM1,HCBP_DA_LMHI_19-147-002-B490_HI,HC Buyout & Acquisition,Housing incentives to encourage resettlement,Low/Mod,Persons - Hispanic/Latino,Other multi-racial,0.0,P-17-TX-48-HIM1_P33 - QPR - Household Characteristics for Direct Benefit Activities by Tenure and Ethnicity_02032026.xlsx,2026-02-13 02:40:49
2196,P-17-TX-48-HIM1,HCBP_DA_LMHI_19-147-002-B490_HI,HC Buyout & Acquisition,Housing incentives to encourage resettlement,Low/Mod,Persons - Hispanic/Latino,Unknown,0.0,P-17-TX-48-HIM1_P33 - QPR - Household Characteristics for Direct Benefit Activities by Tenure and Ethnicity_02032026.xlsx,2026-02-13 02:40:49
2197,P-17-TX-48-HIM1,HCBP_DA_LMHI_19-147-002-B490_HI,HC Buyout & Acquisition,Housing incentives to encourage resettlement,Low/Mod,Persons - Hispanic/Latino,White,0.0,P-17-TX-48-HIM1_P33 - QPR - Household Characteristics for Direct Benefit Activities by Tenure and Ethnicity_02032026.xlsx,2026-02-13 02:40:49
2198,P-17-TX-48-HIM1,HCBP_DA_LMHI_19-147-002-B490_HI,HC Buyout & Acquisition,Housing incentives to encourage resettlement,Low/Mod,Persons - Total,American Indian/Alaskan Native,0.0,P-17-TX-48-HIM1_P33 - QPR - Household Characteristics for Direct Benefit Activities by Tenure and Ethnicity_02032026.xlsx,2026-02-13 02:40:49
2199,P-17-TX-48-HIM1,HCBP_DA_LMHI_19-147-002-B490_HI,HC Buyout & Acquisition,Housing incentives to encourage resettlement,Low/Mod,Persons - Total,American Indian/Alaskan Native and Black/African American,0.0,P-17-TX-48-HIM1_P33 - QPR - Household Characteristics for Direct Benefit Activities by Tenure and Ethnicity_02032026.xlsx,2026-02-13 02:40:49
2200,P-17-TX-48-HIM1,HCBP_DA_LMHI_19-147-002-B490_HI,HC Buyout & Acquisition,Housing incentives to encourage resettlement,Low/Mod,Persons - Total,American Indian/Alaskan Native and White,0.0,P-17-TX-48-HIM1_P33 - QPR - Household Characteristics for Direct Benefit Activities by Tenure and Ethnicity_02032026.xlsx,2026-02-13 02:40:49
2201,P-17-TX-48-HIM1,HCBP_DA_LMHI_19-147-002-B490_HI,HC Buyout & Acquisition,Housing incentives to encourage resettlement,Low/Mod,Persons - Total,Asian,0.0,P-17-TX-48-HIM1_P33 - QPR - Household Characteristics for Direct Benefit Activities by Tenure and Ethnicity_02032026.xlsx,2026-02-13 02:40:49
2202,P-17-TX-48-HIM1,HCBP_DA_LMHI_19-147-002-B490_HI,HC Buyout & Acquisition,Housing incentives to encourage resettlement,Low/Mod,Persons - Total,Asian and White,0.0,P-17-TX-48-HIM1_P33 - QPR - Household Characteristics for Direct Benefit Activities by Tenure and Ethnicity_02032026.xlsx,2026-02-13 02:40:49
2203,P-17-TX-48-HIM1,HCBP_DA_LMHI_19-147-002-B490_HI,HC Buyout & Acquisition,Housing incentives to encourage resettlement,Low/Mod,Persons - Total,Black/African American,0.0,P-17-TX-48-HIM1_P33 - QPR - Household Characteristics for Direct Benefit Activities by Tenure and Ethnicity_02032026.xlsx,2026-02-13 02:40:49
2204,P-17-TX-48-HIM1,HCBP_DA_LMHI_19-147-002-B490_HI,HC Buyout & Acquisition,Housing incentives to encourage resettlement,Low/Mod,Persons - Total,Black/African American and White,0.0,P-17-TX-48-HIM1_P33 - QPR - Household Characteristics for Direct Benefit Activities by Tenure and Ethnicity_02032026.xlsx,2026-02-13 02:40:49
2205,P-17-TX-48-HIM1,HCBP_DA_LMHI_19-147-002-B490_HI,HC Buyout & Acquisition,Housing incentives to encourage resettlement,Low/Mod,Persons - Total,Native Hawaiian/Other Pacific Islander,0.0,P-17-TX-48-HIM1_P33 - QPR - Household Characteristics for Direct Benefit Activities by Tenure and Ethnicity_02032026.xlsx,2026-02-13 02:40:49
2206,P-17-TX-48-HIM1,HCBP_DA_LMHI_19-147-002-B490_HI,HC Buyout & Acquisition,Housing incentives to encourage resettlement,Low/Mod,Persons - Total,Other multi-racial,0.0,P-17-TX-48-HIM1_P33 - QPR - Household Characteristics for Direct Benefit Activities by Tenure and Ethnicity_02032026.xlsx,2026-02-13 02:40:49
2207,P-17-TX-48-HIM1,HCBP_DA_LMHI_19-147-002-B490_HI,HC Buyout & Acquisition,Housing incentives to encourage resettlement,Low/Mod,Persons - Total,Unknown,0.0,P-17-TX-48-HIM1_P33 - QPR - Household Characteristics for Direct Benefit Activities by Tenure and Ethnicity_02032026.xlsx,2026-02-13 02:40:49
2208,P-17-TX-48-HIM1,HCBP_DA_LMHI_19-147-002-B490_HI,HC Buyout & Acquisition,Housing incentives to encourage resettlement,Low/Mod,Persons - Total,White,0.0,P-17-TX-48-HIM1_P33 - QPR - Household Characteristics for Direct Benefit Activities by Tenure and Ethnicity_02032026.xlsx,2026-02-13 02:40:49
