date,program_id,area,record_type,measure,value,unit,source_id,source_page,evidence_status,eligible_for_automatic_calibration,quality_note,observation_type
2024-09-30,HCD_Harvey_mandatory_residential,Aldine Place,acquisition,awaiting_offer,1,properties,hcd_buyout_2024q3,7,observed_reported,True,,snapshot; not period completions; geography and cohort can change
2024-09-30,HCD_Harvey_mandatory_residential,Aldine Place,acquisition,response_pending,0,properties,hcd_buyout_2024q3,7,observed_reported,True,,snapshot; not period completions; geography and cohort can change
2024-09-30,HCD_Harvey_mandatory_residential,Aldine Place,acquisition,in_eminent_domain,0,properties,hcd_buyout_2024q3,7,observed_reported,True,,snapshot; not period completions; geography and cohort can change
2024-09-30,HCD_Harvey_mandatory_residential,Aldine Place,acquisition,accepted_closing_tbd,0,properties,hcd_buyout_2024q3,7,observed_reported,True,,snapshot; not period completions; geography and cohort can change
2024-09-30,HCD_Harvey_mandatory_residential,Aldine Place,acquisition,closing_scheduled,0,properties,hcd_buyout_2024q3,7,observed_reported,True,,snapshot; not period completions; geography and cohort can change
2024-09-30,HCD_Harvey_mandatory_residential,Aldine Place,acquisition,acquired_eminent_domain,10,properties,hcd_buyout_2024q3,7,observed_reported,True,,snapshot; not period completions; geography and cohort can change
2024-09-30,HCD_Harvey_mandatory_residential,Aldine Place,acquisition,acquired_negotiation,12,properties,hcd_buyout_2024q3,7,observed_reported,True,,snapshot; not period completions; geography and cohort can change
2024-09-30,HCD_Harvey_mandatory_residential,Aldine Place,acquisition,reported_total_cases,23,properties,hcd_buyout_2024q3,7,observed_reported,True,,snapshot; not period completions; geography and cohort can change
2024-09-30,HCD_Harvey_mandatory_residential,Allen Fields,acquisition,awaiting_offer,1,properties,hcd_buyout_2024q3,7,observed_reported,True,,snapshot; not period completions; geography and cohort can change
2024-09-30,HCD_Harvey_mandatory_residential,Allen Fields,acquisition,response_pending,2,properties,hcd_buyout_2024q3,7,observed_reported,True,,snapshot; not period completions; geography and cohort can change
2024-09-30,HCD_Harvey_mandatory_residential,Allen Fields,acquisition,in_eminent_domain,1,properties,hcd_buyout_2024q3,7,observed_reported,True,,snapshot; not period completions; geography and cohort can change
2024-09-30,HCD_Harvey_mandatory_residential,Allen Fields,acquisition,accepted_closing_tbd,1,properties,hcd_buyout_2024q3,7,observed_reported,True,,snapshot; not period completions; geography and cohort can change
2024-09-30,HCD_Harvey_mandatory_residential,Allen Fields,acquisition,closing_scheduled,0,properties,hcd_buyout_2024q3,7,observed_reported,True,,snapshot; not period completions; geography and cohort can change
2024-09-30,HCD_Harvey_mandatory_residential,Allen Fields,acquisition,acquired_eminent_domain,105,properties,hcd_buyout_2024q3,7,observed_reported,True,,snapshot; not period completions; geography and cohort can change
2024-09-30,HCD_Harvey_mandatory_residential,Allen Fields,acquisition,acquired_negotiation,83,properties,hcd_buyout_2024q3,7,observed_reported,True,,snapshot; not period completions; geography and cohort can change
2024-09-30,HCD_Harvey_mandatory_residential,Allen Fields,acquisition,reported_total_cases,193,properties,hcd_buyout_2024q3,7,observed_reported,True,,snapshot; not period completions; geography and cohort can change
2024-09-30,HCD_Harvey_mandatory_residential,Blue Bell,acquisition,awaiting_offer,0,properties,hcd_buyout_2024q3,7,observed_reported,True,,snapshot; not period completions; geography and cohort can change
2024-09-30,HCD_Harvey_mandatory_residential,Blue Bell,acquisition,response_pending,0,properties,hcd_buyout_2024q3,7,observed_reported,True,,snapshot; not period completions; geography and cohort can change
2024-09-30,HCD_Harvey_mandatory_residential,Blue Bell,acquisition,in_eminent_domain,0,properties,hcd_buyout_2024q3,7,observed_reported,True,,snapshot; not period completions; geography and cohort can change
2024-09-30,HCD_Harvey_mandatory_residential,Blue Bell,acquisition,accepted_closing_tbd,0,properties,hcd_buyout_2024q3,7,observed_reported,True,,snapshot; not period completions; geography and cohort can change
2024-09-30,HCD_Harvey_mandatory_residential,Blue Bell,acquisition,closing_scheduled,0,properties,hcd_buyout_2024q3,7,observed_reported,True,,snapshot; not period completions; geography and cohort can change
2024-09-30,HCD_Harvey_mandatory_residential,Blue Bell,acquisition,acquired_eminent_domain,12,properties,hcd_buyout_2024q3,7,observed_reported,True,,snapshot; not period completions; geography and cohort can change
2024-09-30,HCD_Harvey_mandatory_residential,Blue Bell,acquisition,acquired_negotiation,12,properties,hcd_buyout_2024q3,7,observed_reported,True,,snapshot; not period completions; geography and cohort can change
2024-09-30,HCD_Harvey_mandatory_residential,Blue Bell,acquisition,reported_total_cases,24,properties,hcd_buyout_2024q3,7,observed_reported,True,,snapshot; not period completions; geography and cohort can change
2024-09-30,HCD_Harvey_mandatory_residential,Greens Road,acquisition,awaiting_offer,0,properties,hcd_buyout_2024q3,7,observed_reported,True,,snapshot; not period completions; geography and cohort can change
2024-09-30,HCD_Harvey_mandatory_residential,Greens Road,acquisition,response_pending,0,properties,hcd_buyout_2024q3,7,observed_reported,True,,snapshot; not period completions; geography and cohort can change
2024-09-30,HCD_Harvey_mandatory_residential,Greens Road,acquisition,in_eminent_domain,0,properties,hcd_buyout_2024q3,7,observed_reported,True,,snapshot; not period completions; geography and cohort can change
2024-09-30,HCD_Harvey_mandatory_residential,Greens Road,acquisition,accepted_closing_tbd,0,properties,hcd_buyout_2024q3,7,observed_reported,True,,snapshot; not period completions; geography and cohort can change
2024-09-30,HCD_Harvey_mandatory_residential,Greens Road,acquisition,closing_scheduled,0,properties,hcd_buyout_2024q3,7,observed_reported,True,,snapshot; not period completions; geography and cohort can change
2024-09-30,HCD_Harvey_mandatory_residential,Greens Road,acquisition,acquired_eminent_domain,2,properties,hcd_buyout_2024q3,7,observed_reported,True,,snapshot; not period completions; geography and cohort can change
2024-09-30,HCD_Harvey_mandatory_residential,Greens Road,acquisition,acquired_negotiation,1,properties,hcd_buyout_2024q3,7,observed_reported,True,,snapshot; not period completions; geography and cohort can change
2024-09-30,HCD_Harvey_mandatory_residential,Greens Road,acquisition,reported_total_cases,3,properties,hcd_buyout_2024q3,7,observed_reported,True,,snapshot; not period completions; geography and cohort can change
2024-09-30,HCD_Harvey_mandatory_residential,Hahl Sites,acquisition,awaiting_offer,0,properties,hcd_buyout_2024q3,7,observed_reported,True,,snapshot; not period completions; geography and cohort can change
2024-09-30,HCD_Harvey_mandatory_residential,Hahl Sites,acquisition,response_pending,0,properties,hcd_buyout_2024q3,7,observed_reported,True,,snapshot; not period completions; geography and cohort can change
2024-09-30,HCD_Harvey_mandatory_residential,Hahl Sites,acquisition,in_eminent_domain,0,properties,hcd_buyout_2024q3,7,observed_reported,True,,snapshot; not period completions; geography and cohort can change
2024-09-30,HCD_Harvey_mandatory_residential,Hahl Sites,acquisition,accepted_closing_tbd,0,properties,hcd_buyout_2024q3,7,observed_reported,True,,snapshot; not period completions; geography and cohort can change
2024-09-30,HCD_Harvey_mandatory_residential,Hahl Sites,acquisition,closing_scheduled,0,properties,hcd_buyout_2024q3,7,observed_reported,True,,snapshot; not period completions; geography and cohort can change
2024-09-30,HCD_Harvey_mandatory_residential,Hahl Sites,acquisition,acquired_eminent_domain,16,properties,hcd_buyout_2024q3,7,observed_reported,True,,snapshot; not period completions; geography and cohort can change
2024-09-30,HCD_Harvey_mandatory_residential,Hahl Sites,acquisition,acquired_negotiation,10,properties,hcd_buyout_2024q3,7,observed_reported,True,,snapshot; not period completions; geography and cohort can change
2024-09-30,HCD_Harvey_mandatory_residential,Hahl Sites,acquisition,reported_total_cases,26,properties,hcd_buyout_2024q3,7,observed_reported,True,,snapshot; not period completions; geography and cohort can change
2024-09-30,HCD_Harvey_mandatory_residential,Highland Shores,acquisition,awaiting_offer,0,properties,hcd_buyout_2024q3,7,observed_reported,True,,snapshot; not period completions; geography and cohort can change
2024-09-30,HCD_Harvey_mandatory_residential,Highland Shores,acquisition,response_pending,0,properties,hcd_buyout_2024q3,7,observed_reported,True,,snapshot; not period completions; geography and cohort can change
2024-09-30,HCD_Harvey_mandatory_residential,Highland Shores,acquisition,in_eminent_domain,6,properties,hcd_buyout_2024q3,7,observed_reported,True,,snapshot; not period completions; geography and cohort can change
2024-09-30,HCD_Harvey_mandatory_residential,Highland Shores,acquisition,accepted_closing_tbd,0,properties,hcd_buyout_2024q3,7,observed_reported,True,,snapshot; not period completions; geography and cohort can change
2024-09-30,HCD_Harvey_mandatory_residential,Highland Shores,acquisition,closing_scheduled,0,properties,hcd_buyout_2024q3,7,observed_reported,True,,snapshot; not period completions; geography and cohort can change
2024-09-30,HCD_Harvey_mandatory_residential,Highland Shores,acquisition,acquired_eminent_domain,71,properties,hcd_buyout_2024q3,7,observed_reported,True,,snapshot; not period completions; geography and cohort can change
2024-09-30,HCD_Harvey_mandatory_residential,Highland Shores,acquisition,acquired_negotiation,64,properties,hcd_buyout_2024q3,7,observed_reported,True,,snapshot; not period completions; geography and cohort can change
2024-09-30,HCD_Harvey_mandatory_residential,Highland Shores,acquisition,reported_total_cases,141,properties,hcd_buyout_2024q3,7,observed_reported,True,,snapshot; not period completions; geography and cohort can change
2024-09-30,HCD_Harvey_mandatory_residential,Meadowview Land,acquisition,awaiting_offer,0,properties,hcd_buyout_2024q3,7,observed_reported,True,,snapshot; not period completions; geography and cohort can change
2024-09-30,HCD_Harvey_mandatory_residential,Meadowview Land,acquisition,response_pending,0,properties,hcd_buyout_2024q3,7,observed_reported,True,,snapshot; not period completions; geography and cohort can change
2024-09-30,HCD_Harvey_mandatory_residential,Meadowview Land,acquisition,in_eminent_domain,2,properties,hcd_buyout_2024q3,7,observed_reported,True,,snapshot; not period completions; geography and cohort can change
2024-09-30,HCD_Harvey_mandatory_residential,Meadowview Land,acquisition,accepted_closing_tbd,0,properties,hcd_buyout_2024q3,7,observed_reported,True,,snapshot; not period completions; geography and cohort can change
2024-09-30,HCD_Harvey_mandatory_residential,Meadowview Land,acquisition,closing_scheduled,0,properties,hcd_buyout_2024q3,7,observed_reported,True,,snapshot; not period completions; geography and cohort can change
2024-09-30,HCD_Harvey_mandatory_residential,Meadowview Land,acquisition,acquired_eminent_domain,12,properties,hcd_buyout_2024q3,7,observed_reported,True,,snapshot; not period completions; geography and cohort can change
2024-09-30,HCD_Harvey_mandatory_residential,Meadowview Land,acquisition,acquired_negotiation,2,properties,hcd_buyout_2024q3,7,observed_reported,True,,snapshot; not period completions; geography and cohort can change
2024-09-30,HCD_Harvey_mandatory_residential,Meadowview Land,acquisition,reported_total_cases,16,properties,hcd_buyout_2024q3,7,observed_reported,True,,snapshot; not period completions; geography and cohort can change
2024-09-30,HCD_Harvey_mandatory_residential,Total,acquisition,awaiting_offer,2,properties,hcd_buyout_2024q3,7,observed_reported,True,,snapshot; not period completions; geography and cohort can change
2024-09-30,HCD_Harvey_mandatory_residential,Total,acquisition,response_pending,2,properties,hcd_buyout_2024q3,7,observed_reported,True,,snapshot; not period completions; geography and cohort can change
2024-09-30,HCD_Harvey_mandatory_residential,Total,acquisition,in_eminent_domain,9,properties,hcd_buyout_2024q3,7,observed_reported,True,,snapshot; not period completions; geography and cohort can change
2024-09-30,HCD_Harvey_mandatory_residential,Total,acquisition,accepted_closing_tbd,1,properties,hcd_buyout_2024q3,7,observed_reported,True,,snapshot; not period completions; geography and cohort can change
2024-09-30,HCD_Harvey_mandatory_residential,Total,acquisition,closing_scheduled,0,properties,hcd_buyout_2024q3,7,observed_reported,True,,snapshot; not period completions; geography and cohort can change
2024-09-30,HCD_Harvey_mandatory_residential,Total,acquisition,acquired_eminent_domain,228,properties,hcd_buyout_2024q3,7,observed_reported,True,,snapshot; not period completions; geography and cohort can change
2024-09-30,HCD_Harvey_mandatory_residential,Total,acquisition,acquired_negotiation,184,properties,hcd_buyout_2024q3,7,observed_reported,True,,snapshot; not period completions; geography and cohort can change
2024-09-30,HCD_Harvey_mandatory_residential,Total,acquisition,reported_total_cases,426,properties,hcd_buyout_2024q3,7,observed_reported,True,,snapshot; not period completions; geography and cohort can change
2024-09-30,HCD_Harvey_mandatory_residential,Aldine Place,relocation,pending_sor,0,household_cases,hcd_buyout_2024q3,7,observed_reported,True,,snapshot; not period completions; geography and cohort can change
2024-09-30,HCD_Harvey_mandatory_residential,Aldine Place,relocation,pending_offer,0,household_cases,hcd_buyout_2024q3,7,observed_reported,True,,snapshot; not period completions; geography and cohort can change
2024-09-30,HCD_Harvey_mandatory_residential,Aldine Place,relocation,pending_noe,0,household_cases,hcd_buyout_2024q3,7,observed_reported,True,,snapshot; not period completions; geography and cohort can change
2024-09-30,HCD_Harvey_mandatory_residential,Aldine Place,relocation,search,5,household_cases,hcd_buyout_2024q3,7,observed_reported,True,,snapshot; not period completions; geography and cohort can change
2024-09-30,HCD_Harvey_mandatory_residential,Aldine Place,relocation,relocated,23,household_cases,hcd_buyout_2024q3,7,observed_reported,True,,snapshot; not period completions; geography and cohort can change
2024-09-30,HCD_Harvey_mandatory_residential,Aldine Place,relocation,reported_total_cases,28,household_cases,hcd_buyout_2024q3,7,observed_reported,True,,snapshot; not period completions; geography and cohort can change
2024-09-30,HCD_Harvey_mandatory_residential,Allen Fields,relocation,pending_sor,1,household_cases,hcd_buyout_2024q3,7,observed_reported,True,,snapshot; not period completions; geography and cohort can change
2024-09-30,HCD_Harvey_mandatory_residential,Allen Fields,relocation,pending_offer,1,household_cases,hcd_buyout_2024q3,7,observed_reported,True,,snapshot; not period completions; geography and cohort can change
2024-09-30,HCD_Harvey_mandatory_residential,Allen Fields,relocation,pending_noe,0,household_cases,hcd_buyout_2024q3,7,observed_reported,True,,snapshot; not period completions; geography and cohort can change
2024-09-30,HCD_Harvey_mandatory_residential,Allen Fields,relocation,search,23,household_cases,hcd_buyout_2024q3,7,observed_reported,True,,snapshot; not period completions; geography and cohort can change
2024-09-30,HCD_Harvey_mandatory_residential,Allen Fields,relocation,relocated,142,household_cases,hcd_buyout_2024q3,7,observed_reported,True,,snapshot; not period completions; geography and cohort can change
2024-09-30,HCD_Harvey_mandatory_residential,Allen Fields,relocation,reported_total_cases,167,household_cases,hcd_buyout_2024q3,7,observed_reported,True,,snapshot; not period completions; geography and cohort can change
2024-09-30,HCD_Harvey_mandatory_residential,Blue Bell,relocation,pending_sor,0,household_cases,hcd_buyout_2024q3,7,observed_reported,True,,snapshot; not period completions; geography and cohort can change
2024-09-30,HCD_Harvey_mandatory_residential,Blue Bell,relocation,pending_offer,0,household_cases,hcd_buyout_2024q3,7,observed_reported,True,,snapshot; not period completions; geography and cohort can change
2024-09-30,HCD_Harvey_mandatory_residential,Blue Bell,relocation,pending_noe,1,household_cases,hcd_buyout_2024q3,7,observed_reported,True,,snapshot; not period completions; geography and cohort can change
2024-09-30,HCD_Harvey_mandatory_residential,Blue Bell,relocation,search,5,household_cases,hcd_buyout_2024q3,7,observed_reported,True,,snapshot; not period completions; geography and cohort can change
2024-09-30,HCD_Harvey_mandatory_residential,Blue Bell,relocation,relocated,22,household_cases,hcd_buyout_2024q3,7,observed_reported,True,,snapshot; not period completions; geography and cohort can change
2024-09-30,HCD_Harvey_mandatory_residential,Blue Bell,relocation,reported_total_cases,28,household_cases,hcd_buyout_2024q3,7,observed_reported,True,,snapshot; not period completions; geography and cohort can change
2024-09-30,HCD_Harvey_mandatory_residential,Greens Road,relocation,pending_sor,12,household_cases,hcd_buyout_2024q3,7,observed_reported,True,,snapshot; not period completions; geography and cohort can change
2024-09-30,HCD_Harvey_mandatory_residential,Greens Road,relocation,pending_offer,0,household_cases,hcd_buyout_2024q3,7,observed_reported,True,,snapshot; not period completions; geography and cohort can change
2024-09-30,HCD_Harvey_mandatory_residential,Greens Road,relocation,pending_noe,1,household_cases,hcd_buyout_2024q3,7,observed_reported,True,,snapshot; not period completions; geography and cohort can change
2024-09-30,HCD_Harvey_mandatory_residential,Greens Road,relocation,search,53,household_cases,hcd_buyout_2024q3,7,observed_reported,True,,snapshot; not period completions; geography and cohort can change
2024-09-30,HCD_Harvey_mandatory_residential,Greens Road,relocation,relocated,208,household_cases,hcd_buyout_2024q3,7,observed_reported,True,,snapshot; not period completions; geography and cohort can change
2024-09-30,HCD_Harvey_mandatory_residential,Greens Road,relocation,reported_total_cases,274,household_cases,hcd_buyout_2024q3,7,observed_reported,True,,snapshot; not period completions; geography and cohort can change
2024-09-30,HCD_Harvey_mandatory_residential,Hahl Sites,relocation,pending_sor,0,household_cases,hcd_buyout_2024q3,7,observed_reported,True,,snapshot; not period completions; geography and cohort can change
2024-09-30,HCD_Harvey_mandatory_residential,Hahl Sites,relocation,pending_offer,0,household_cases,hcd_buyout_2024q3,7,observed_reported,True,,snapshot; not period completions; geography and cohort can change
2024-09-30,HCD_Harvey_mandatory_residential,Hahl Sites,relocation,pending_noe,0,household_cases,hcd_buyout_2024q3,7,observed_reported,True,,snapshot; not period completions; geography and cohort can change
2024-09-30,HCD_Harvey_mandatory_residential,Hahl Sites,relocation,search,9,household_cases,hcd_buyout_2024q3,7,observed_reported,True,,snapshot; not period completions; geography and cohort can change
2024-09-30,HCD_Harvey_mandatory_residential,Hahl Sites,relocation,relocated,67,household_cases,hcd_buyout_2024q3,7,observed_reported,True,,snapshot; not period completions; geography and cohort can change
2024-09-30,HCD_Harvey_mandatory_residential,Hahl Sites,relocation,reported_total_cases,76,household_cases,hcd_buyout_2024q3,7,observed_reported,True,,snapshot; not period completions; geography and cohort can change
2024-09-30,HCD_Harvey_mandatory_residential,Highland Shores,relocation,pending_sor,0,household_cases,hcd_buyout_2024q3,7,observed_reported,True,,snapshot; not period completions; geography and cohort can change
2024-09-30,HCD_Harvey_mandatory_residential,Highland Shores,relocation,pending_offer,0,household_cases,hcd_buyout_2024q3,7,observed_reported,True,,snapshot; not period completions; geography and cohort can change
2024-09-30,HCD_Harvey_mandatory_residential,Highland Shores,relocation,pending_noe,0,household_cases,hcd_buyout_2024q3,7,observed_reported,True,,snapshot; not period completions; geography and cohort can change
2024-09-30,HCD_Harvey_mandatory_residential,Highland Shores,relocation,search,0,household_cases,hcd_buyout_2024q3,7,observed_reported,True,,snapshot; not period completions; geography and cohort can change
2024-09-30,HCD_Harvey_mandatory_residential,Highland Shores,relocation,relocated,2,household_cases,hcd_buyout_2024q3,7,observed_reported,True,,snapshot; not period completions; geography and cohort can change
2024-09-30,HCD_Harvey_mandatory_residential,Highland Shores,relocation,reported_total_cases,2,household_cases,hcd_buyout_2024q3,7,observed_reported,True,,snapshot; not period completions; geography and cohort can change
2024-09-30,HCD_Harvey_mandatory_residential,Meadowview Land,relocation,pending_sor,0,household_cases,hcd_buyout_2024q3,7,observed_reported,True,,snapshot; not period completions; geography and cohort can change
2024-09-30,HCD_Harvey_mandatory_residential,Meadowview Land,relocation,pending_offer,0,household_cases,hcd_buyout_2024q3,7,observed_reported,True,,snapshot; not period completions; geography and cohort can change
2024-09-30,HCD_Harvey_mandatory_residential,Meadowview Land,relocation,pending_noe,0,household_cases,hcd_buyout_2024q3,7,observed_reported,True,,snapshot; not period completions; geography and cohort can change
2024-09-30,HCD_Harvey_mandatory_residential,Meadowview Land,relocation,search,13,household_cases,hcd_buyout_2024q3,7,observed_reported,True,,snapshot; not period completions; geography and cohort can change
2024-09-30,HCD_Harvey_mandatory_residential,Meadowview Land,relocation,relocated,148,household_cases,hcd_buyout_2024q3,7,observed_reported,True,,snapshot; not period completions; geography and cohort can change
2024-09-30,HCD_Harvey_mandatory_residential,Meadowview Land,relocation,reported_total_cases,161,household_cases,hcd_buyout_2024q3,7,observed_reported,True,,snapshot; not period completions; geography and cohort can change
2024-09-30,HCD_Harvey_mandatory_residential,Total,relocation,pending_sor,13,household_cases,hcd_buyout_2024q3,7,observed_reported,True,,snapshot; not period completions; geography and cohort can change
2024-09-30,HCD_Harvey_mandatory_residential,Total,relocation,pending_offer,1,household_cases,hcd_buyout_2024q3,7,observed_reported,True,,snapshot; not period completions; geography and cohort can change
2024-09-30,HCD_Harvey_mandatory_residential,Total,relocation,pending_noe,2,household_cases,hcd_buyout_2024q3,7,observed_reported,True,,snapshot; not period completions; geography and cohort can change
2024-09-30,HCD_Harvey_mandatory_residential,Total,relocation,search,108,household_cases,hcd_buyout_2024q3,7,observed_reported,True,,snapshot; not period completions; geography and cohort can change
2024-09-30,HCD_Harvey_mandatory_residential,Total,relocation,relocated,612,household_cases,hcd_buyout_2024q3,7,observed_reported,True,,snapshot; not period completions; geography and cohort can change
2024-09-30,HCD_Harvey_mandatory_residential,Total,relocation,reported_total_cases,736,household_cases,hcd_buyout_2024q3,7,observed_reported,True,,snapshot; not period completions; geography and cohort can change
2025-06-30,HCD_Harvey_mandatory_residential,Aldine Place,acquisition,awaiting_offer,0,properties,hcd_buyout_2025q2,7,observed_reported,True,,snapshot; not period completions; geography and cohort can change
2025-06-30,HCD_Harvey_mandatory_residential,Aldine Place,acquisition,response_pending,0,properties,hcd_buyout_2025q2,7,observed_reported,True,,snapshot; not period completions; geography and cohort can change
2025-06-30,HCD_Harvey_mandatory_residential,Aldine Place,acquisition,in_eminent_domain,0,properties,hcd_buyout_2025q2,7,observed_reported,True,,snapshot; not period completions; geography and cohort can change
2025-06-30,HCD_Harvey_mandatory_residential,Aldine Place,acquisition,accepted_closing_tbd,0,properties,hcd_buyout_2025q2,7,observed_reported,True,,snapshot; not period completions; geography and cohort can change
2025-06-30,HCD_Harvey_mandatory_residential,Aldine Place,acquisition,closing_scheduled,0,properties,hcd_buyout_2025q2,7,observed_reported,True,,snapshot; not period completions; geography and cohort can change
2025-06-30,HCD_Harvey_mandatory_residential,Aldine Place,acquisition,acquired_eminent_domain,10,properties,hcd_buyout_2025q2,7,observed_reported,True,,snapshot; not period completions; geography and cohort can change
2025-06-30,HCD_Harvey_mandatory_residential,Aldine Place,acquisition,acquired_negotiation,12,properties,hcd_buyout_2025q2,7,observed_reported,True,,snapshot; not period completions; geography and cohort can change
2025-06-30,HCD_Harvey_mandatory_residential,Aldine Place,acquisition,reported_total_cases,22,properties,hcd_buyout_2025q2,7,observed_reported,True,,snapshot; not period completions; geography and cohort can change
2025-06-30,HCD_Harvey_mandatory_residential,Allen Fields,acquisition,awaiting_offer,0,properties,hcd_buyout_2025q2,7,observed_reported,False,Source status sum differs from reported total by 2,snapshot; not period completions; geography and cohort can change
2025-06-30,HCD_Harvey_mandatory_residential,Allen Fields,acquisition,response_pending,0,properties,hcd_buyout_2025q2,7,observed_reported,False,Source status sum differs from reported total by 2,snapshot; not period completions; geography and cohort can change
2025-06-30,HCD_Harvey_mandatory_residential,Allen Fields,acquisition,in_eminent_domain,1,properties,hcd_buyout_2025q2,7,observed_reported,False,Source status sum differs from reported total by 2,snapshot; not period completions; geography and cohort can change
2025-06-30,HCD_Harvey_mandatory_residential,Allen Fields,acquisition,accepted_closing_tbd,1,properties,hcd_buyout_2025q2,7,observed_reported,False,Source status sum differs from reported total by 2,snapshot; not period completions; geography and cohort can change
2025-06-30,HCD_Harvey_mandatory_residential,Allen Fields,acquisition,closing_scheduled,0,properties,hcd_buyout_2025q2,7,observed_reported,False,Source status sum differs from reported total by 2,snapshot; not period completions; geography and cohort can change
2025-06-30,HCD_Harvey_mandatory_residential,Allen Fields,acquisition,acquired_eminent_domain,107,properties,hcd_buyout_2025q2,7,observed_reported,False,Source status sum differs from reported total by 2,snapshot; not period completions; geography and cohort can change
2025-06-30,HCD_Harvey_mandatory_residential,Allen Fields,acquisition,acquired_negotiation,86,properties,hcd_buyout_2025q2,7,observed_reported,False,Source status sum differs from reported total by 2,snapshot; not period completions; geography and cohort can change
2025-06-30,HCD_Harvey_mandatory_residential,Allen Fields,acquisition,reported_total_cases,193,properties,hcd_buyout_2025q2,7,observed_reported,False,Source status sum differs from reported total by 2,snapshot; not period completions; geography and cohort can change
2025-06-30,HCD_Harvey_mandatory_residential,Blue Bell,acquisition,awaiting_offer,0,properties,hcd_buyout_2025q2,7,observed_reported,True,,snapshot; not period completions; geography and cohort can change
2025-06-30,HCD_Harvey_mandatory_residential,Blue Bell,acquisition,response_pending,0,properties,hcd_buyout_2025q2,7,observed_reported,True,,snapshot; not period completions; geography and cohort can change
2025-06-30,HCD_Harvey_mandatory_residential,Blue Bell,acquisition,in_eminent_domain,0,properties,hcd_buyout_2025q2,7,observed_reported,True,,snapshot; not period completions; geography and cohort can change
2025-06-30,HCD_Harvey_mandatory_residential,Blue Bell,acquisition,accepted_closing_tbd,0,properties,hcd_buyout_2025q2,7,observed_reported,True,,snapshot; not period completions; geography and cohort can change
2025-06-30,HCD_Harvey_mandatory_residential,Blue Bell,acquisition,closing_scheduled,0,properties,hcd_buyout_2025q2,7,observed_reported,True,,snapshot; not period completions; geography and cohort can change
2025-06-30,HCD_Harvey_mandatory_residential,Blue Bell,acquisition,acquired_eminent_domain,12,properties,hcd_buyout_2025q2,7,observed_reported,True,,snapshot; not period completions; geography and cohort can change
2025-06-30,HCD_Harvey_mandatory_residential,Blue Bell,acquisition,acquired_negotiation,12,properties,hcd_buyout_2025q2,7,observed_reported,True,,snapshot; not period completions; geography and cohort can change
2025-06-30,HCD_Harvey_mandatory_residential,Blue Bell,acquisition,reported_total_cases,24,properties,hcd_buyout_2025q2,7,observed_reported,True,,snapshot; not period completions; geography and cohort can change
2025-06-30,HCD_Harvey_mandatory_residential,Greens Road,acquisition,awaiting_offer,0,properties,hcd_buyout_2025q2,7,observed_reported,True,,snapshot; not period completions; geography and cohort can change
2025-06-30,HCD_Harvey_mandatory_residential,Greens Road,acquisition,response_pending,0,properties,hcd_buyout_2025q2,7,observed_reported,True,,snapshot; not period completions; geography and cohort can change
2025-06-30,HCD_Harvey_mandatory_residential,Greens Road,acquisition,in_eminent_domain,0,properties,hcd_buyout_2025q2,7,observed_reported,True,,snapshot; not period completions; geography and cohort can change
2025-06-30,HCD_Harvey_mandatory_residential,Greens Road,acquisition,accepted_closing_tbd,0,properties,hcd_buyout_2025q2,7,observed_reported,True,,snapshot; not period completions; geography and cohort can change
2025-06-30,HCD_Harvey_mandatory_residential,Greens Road,acquisition,closing_scheduled,0,properties,hcd_buyout_2025q2,7,observed_reported,True,,snapshot; not period completions; geography and cohort can change
2025-06-30,HCD_Harvey_mandatory_residential,Greens Road,acquisition,acquired_eminent_domain,2,properties,hcd_buyout_2025q2,7,observed_reported,True,,snapshot; not period completions; geography and cohort can change
2025-06-30,HCD_Harvey_mandatory_residential,Greens Road,acquisition,acquired_negotiation,1,properties,hcd_buyout_2025q2,7,observed_reported,True,,snapshot; not period completions; geography and cohort can change
2025-06-30,HCD_Harvey_mandatory_residential,Greens Road,acquisition,reported_total_cases,3,properties,hcd_buyout_2025q2,7,observed_reported,True,,snapshot; not period completions; geography and cohort can change
2025-06-30,HCD_Harvey_mandatory_residential,Hahl Sites,acquisition,awaiting_offer,0,properties,hcd_buyout_2025q2,7,observed_reported,True,,snapshot; not period completions; geography and cohort can change
2025-06-30,HCD_Harvey_mandatory_residential,Hahl Sites,acquisition,response_pending,0,properties,hcd_buyout_2025q2,7,observed_reported,True,,snapshot; not period completions; geography and cohort can change
2025-06-30,HCD_Harvey_mandatory_residential,Hahl Sites,acquisition,in_eminent_domain,0,properties,hcd_buyout_2025q2,7,observed_reported,True,,snapshot; not period completions; geography and cohort can change
2025-06-30,HCD_Harvey_mandatory_residential,Hahl Sites,acquisition,accepted_closing_tbd,0,properties,hcd_buyout_2025q2,7,observed_reported,True,,snapshot; not period completions; geography and cohort can change
2025-06-30,HCD_Harvey_mandatory_residential,Hahl Sites,acquisition,closing_scheduled,0,properties,hcd_buyout_2025q2,7,observed_reported,True,,snapshot; not period completions; geography and cohort can change
2025-06-30,HCD_Harvey_mandatory_residential,Hahl Sites,acquisition,acquired_eminent_domain,17,properties,hcd_buyout_2025q2,7,observed_reported,True,,snapshot; not period completions; geography and cohort can change
2025-06-30,HCD_Harvey_mandatory_residential,Hahl Sites,acquisition,acquired_negotiation,9,properties,hcd_buyout_2025q2,7,observed_reported,True,,snapshot; not period completions; geography and cohort can change
2025-06-30,HCD_Harvey_mandatory_residential,Hahl Sites,acquisition,reported_total_cases,26,properties,hcd_buyout_2025q2,7,observed_reported,True,,snapshot; not period completions; geography and cohort can change
2025-06-30,HCD_Harvey_mandatory_residential,Highland Shores,acquisition,awaiting_offer,0,properties,hcd_buyout_2025q2,7,observed_reported,True,,snapshot; not period completions; geography and cohort can change
2025-06-30,HCD_Harvey_mandatory_residential,Highland Shores,acquisition,response_pending,0,properties,hcd_buyout_2025q2,7,observed_reported,True,,snapshot; not period completions; geography and cohort can change
2025-06-30,HCD_Harvey_mandatory_residential,Highland Shores,acquisition,in_eminent_domain,0,properties,hcd_buyout_2025q2,7,observed_reported,True,,snapshot; not period completions; geography and cohort can change
2025-06-30,HCD_Harvey_mandatory_residential,Highland Shores,acquisition,accepted_closing_tbd,0,properties,hcd_buyout_2025q2,7,observed_reported,True,,snapshot; not period completions; geography and cohort can change
2025-06-30,HCD_Harvey_mandatory_residential,Highland Shores,acquisition,closing_scheduled,0,properties,hcd_buyout_2025q2,7,observed_reported,True,,snapshot; not period completions; geography and cohort can change
2025-06-30,HCD_Harvey_mandatory_residential,Highland Shores,acquisition,acquired_eminent_domain,77,properties,hcd_buyout_2025q2,7,observed_reported,True,,snapshot; not period completions; geography and cohort can change
2025-06-30,HCD_Harvey_mandatory_residential,Highland Shores,acquisition,acquired_negotiation,64,properties,hcd_buyout_2025q2,7,observed_reported,True,,snapshot; not period completions; geography and cohort can change
2025-06-30,HCD_Harvey_mandatory_residential,Highland Shores,acquisition,reported_total_cases,141,properties,hcd_buyout_2025q2,7,observed_reported,True,,snapshot; not period completions; geography and cohort can change
2025-06-30,HCD_Harvey_mandatory_residential,Meadowview Land,acquisition,awaiting_offer,0,properties,hcd_buyout_2025q2,7,observed_reported,True,,snapshot; not period completions; geography and cohort can change
2025-06-30,HCD_Harvey_mandatory_residential,Meadowview Land,acquisition,response_pending,0,properties,hcd_buyout_2025q2,7,observed_reported,True,,snapshot; not period completions; geography and cohort can change
2025-06-30,HCD_Harvey_mandatory_residential,Meadowview Land,acquisition,in_eminent_domain,2,properties,hcd_buyout_2025q2,7,observed_reported,True,,snapshot; not period completions; geography and cohort can change
2025-06-30,HCD_Harvey_mandatory_residential,Meadowview Land,acquisition,accepted_closing_tbd,0,properties,hcd_buyout_2025q2,7,observed_reported,True,,snapshot; not period completions; geography and cohort can change
2025-06-30,HCD_Harvey_mandatory_residential,Meadowview Land,acquisition,closing_scheduled,0,properties,hcd_buyout_2025q2,7,observed_reported,True,,snapshot; not period completions; geography and cohort can change
2025-06-30,HCD_Harvey_mandatory_residential,Meadowview Land,acquisition,acquired_eminent_domain,12,properties,hcd_buyout_2025q2,7,observed_reported,True,,snapshot; not period completions; geography and cohort can change
2025-06-30,HCD_Harvey_mandatory_residential,Meadowview Land,acquisition,acquired_negotiation,2,properties,hcd_buyout_2025q2,7,observed_reported,True,,snapshot; not period completions; geography and cohort can change
2025-06-30,HCD_Harvey_mandatory_residential,Meadowview Land,acquisition,reported_total_cases,16,properties,hcd_buyout_2025q2,7,observed_reported,True,,snapshot; not period completions; geography and cohort can change
2025-06-30,HCD_Harvey_mandatory_residential,Total,acquisition,awaiting_offer,0,properties,hcd_buyout_2025q2,7,observed_reported,False,Source status sum differs from reported total by 2,snapshot; not period completions; geography and cohort can change
2025-06-30,HCD_Harvey_mandatory_residential,Total,acquisition,response_pending,0,properties,hcd_buyout_2025q2,7,observed_reported,False,Source status sum differs from reported total by 2,snapshot; not period completions; geography and cohort can change
2025-06-30,HCD_Harvey_mandatory_residential,Total,acquisition,in_eminent_domain,3,properties,hcd_buyout_2025q2,7,observed_reported,False,Source status sum differs from reported total by 2,snapshot; not period completions; geography and cohort can change
2025-06-30,HCD_Harvey_mandatory_residential,Total,acquisition,accepted_closing_tbd,1,properties,hcd_buyout_2025q2,7,observed_reported,False,Source status sum differs from reported total by 2,snapshot; not period completions; geography and cohort can change
2025-06-30,HCD_Harvey_mandatory_residential,Total,acquisition,closing_scheduled,0,properties,hcd_buyout_2025q2,7,observed_reported,False,Source status sum differs from reported total by 2,snapshot; not period completions; geography and cohort can change
2025-06-30,HCD_Harvey_mandatory_residential,Total,acquisition,acquired_eminent_domain,237,properties,hcd_buyout_2025q2,7,observed_reported,False,Source status sum differs from reported total by 2,snapshot; not period completions; geography and cohort can change
2025-06-30,HCD_Harvey_mandatory_residential,Total,acquisition,acquired_negotiation,186,properties,hcd_buyout_2025q2,7,observed_reported,False,Source status sum differs from reported total by 2,snapshot; not period completions; geography and cohort can change
2025-06-30,HCD_Harvey_mandatory_residential,Total,acquisition,reported_total_cases,425,properties,hcd_buyout_2025q2,7,observed_reported,False,Source status sum differs from reported total by 2,snapshot; not period completions; geography and cohort can change
2025-06-30,HCD_Harvey_mandatory_residential,Aldine Place,relocation,pending_sor,0,household_cases,hcd_buyout_2025q2,7,observed_reported,True,,snapshot; not period completions; geography and cohort can change
2025-06-30,HCD_Harvey_mandatory_residential,Aldine Place,relocation,pending_offer,0,household_cases,hcd_buyout_2025q2,7,observed_reported,True,,snapshot; not period completions; geography and cohort can change
2025-06-30,HCD_Harvey_mandatory_residential,Aldine Place,relocation,pending_noe,1,household_cases,hcd_buyout_2025q2,7,observed_reported,True,,snapshot; not period completions; geography and cohort can change
2025-06-30,HCD_Harvey_mandatory_residential,Aldine Place,relocation,search,3,household_cases,hcd_buyout_2025q2,7,observed_reported,True,,snapshot; not period completions; geography and cohort can change
2025-06-30,HCD_Harvey_mandatory_residential,Aldine Place,relocation,relocated,25,household_cases,hcd_buyout_2025q2,7,observed_reported,True,,snapshot; not period completions; geography and cohort can change
2025-06-30,HCD_Harvey_mandatory_residential,Aldine Place,relocation,reported_total_cases,29,household_cases,hcd_buyout_2025q2,7,observed_reported,True,,snapshot; not period completions; geography and cohort can change
2025-06-30,HCD_Harvey_mandatory_residential,Allen Fields,relocation,pending_sor,0,household_cases,hcd_buyout_2025q2,7,observed_reported,True,,snapshot; not period completions; geography and cohort can change
2025-06-30,HCD_Harvey_mandatory_residential,Allen Fields,relocation,pending_offer,1,household_cases,hcd_buyout_2025q2,7,observed_reported,True,,snapshot; not period completions; geography and cohort can change
2025-06-30,HCD_Harvey_mandatory_residential,Allen Fields,relocation,pending_noe,0,household_cases,hcd_buyout_2025q2,7,observed_reported,True,,snapshot; not period completions; geography and cohort can change
2025-06-30,HCD_Harvey_mandatory_residential,Allen Fields,relocation,search,2,household_cases,hcd_buyout_2025q2,7,observed_reported,True,,snapshot; not period completions; geography and cohort can change
2025-06-30,HCD_Harvey_mandatory_residential,Allen Fields,relocation,relocated,163,household_cases,hcd_buyout_2025q2,7,observed_reported,True,,snapshot; not period completions; geography and cohort can change
2025-06-30,HCD_Harvey_mandatory_residential,Allen Fields,relocation,reported_total_cases,166,household_cases,hcd_buyout_2025q2,7,observed_reported,True,,snapshot; not period completions; geography and cohort can change
2025-06-30,HCD_Harvey_mandatory_residential,Blue Bell,relocation,pending_sor,0,household_cases,hcd_buyout_2025q2,7,observed_reported,True,,snapshot; not period completions; geography and cohort can change
2025-06-30,HCD_Harvey_mandatory_residential,Blue Bell,relocation,pending_offer,0,household_cases,hcd_buyout_2025q2,7,observed_reported,True,,snapshot; not period completions; geography and cohort can change
2025-06-30,HCD_Harvey_mandatory_residential,Blue Bell,relocation,pending_noe,0,household_cases,hcd_buyout_2025q2,7,observed_reported,True,,snapshot; not period completions; geography and cohort can change
2025-06-30,HCD_Harvey_mandatory_residential,Blue Bell,relocation,search,0,household_cases,hcd_buyout_2025q2,7,observed_reported,True,,snapshot; not period completions; geography and cohort can change
2025-06-30,HCD_Harvey_mandatory_residential,Blue Bell,relocation,relocated,28,household_cases,hcd_buyout_2025q2,7,observed_reported,True,,snapshot; not period completions; geography and cohort can change
2025-06-30,HCD_Harvey_mandatory_residential,Blue Bell,relocation,reported_total_cases,28,household_cases,hcd_buyout_2025q2,7,observed_reported,True,,snapshot; not period completions; geography and cohort can change
2025-06-30,HCD_Harvey_mandatory_residential,Greens Road,relocation,pending_sor,8,household_cases,hcd_buyout_2025q2,7,observed_reported,True,,snapshot; not period completions; geography and cohort can change
2025-06-30,HCD_Harvey_mandatory_residential,Greens Road,relocation,pending_offer,0,household_cases,hcd_buyout_2025q2,7,observed_reported,True,,snapshot; not period completions; geography and cohort can change
2025-06-30,HCD_Harvey_mandatory_residential,Greens Road,relocation,pending_noe,0,household_cases,hcd_buyout_2025q2,7,observed_reported,True,,snapshot; not period completions; geography and cohort can change
2025-06-30,HCD_Harvey_mandatory_residential,Greens Road,relocation,search,8,household_cases,hcd_buyout_2025q2,7,observed_reported,True,,snapshot; not period completions; geography and cohort can change
2025-06-30,HCD_Harvey_mandatory_residential,Greens Road,relocation,relocated,257,household_cases,hcd_buyout_2025q2,7,observed_reported,True,,snapshot; not period completions; geography and cohort can change
2025-06-30,HCD_Harvey_mandatory_residential,Greens Road,relocation,reported_total_cases,273,household_cases,hcd_buyout_2025q2,7,observed_reported,True,,snapshot; not period completions; geography and cohort can change
2025-06-30,HCD_Harvey_mandatory_residential,Hahl Sites,relocation,pending_sor,0,household_cases,hcd_buyout_2025q2,7,observed_reported,True,,snapshot; not period completions; geography and cohort can change
2025-06-30,HCD_Harvey_mandatory_residential,Hahl Sites,relocation,pending_offer,0,household_cases,hcd_buyout_2025q2,7,observed_reported,True,,snapshot; not period completions; geography and cohort can change
2025-06-30,HCD_Harvey_mandatory_residential,Hahl Sites,relocation,pending_noe,0,household_cases,hcd_buyout_2025q2,7,observed_reported,True,,snapshot; not period completions; geography and cohort can change
2025-06-30,HCD_Harvey_mandatory_residential,Hahl Sites,relocation,search,1,household_cases,hcd_buyout_2025q2,7,observed_reported,True,,snapshot; not period completions; geography and cohort can change
2025-06-30,HCD_Harvey_mandatory_residential,Hahl Sites,relocation,relocated,75,household_cases,hcd_buyout_2025q2,7,observed_reported,True,,snapshot; not period completions; geography and cohort can change
2025-06-30,HCD_Harvey_mandatory_residential,Hahl Sites,relocation,reported_total_cases,76,household_cases,hcd_buyout_2025q2,7,observed_reported,True,,snapshot; not period completions; geography and cohort can change
2025-06-30,HCD_Harvey_mandatory_residential,Highland Shores,relocation,pending_sor,0,household_cases,hcd_buyout_2025q2,7,observed_reported,True,,snapshot; not period completions; geography and cohort can change
2025-06-30,HCD_Harvey_mandatory_residential,Highland Shores,relocation,pending_offer,0,household_cases,hcd_buyout_2025q2,7,observed_reported,True,,snapshot; not period completions; geography and cohort can change
2025-06-30,HCD_Harvey_mandatory_residential,Highland Shores,relocation,pending_noe,0,household_cases,hcd_buyout_2025q2,7,observed_reported,True,,snapshot; not period completions; geography and cohort can change
2025-06-30,HCD_Harvey_mandatory_residential,Highland Shores,relocation,search,0,household_cases,hcd_buyout_2025q2,7,observed_reported,True,,snapshot; not period completions; geography and cohort can change
2025-06-30,HCD_Harvey_mandatory_residential,Highland Shores,relocation,relocated,2,household_cases,hcd_buyout_2025q2,7,observed_reported,True,,snapshot; not period completions; geography and cohort can change
2025-06-30,HCD_Harvey_mandatory_residential,Highland Shores,relocation,reported_total_cases,2,household_cases,hcd_buyout_2025q2,7,observed_reported,True,,snapshot; not period completions; geography and cohort can change
2025-06-30,HCD_Harvey_mandatory_residential,Meadowview Land,relocation,pending_sor,0,household_cases,hcd_buyout_2025q2,7,observed_reported,True,,snapshot; not period completions; geography and cohort can change
2025-06-30,HCD_Harvey_mandatory_residential,Meadowview Land,relocation,pending_offer,0,household_cases,hcd_buyout_2025q2,7,observed_reported,True,,snapshot; not period completions; geography and cohort can change
2025-06-30,HCD_Harvey_mandatory_residential,Meadowview Land,relocation,pending_noe,0,household_cases,hcd_buyout_2025q2,7,observed_reported,True,,snapshot; not period completions; geography and cohort can change
2025-06-30,HCD_Harvey_mandatory_residential,Meadowview Land,relocation,search,2,household_cases,hcd_buyout_2025q2,7,observed_reported,True,,snapshot; not period completions; geography and cohort can change
2025-06-30,HCD_Harvey_mandatory_residential,Meadowview Land,relocation,relocated,159,household_cases,hcd_buyout_2025q2,7,observed_reported,True,,snapshot; not period completions; geography and cohort can change
2025-06-30,HCD_Harvey_mandatory_residential,Meadowview Land,relocation,reported_total_cases,161,household_cases,hcd_buyout_2025q2,7,observed_reported,True,,snapshot; not period completions; geography and cohort can change
2025-06-30,HCD_Harvey_mandatory_residential,Total,relocation,pending_sor,8,household_cases,hcd_buyout_2025q2,7,observed_reported,True,,snapshot; not period completions; geography and cohort can change
2025-06-30,HCD_Harvey_mandatory_residential,Total,relocation,pending_offer,1,household_cases,hcd_buyout_2025q2,7,observed_reported,True,,snapshot; not period completions; geography and cohort can change
2025-06-30,HCD_Harvey_mandatory_residential,Total,relocation,pending_noe,1,household_cases,hcd_buyout_2025q2,7,observed_reported,True,,snapshot; not period completions; geography and cohort can change
2025-06-30,HCD_Harvey_mandatory_residential,Total,relocation,search,16,household_cases,hcd_buyout_2025q2,7,observed_reported,True,,snapshot; not period completions; geography and cohort can change
2025-06-30,HCD_Harvey_mandatory_residential,Total,relocation,relocated,709,household_cases,hcd_buyout_2025q2,7,observed_reported,True,,snapshot; not period completions; geography and cohort can change
2025-06-30,HCD_Harvey_mandatory_residential,Total,relocation,reported_total_cases,735,household_cases,hcd_buyout_2025q2,7,observed_reported,True,,snapshot; not period completions; geography and cohort can change
