assumption_id,affected_variables,value,unit,lower_bound,upper_bound,rationale,source,decision_date,status
A_Base_Hazard_Frequency,Base_Hazard_Frequency,0.3,events/year,0.1,0.5,Catastrophic event definition and severity must be fitted jointly; NOAA reports average 4.8 episodes/year and are not this parameter.,ali_model_guide,2026-09-10,assumed
A_Average_Destruction_Rate,Average_Destruction_Rate,0.125,properties/property/event,0.05,0.2,No observed total-destruction denominator; claims and IHP registrations are not all at-risk properties.,ali_model_guide,2026-09-10,assumed
A_CC_Sensitivity_Parameter,CC_Sensitivity_Parameter,1.25,dimensionless,0.5,2.0,No fitted precipitation-to-event-frequency response.,ali_model_guide,2026-09-10,assumed
A_Hazard_Severity_Factor,Hazard_Severity_Factor,1.0,dimensionless,1.0,10.0,Single flooding hazard convention from guide.,ali_model_guide,2026-09-10,assumed
A_Base_Outmigration_Rate,Base_Outmigration_Rate,0.039307269877521304,1/year,0.0378333949970983,0.04078680653731326,"(B07403_E010+B07403_E013)/B07403_E001; domestic outmigration age 1+, no international departures. Normalize hazard and attachment multipliers to 1 at baseline before use; this observed gross rate already reflects existing conditions.",acs2024_b07403,2026-09-10,derived_proxy
A_Relocation_Success_Rate,Relocation_Success_Rate,0.775,dimensionless,0.6,0.95,Relocated-case proportion is not sustainable relocation success.,ali_model_guide,2026-09-10,assumed
A_Average_Property_Value,Average_Property_Value,474141.4551172218,USD_2024/property,200000.0,800000.0,"Mean positive 2024 market value of Harris residential accounts with parcel overlap with March 2026 SFHA. Bounds are guide policy-sensitivity assumptions, not a confidence interval. Not eligibility, actual compensation or structure replacement cost.",hcad_2024_real_acct_owner;hcad_2024_real_jur_exempt;hcad_parcels_2024_oct;nfhl_harris_20260303;ali_model_guide,2026-09-10,derived_proxy
A_Average_Damage_Fraction,Average_Damage_Fraction,0.4,USD_damage/USD_property/event,0.2,0.6,Guide prior; no measured all-property event loss ratio.,ali_model_guide,2026-09-10,assumed
A_Federal_Funding_Availability,Federal_Funding_Availability,25000000.0,USD_2024/year,0.0,50000000.0,"Illustrative future appropriation, not a guaranteed grant or spendable balance.",ali_model_guide,2026-09-10,assumed
A_Discount_Rate,Discount_Rate,0.05,1/year,0.03,0.07,Illustrative real discount rate; do not apply to unconverted nominal histories.,ali_model_guide,2026-09-10,assumed
A_Transparency_Level,Transparency_Level,0.5,dimensionless,0.0,1.0,"Scenario lever, not surveyed transparency.",ali_model_guide,2026-09-10,assumed
A_Community_Engagement_Quality,Community_Engagement_Quality,0.5,dimensionless,0.0,1.0,"Scenario lever, not surveyed engagement.",ali_model_guide,2026-09-10,assumed
A_Governance_Capacity,Governance_Capacity,0.65,dimensionless,0.3,1.0,"Guide prior, not a staffing-based empirical estimate.",ali_model_guide,2026-09-10,assumed
A_Political_Will,Political_Will,50.0,index_points,0.0,100.0,Illustrative index.,ali_model_guide,2026-09-10,assumed
A_Base_Processing_Time,Base_Processing_Time,2.0,year,1.0,3.0,Need application and closing dates; grant duration and snapshot backlog cannot identify this.,ali_model_guide,2026-09-10,assumed
A_Caseworker_Throughput,Caseworker_Throughput,20.0,properties/year/caseworker,10.0,30.0,No observed staffing denominator.,ali_model_guide,2026-09-10,assumed
A_Awareness_Half_Time,Awareness_Half_Time,1.25,year,0.5,2.0,Guide prior.,ali_model_guide,2026-09-10,assumed
A_Psychosocial_Support_Capacity,Psychosocial_Support_Capacity,50.0,index_points,0.0,100.0,Guide scale is not FTE; requires normalization in stress-relief equation.,ali_model_guide,2026-09-10,assumed
A_Support_Effectiveness,Support_Effectiveness,0.65,dimensionless,0.4,0.9,Guide prior; no observed outcome study.,ali_model_guide,2026-09-10,assumed
A_Displacement_Impact,Displacement_Impact,0.3,wellbeing_points/household,0.1,0.5,Guide prior; aggregate index requires population scaling.,ali_model_guide,2026-09-10,assumed
A_Average_Property_Size,Average_Property_Size,0.11972704910826369,hectare/property,0.1,2.0,Mean stated acreage of SFHA-overlap single-family accounts; excludes zero/missing acreage. Bounds are guide sensitivity assumptions. Not acquired land; multi-family/condo land needs separate treatment.,hcad_2024_real_acct_owner;hcad_2024_real_jur_exempt;hcad_parcels_2024_oct;nfhl_harris_20260303;ali_model_guide,2026-09-10,derived_proxy
A_Cost_Per_Hectare,Cost_Per_Hectare,55000.0,USD_2024/hectare,10000.0,100000.0,Guide prior; maintenance guidance provides no restoration cost estimate.,ali_model_guide,2026-09-10,assumed
A_Restoration_Capacity,Restoration_Capacity,55.0,hectare/year,10.0,100.0,Guide prior; not measured HCFCD restoration capacity.,ali_model_guide,2026-09-10,assumed
A_Ecosystem_Type_Protection_Factor,Ecosystem_Type_Protection_Factor,0.5,dimensionless,0.2,0.8,Guide prior; not a calibrated wetland flood-reduction effect.,ali_model_guide,2026-09-10,assumed
A_Hazard_Perception_Delay,Hazard_Perception_Delay,2.0,year,1.0,3.0,Guide prior.,ali_model_guide,2026-09-10,assumed
A_Policy_Implementation_Delay,Policy_Implementation_Delay,3.5,year,2.0,5.0,Guide prior.,ali_model_guide,2026-09-10,assumed
A_Ecosystem_Restoration_Time,Ecosystem_Restoration_Time,12.5,year,5.0,20.0,Guide prior.,ali_model_guide,2026-09-10,assumed
A_Community_Trust_Building_Time,Community_Trust_Building_Time,6.5,year,3.0,10.0,Guide prior.,ali_model_guide,2026-09-10,assumed
A_Infrastructure_Decommissioning_Time,Infrastructure_Decommissioning_Time,2.0,year,1.0,3.0,Guide prior.,ali_model_guide,2026-09-10,assumed
A_Cumulative_Hazard_Events,Cumulative_Hazard_Events,0.0,events,,,Counter of events occurring after model start; not historical event total,model_boundary,2026-09-10,assumed
A_Cumulative_Disaster_Costs,Cumulative_Disaster_Costs,0.0,dollars,,,Counter of costs incurred after model start; not historical losses,model_boundary,2026-09-10,assumed
A_Relocated_Households,Relocated_Households,0.0,households,,,Counter of additional successful relocations after model start; excludes legacy completions,model_boundary,2026-09-10,assumed
DEMO_Climate_Change_Impact_Index,Climate_Change_Impact_Index,0.0,dimensionless (0-100),0.0,100.0,Climate perturbation measured relative to baseline; zero does not mean zero flood hazard. Resolve hazard-exposure equation before use.,explicit_demonstration_convention,2026-09-10,assumed_illustration_only
DEMO_Community_Social_Capital,Community_Social_Capital,50.0,dimensionless (0-100),0.0,100.0,"Unmeasured index or staffing illustration. Index 50 is a midpoint, not a Harris County measurement; sensitivity range in Assumptions.csv.",explicit_demonstration_convention,2026-09-10,assumed_illustration_only
DEMO_Retreat_Funding_Available,Retreat_Funding_Available,0.0,dollars,0.0,,"New hypothetical program after 2024 only; zero excludes known legacy obligations, pipeline and acquired/restored lands. Do not use as a historical initial condition.",explicit_demonstration_convention,2026-09-10,assumed_illustration_only
DEMO_Community_Trust_in_Process,Community_Trust_in_Process,50.0,dimensionless (0-100),0.0,100.0,"Unmeasured index or staffing illustration. Index 50 is a midpoint, not a Harris County measurement; sensitivity range in Assumptions.csv.",explicit_demonstration_convention,2026-09-10,assumed_illustration_only
DEMO_Retreat_Policy_Development_Progress,Retreat_Policy_Development_Progress,0.0,dimensionless (0-100),0.0,100.0,"New hypothetical program after 2024 only; zero excludes known legacy obligations, pipeline and acquired/restored lands. Do not use as a historical initial condition.",explicit_demonstration_convention,2026-09-10,assumed_illustration_only
DEMO_Stakeholder_Engagement_Level,Stakeholder_Engagement_Level,20.0,dimensionless (0-100),0.0,100.0,"Unmeasured index or staffing illustration. Index 50 is a midpoint, not a Harris County measurement; sensitivity range in Assumptions.csv.",explicit_demonstration_convention,2026-09-10,assumed_illustration_only
DEMO_Properties_in_Retreat_Pipeline,Properties_in_Retreat_Pipeline,0.0,properties,0.0,,"New hypothetical program after 2024 only; zero excludes known legacy obligations, pipeline and acquired/restored lands. Do not use as a historical initial condition.",explicit_demonstration_convention,2026-09-10,assumed_illustration_only
DEMO_Support_Services_Capacity,Support_Services_Capacity,10.0,caseworkers_equivalent,0.0,,"Unmeasured index or staffing illustration. Index 50 is a midpoint, not a Harris County measurement; sensitivity range in Assumptions.csv.",explicit_demonstration_convention,2026-09-10,assumed_illustration_only
DEMO_Equity_Index,Equity_Index,50.0,dimensionless (0-100),0.0,100.0,"Unmeasured index or staffing illustration. Index 50 is a midpoint, not a Harris County measurement; sensitivity range in Assumptions.csv.",explicit_demonstration_convention,2026-09-10,assumed_illustration_only
DEMO_Vulnerable_Population_Wellbeing,Vulnerable_Population_Wellbeing,50.0,dimensionless (0-100),0.0,100.0,"Unmeasured index or staffing illustration. Index 50 is a midpoint, not a Harris County measurement; sensitivity range in Assumptions.csv.",explicit_demonstration_convention,2026-09-10,assumed_illustration_only
DEMO_Community_Psychosocial_Stress,Community_Psychosocial_Stress,30.0,dimensionless (0-100),0.0,100.0,"Unmeasured index or staffing illustration. Index 50 is a midpoint, not a Harris County measurement; sensitivity range in Assumptions.csv.",explicit_demonstration_convention,2026-09-10,assumed_illustration_only
DEMO_Retreat_Lands_Area,Retreat_Lands_Area,0.0,hectares,0.0,,"New hypothetical program after 2024 only; zero excludes known legacy obligations, pipeline and acquired/restored lands. Do not use as a historical initial condition.",explicit_demonstration_convention,2026-09-10,assumed_illustration_only
DEMO_Restored_Ecosystem_Area,Restored_Ecosystem_Area,0.0,hectares,0.0,,"New hypothetical program after 2024 only; zero excludes known legacy obligations, pipeline and acquired/restored lands. Do not use as a historical initial condition.",explicit_demonstration_convention,2026-09-10,assumed_illustration_only
DEMO_Ecosystem_Health_Index,Ecosystem_Health_Index,50.0,dimensionless (0-100),0.0,100.0,"Unmeasured index or staffing illustration. Index 50 is a midpoint, not a Harris County measurement; sensitivity range in Assumptions.csv.",explicit_demonstration_convention,2026-09-10,assumed_illustration_only
