priority,variable,reason,available_reference,action
P1,Climate_Change_Impact_Index,No defensible countywide 2024 measurement. See Gap_Queue.csv.,,Resolve model definition and baseline date; use matching program records or explicitly document a scenario assumption.
P1,Community_Social_Capital,No defensible countywide 2024 measurement. See Gap_Queue.csv.,,Resolve model definition and baseline date; use matching program records or explicitly document a scenario assumption.
P1,Retreat_Funding_Available,No defensible countywide 2024 measurement. See Gap_Queue.csv.,"HCD program unspent allocation 2024-09-30, not available cash at 2024 year end",Resolve model definition and baseline date; use matching program records or explicitly document a scenario assumption.
P1,Community_Trust_in_Process,No defensible countywide 2024 measurement. See Gap_Queue.csv.,,Resolve model definition and baseline date; use matching program records or explicitly document a scenario assumption.
P1,Retreat_Policy_Development_Progress,No defensible countywide 2024 measurement. See Gap_Queue.csv.,,Resolve model definition and baseline date; use matching program records or explicitly document a scenario assumption.
P1,Stakeholder_Engagement_Level,No defensible countywide 2024 measurement. See Gap_Queue.csv.,,Resolve model definition and baseline date; use matching program records or explicitly document a scenario assumption.
P1,Properties_in_Retreat_Pipeline,No defensible countywide 2024 measurement. See Gap_Queue.csv.,"HCD program only, 2024-09-30 pending acquisition statuses; not all Harris County",Resolve model definition and baseline date; use matching program records or explicitly document a scenario assumption.
P1,Support_Services_Capacity,No defensible countywide 2024 measurement. See Gap_Queue.csv.,,Resolve model definition and baseline date; use matching program records or explicitly document a scenario assumption.
P1,Equity_Index,No defensible countywide 2024 measurement. See Gap_Queue.csv.,,Resolve model definition and baseline date; use matching program records or explicitly document a scenario assumption.
P1,Vulnerable_Population_Wellbeing,No defensible countywide 2024 measurement. See Gap_Queue.csv.,,Resolve model definition and baseline date; use matching program records or explicitly document a scenario assumption.
P1,Community_Psychosocial_Stress,No defensible countywide 2024 measurement. See Gap_Queue.csv.,,Resolve model definition and baseline date; use matching program records or explicitly document a scenario assumption.
P1,Retreat_Lands_Area,No defensible countywide 2024 measurement. See Gap_Queue.csv.,,Resolve model definition and baseline date; use matching program records or explicitly document a scenario assumption.
P1,Restored_Ecosystem_Area,No defensible countywide 2024 measurement. See Gap_Queue.csv.,,Resolve model definition and baseline date; use matching program records or explicitly document a scenario assumption.
P1,Ecosystem_Health_Index,No defensible countywide 2024 measurement. See Gap_Queue.csv.,,Resolve model definition and baseline date; use matching program records or explicitly document a scenario assumption.
P1,Managed_Retreat_Main.mdl,No executable model supplied/found; no Vensim installation found in standard Applications folders.,,Obtain Prashant model and edition; map exact variable names before generating import files.
P1,Base_Processing_Time;Caseworker_Throughput,Public records lack application-to-closing dates and attributable FTE.,,Request deidentified program date/status extract and annual staffing; do not infer from aggregate stock changes.
P1,Households_Per_Retreated_Property;Share_Relocating_Outside_County,Acquisition and household cohorts differ; relocation destinations absent.,,Use occupied units per acquired property and county-of-destination aggregate data.
P1,Cost_Per_Hectare;Restoration_Capacity;Ecosystem_Health_Index,"Maintenance guidance is qualitative; no matched restoration cost, hectare or condition series located.",,"Obtain contract line items, restored hectares and dated ecological measures; retain guide ranges as assumptions."
P1,Base_Hazard_Frequency;Average_Destruction_Rate;Average_Damage_Fraction,"Flood reporting frequency is observed, but property destruction probability and total loss fractions are not.",,"Define damaging event severity, match exposed property denominator, then fit jointly using observed losses."
P1,HCD_2025q2_acquisition,Published statuses sum to 427 while the reported total is 425 (Allen Fields differs by 2).,,Keep original values; quarantine acquisition validation until county clarifies the two-case discrepancy.
P1,HCFCD_and_HCD_overlap,FEMA v1 and v4 overlap and describe inventories; HCD and HCFCD programs may cofinance the same acquisitions.,,Match documented project and property identifiers before combining counts; retain separate program universes.
P1,Climate_Change_Impact_Index,Warming-window precipitation is not a dated flood-frequency or ecosystem-health index.,,Fit a climate-to-hazard transformation; preserve source warming levels and crossing years.
P1,Funding_Inflation,Historical amounts are nominal; scenarios use 2024-dollar assumptions.,,Acquire/reuse an official inflation series before real-dollar cost calibration; do not mix nominal histories with real NPV.
