input_variable,affected_variable,relationship,guide_paragraph
Base_Hazard_Frequency,Hazard_Event_Rate,guide equation reference,47
Climate_Change_Multiplier,Hazard_Event_Rate,guide equation reference,47
Random_Variation,Hazard_Event_Rate,guide equation reference,47
Average_Destruction_Rate,Properties_Destroyed,guide equation reference,48
Hazard_Event_Rate,Properties_Destroyed,guide equation reference,48
Properties_at_Risk,Properties_Destroyed,guide equation reference,48
Climate_Change_Impact_Index,Hazard_Exposure_Index,guide equation reference,50
Hazard_Severity_Factor,Hazard_Exposure_Index,guide equation reference,50
Properties_at_Risk,Hazard_Exposure_Index,guide equation reference,50
Total_Properties,Hazard_Exposure_Index,guide equation reference,50
CC_Sensitivity_Parameter,Climate_Change_Multiplier,guide equation reference,51
Climate_Change_Impact_Index,Climate_Change_Multiplier,guide equation reference,51
Base_Outmigration_Rate,Outmigration,guide equation reference,64
Community_Attachment_Factor,Outmigration,guide equation reference,64
Community_Population,Outmigration,guide equation reference,64
Hazard_Pressure_Multiplier,Outmigration,guide equation reference,64
Average_Household_Size,Managed_Retreat_Relocations,guide equation reference,65
Properties_Retreated,Managed_Retreat_Relocations,guide equation reference,65
Relocation_Success_Rate,Managed_Retreat_Relocations,guide equation reference,65
Community_Social_Capital,Social_Capital_Erosion,guide equation reference,66
Displacement_Stress_Factor,Social_Capital_Erosion,guide equation reference,66
Population_Decline_Rate,Social_Capital_Erosion,guide equation reference,66
Place_Attachment_Index,Community_Attachment_Factor,guide equation reference,68
Social_Capital,Community_Attachment_Factor,guide equation reference,68
Hazard_Exposure_Index,Hazard_Pressure_Multiplier,guide equation reference,69
Perceived_Safety,Hazard_Pressure_Multiplier,guide equation reference,69
Ancestral_Land_Significance,Place_Attachment_Index,guide equation reference,70
First_Nations_Community,Place_Attachment_Index,guide equation reference,70
Years_of_Residence,Place_Attachment_Index,guide equation reference,70
Average_Property_Value,Buyout_Payments,guide equation reference,81
Compensation_Rate,Buyout_Payments,guide equation reference,81
Properties_Retreated,Buyout_Payments,guide equation reference,81
Average_Damage_Fraction,Annual_Disaster_Damage_Costs,guide equation reference,82
Average_Property_Value,Annual_Disaster_Damage_Costs,guide equation reference,82
Hazard_Event_Rate,Annual_Disaster_Damage_Costs,guide equation reference,82
Properties_at_Risk,Annual_Disaster_Damage_Costs,guide equation reference,82
Federal_Funding_Availability,Federal_Funding,guide equation reference,83
Political_Priority_Factor,Federal_Funding,guide equation reference,83
Retreat_Program_Eligibility,Federal_Funding,guide equation reference,83
Compensation_Type_Selector,Compensation_Rate,guide equation reference,85
Equity_Adjustment_Factor,Compensation_Rate,guide equation reference,85
Base_Compensation_Rate,Compensation_Rate,guide equation reference,261
Equity_Adjustment,Compensation_Rate,guide equation reference,261
Land_User_Group,Compensation_Rate,guide equation reference,261
User_Group_Factor,Compensation_Rate,guide equation reference,261
Cumulative_Disaster_Costs,Cost_Benefit_Ratio,guide equation reference,89
Future_Disaster_Costs_NPV,Cost_Benefit_Ratio,guide equation reference,89
Retreat_Program_Admin_Costs,Cost_Benefit_Ratio,guide equation reference,89
Total_Retreat_Costs,Cost_Benefit_Ratio,guide equation reference,89
Budget_Gap,Municipal_Fiscal_Stress,guide equation reference,90
Service_Costs,Municipal_Fiscal_Stress,guide equation reference,90
Tax_Revenue,Municipal_Fiscal_Stress,guide equation reference,90
Transfer_Payments,Municipal_Fiscal_Stress,guide equation reference,90
Community_Engagement_Quality,Trust_Building_Actions,guide equation reference,102
Successful_Retreat_Demonstrations,Trust_Building_Actions,guide equation reference,102
Transparency_Level,Trust_Building_Actions,guide equation reference,102
Communication_Failures,Trust_Erosion,guide equation reference,103
Community_Trust,Trust_Erosion,guide equation reference,103
Perceived_Inequity,Trust_Erosion,guide equation reference,103
Process_Delays,Trust_Erosion,guide equation reference,103
Governance_Capacity,Policy_Development_Rate,guide equation reference,104
Multi_Stakeholder_Participation,Policy_Development_Rate,guide equation reference,104
Political_Will,Policy_Development_Rate,guide equation reference,104
Retreat_Policy_Development_Progress,Policy_Development_Rate,guide equation reference,104
Policy_Choice_Selector,Decision_Making_Approach,guide equation reference,106
Coordination_Quality,Governance_Structure_Effectiveness,guide equation reference,107
Decision_Authority_Clarity,Governance_Structure_Effectiveness,guide equation reference,107
Number_of_Actors_Engaged,Governance_Structure_Effectiveness,guide equation reference,107
Potential_Actors,Governance_Structure_Effectiveness,guide equation reference,107
Cultural_Appropriate_Process,First_Nations_Engagement_Quality,guide equation reference,108
Indigenous_Leadership_Level,First_Nations_Engagement_Quality,guide equation reference,108
Land_Rights_Respect,First_Nations_Engagement_Quality,guide equation reference,108
Non_Market_Value_Recognition,First_Nations_Engagement_Quality,guide equation reference,108
Application_Ease_Factor,Retreat_Applications,guide equation reference,120
Program_Awareness,Retreat_Applications,guide equation reference,120
Properties_at_Risk,Retreat_Applications,guide equation reference,120
Retreat_Willingness,Retreat_Applications,guide equation reference,120
Average_Property_Value,Properties_Retreated,guide equation reference,121
Caseworker_Throughput,Properties_Retreated,guide equation reference,121
Compensation_Rate,Properties_Retreated,guide equation reference,121
Processing_Time,Properties_Retreated,guide equation reference,121
Properties_in_Pipeline,Properties_Retreated,guide equation reference,121
Retreat_Funding_Available,Properties_Retreated,guide equation reference,121
Support_Services_Capacity,Properties_Retreated,guide equation reference,121
Properties_Retreated,Successful_Relocations,guide equation reference,122
Relocation_Success_Rate,Successful_Relocations,guide equation reference,122
Compensation_Attractiveness,Retreat_Willingness,guide equation reference,127
Hazard_Perception,Retreat_Willingness,guide equation reference,127
Legal_Obstacles,Retreat_Willingness,guide equation reference,127
Place_Attachment_Index,Retreat_Willingness,guide equation reference,127
Trust_Factor,Retreat_Willingness,guide equation reference,127
Administrative_Efficiency,Processing_Time,guide equation reference,128
Base_Processing_Time,Processing_Time,guide equation reference,128
Legal_Complexity_Factor,Processing_Time,guide equation reference,128
Awareness_Half_Time,Program_Awareness,guide equation reference,129
Communication_Effectiveness,Program_Awareness,guide equation reference,129
Time_Since_Program_Launch,Program_Awareness,guide equation reference,129
Equity_Index,Equity_Improvements,guide equation reference,140
Equity_Policies_Implemented,Equity_Improvements,guide equation reference,140
Vulnerable_Population_Support,Equity_Improvements,guide equation reference,140
Cultural_Heritage_Loss,Wellbeing_Decline,guide equation reference,141
Displacement_Impact,Wellbeing_Decline,guide equation reference,141
Displacement_Rate,Wellbeing_Decline,guide equation reference,141
Service_Access_Loss,Wellbeing_Decline,guide equation reference,141
Community_Psychosocial_Stress,Stress_Relief,guide equation reference,142
Psychosocial_Support_Capacity,Stress_Relief,guide equation reference,142
Support_Effectiveness,Stress_Relief,guide equation reference,142
Homeowner_Compensation_Avg,Equity_in_Compensation,guide equation reference,144
Renter_Compensation_Avg,Equity_in_Compensation,guide equation reference,144
Disabled_Households,Vulnerable_Population_Share,guide equation reference,145
Elderly_Households,Vulnerable_Population_Share,guide equation reference,145
Low_Income_Households,Vulnerable_Population_Share,guide equation reference,145
Racialized_Households,Vulnerable_Population_Share,guide equation reference,145
Total_Households,Vulnerable_Population_Share,guide equation reference,145
First_Nations_Community,Historical_Inequity_Factor,guide equation reference,146
Historical_Discrimination_Index,Historical_Inequity_Factor,guide equation reference,146
Racialized_Community,Historical_Inequity_Factor,guide equation reference,146
Cultural_Significance,Cultural_Heritage_Impact,guide equation reference,147
Heritage_Protection_Measures,Cultural_Heritage_Impact,guide equation reference,147
Heritage_Sites_Affected,Cultural_Heritage_Impact,guide equation reference,147
Average_Property_Size,Land_Acquired_Through_Retreat,guide equation reference,158
Properties_Retreated,Land_Acquired_Through_Retreat,guide equation reference,158
Cost_Per_Hectare,Ecosystem_Restoration_Rate,guide equation reference,159
Restoration_Capacity,Ecosystem_Restoration_Rate,guide equation reference,159
Restoration_Funding,Ecosystem_Restoration_Rate,guide equation reference,159
Restored_Ecosystem_Area,Ecosystem_Restoration_Rate,guide equation reference,159
Retreat_Lands_Area,Ecosystem_Restoration_Rate,guide equation reference,159
Natural_Recovery_Rate,Ecosystem_Improvement,guide equation reference,160
Restored_Ecosystem_Area,Ecosystem_Improvement,guide equation reference,160
Total_Ecosystem_Area,Ecosystem_Improvement,guide equation reference,160
Policy_Selection,Retreat_Land_Use_Strategy,guide equation reference,162
Biodiversity_Value,Ecosystem_Service_Benefits,guide equation reference,163
Carbon_Sequestration_Value,Ecosystem_Service_Benefits,guide equation reference,163
Flood_Protection_Value,Ecosystem_Service_Benefits,guide equation reference,163
Recreation_Value,Ecosystem_Service_Benefits,guide equation reference,163
Restored_Ecosystem_Area,Ecosystem_Service_Benefits,guide equation reference,163
Water_Quality_Value,Ecosystem_Service_Benefits,guide equation reference,163
Ecosystem_Type_Protection_Factor,Natural_Hazard_Buffer_Capacity,guide equation reference,164
Restored_Ecosystem_Area,Natural_Hazard_Buffer_Capacity,guide equation reference,164
Total_Hazard_Zone_Area,Natural_Hazard_Buffer_Capacity,guide equation reference,164
Initial_Properties,Properties_at_Risk,guide equation reference,260
Land_User_Group,Properties_at_Risk,guide equation reference,260
New_Development,Properties_at_Risk,guide equation reference,260
Properties_Destroyed,Properties_at_Risk,guide equation reference,260
Properties_Retreated,Properties_at_Risk,guide equation reference,260
Actual_Hazard_Risk,Perceived_Hazard_Risk,guide equation reference,174
Hazard_Perception_Delay,Perceived_Hazard_Risk,guide equation reference,174
Policy_Adopted,Policy_Implemented,guide equation reference,174
Policy_Implementation_Delay,Policy_Implemented,guide equation reference,174
Ecosystem_Restoration_Time,Mature_Ecosystem,guide equation reference,174
Restored_Ecosystem_Area,Mature_Ecosystem,guide equation reference,174
Compensation_Attractiveness_Lookup,Compensation_Attractiveness,guide equation reference,529
Compensation_Rate,Compensation_Attractiveness,guide equation reference,529
Perceived_Inequity,Community_Opposition,guide equation reference,178
Cost_Benefit_Ratio,Political_Will,guide equation reference,179
Recent_Disaster_Events,Political_Will,guide equation reference,179
Community_Petition_Threshold_Met,Retreat_Program_Active,guide equation reference,184
Funding_Available,Retreat_Program_Active,guide equation reference,184
Policy_Stimulus_Present,Retreat_Program_Active,guide equation reference,184
Recent_Major_Disaster,Retreat_Program_Active,guide equation reference,184
Threshold,Retreat_Program_Active,guide equation reference,184
Trigger_Type,Retreat_Program_Active,guide equation reference,184
Ancestral_Land_Significance,First_Nations_Adjustment_Factor,guide equation reference,185
Cultural_Protocol_Adherence,First_Nations_Adjustment_Factor,guide equation reference,185
First_Nations_Community,First_Nations_Adjustment_Factor,guide equation reference,185
Historical_Forced_Relocation_Trauma,First_Nations_Adjustment_Factor,guide equation reference,185
Non_Market_Values_Weight,First_Nations_Adjustment_Factor,guide equation reference,185
Community,Regional_Retreat_Pressure,guide equation reference,348
Community_Retreat_Demand,Regional_Retreat_Pressure,guide equation reference,348
Neighborhood,Watershed_Flooding_Benefit,guide equation reference,348
Upstream_Retreat_Area,Watershed_Flooding_Benefit,guide equation reference,348
Hazard_Exposure,Total_Hazard_Exposure,guide equation reference,352
Hazard_Type,Total_Hazard_Exposure,guide equation reference,352
Active_Hazards,Compounding_Effect_Multiplier,guide equation reference,353
CC_Impact_Rate,Climate_Change_Impact_Index,guide equation reference,357
CC_Scenario,Climate_Change_Impact_Index,guide equation reference,357
Initial_CC_Impact,Climate_Change_Impact_Index,guide equation reference,357
CC_Scenario,Sea_Level_Rise,guide equation reference,358
SLR_Projection_Table,Sea_Level_Rise,guide equation reference,358
Year,Sea_Level_Rise,guide equation reference,358
Disaster_Costs,Total_Social_Cost,guide equation reference,361
Ecosystem_Benefits,Total_Social_Cost,guide equation reference,361
Retreat_Program_Costs,Total_Social_Cost,guide equation reference,361
Social_Disruption_Costs,Total_Social_Cost,guide equation reference,361
New_Development_in_Risk_Zone,Properties_at_Risk,stock inflow,43
Properties_Retreated,Properties_at_Risk,stock outflow,43
Properties_Destroyed,Properties_at_Risk,stock outflow,43
Initial_Properties_in_Hazard_Zone,Properties_at_Risk,stock initializer,43
Hazard_Event_Rate,Cumulative_Hazard_Events,stock inflow,44
CC_Impact_Increase_Rate,Climate_Change_Impact_Index,stock inflow,45
Current_CC_Impact,Climate_Change_Impact_Index,stock initializer,45
Births,Community_Population,stock inflow,59
Immigration,Community_Population,stock inflow,59
Deaths,Community_Population,stock outflow,59
Outmigration,Community_Population,stock outflow,59
Managed_Retreat_Relocations,Community_Population,stock outflow,59
Initial_Population,Community_Population,stock initializer,59
New_Homeownership,Homeowners,stock inflow,60
Homeowner_Retreat,Homeowners,stock outflow,60
Homeowner_Outmigration,Homeowners,stock outflow,60
Initial_Homeowners,Homeowners,stock initializer,60
New_Renters,Renters,stock inflow,61
Renter_Displacement,Renters,stock outflow,61
Renter_Retreat,Renters,stock outflow,61
Initial_Renters,Renters,stock initializer,61
Social_Capital_Building,Community_Social_Capital,stock inflow,62
Social_Capital_Erosion,Community_Social_Capital,stock outflow,62
New_Development_Value,Municipal_Tax_Base,stock inflow,77
Property_Value_Appreciation,Municipal_Tax_Base,stock inflow,77
Property_Value_Depreciation,Municipal_Tax_Base,stock outflow,77
Retreat_Property_Removal,Municipal_Tax_Base,stock outflow,77
Initial_Assessment_Value,Municipal_Tax_Base,stock initializer,77
Federal_Funding,Retreat_Funding_Available,stock inflow,78
Provincial_Funding,Retreat_Funding_Available,stock inflow,78
Municipal_Contribution,Retreat_Funding_Available,stock inflow,78
Insurance_Payouts,Retreat_Funding_Available,stock inflow,78
Buyout_Payments,Retreat_Funding_Available,stock outflow,78
Support_Service_Costs,Retreat_Funding_Available,stock outflow,78
Land_Restoration_Costs,Retreat_Funding_Available,stock outflow,78
Annual_Disaster_Damage_Costs,Cumulative_Disaster_Costs,stock inflow,79
Trust_Building_Actions,Community_Trust_in_Process,stock inflow,98
Trust_Erosion,Community_Trust_in_Process,stock outflow,98
Policy_Development_Rate,Retreat_Policy_Development_Progress,stock inflow,99
Engagement_Activities,Stakeholder_Engagement_Level,stock inflow,100
Engagement_Fatigue,Stakeholder_Engagement_Level,stock outflow,100
Voluntary,Decision_Making_Approach,category option,106
Voluntary_with_Incentives,Decision_Making_Approach,category option,106
Persuasive,Decision_Making_Approach,category option,106
Mandatory_with_Optout,Decision_Making_Approach,category option,106
Fully_Mandatory,Decision_Making_Approach,category option,106
Retreat_Applications,Properties_in_Retreat_Pipeline,stock inflow,116
Proactive_Retreat_Identification,Properties_in_Retreat_Pipeline,stock inflow,116
Properties_Retreated,Properties_in_Retreat_Pipeline,stock outflow,116
Retreat_Dropouts,Properties_in_Retreat_Pipeline,stock outflow,116
Successful_Relocations,Relocated_Households,stock inflow,117
Capacity_Building,Support_Services_Capacity,stock inflow,118
Capacity_Attrition,Support_Services_Capacity,stock outflow,118
Initial_Capacity,Support_Services_Capacity,stock initializer,118
Equity_Improvements,Equity_Index,stock inflow,136
Equity_Degradation,Equity_Index,stock outflow,136
Wellbeing_Improvements,Vulnerable_Population_Wellbeing,stock inflow,137
Wellbeing_Decline,Vulnerable_Population_Wellbeing,stock outflow,137
Initial_Wellbeing,Vulnerable_Population_Wellbeing,stock initializer,137
Stress_Accumulation,Community_Psychosocial_Stress,stock inflow,138
Stress_Relief,Community_Psychosocial_Stress,stock outflow,138
Land_Acquired_Through_Retreat,Retreat_Lands_Area,stock inflow,154
Retreat_Land_Redevelopment,Retreat_Lands_Area,stock outflow,154
Ecosystem_Restoration_Rate,Restored_Ecosystem_Area,stock inflow,155
Ecosystem_Degradation,Restored_Ecosystem_Area,stock outflow,155
Ecosystem_Improvement,Ecosystem_Health_Index,stock inflow,156
Ecosystem_Decline,Ecosystem_Health_Index,stock outflow,156
Initial_Ecosystem_Health,Ecosystem_Health_Index,stock initializer,156
Full_Natural_Restoration,Retreat_Land_Use_Strategy,category option,162
Multi_Purpose,Retreat_Land_Use_Strategy,category option,162
Restricted_Rebuilding,Retreat_Land_Use_Strategy,category option,162
Green_Infrastructure,Retreat_Land_Use_Strategy,category option,162
Homeowners,Land_User_Group,category option,259
Renters,Land_User_Group,category option,259
Commercial,Land_User_Group,category option,259
First_Nations,Land_User_Group,category option,259
Government,Land_User_Group,category option,259
Individual_Properties,Geographic_Scale,category option,346
Neighborhood,Geographic_Scale,category option,346
Community,Geographic_Scale,category option,346
Watershed,Geographic_Scale,category option,346
Flooding,Hazard_Type,category option,351
Coastal_Erosion,Hazard_Type,category option,351
Wildfire,Hazard_Type,category option,351
Sea_Level_Rise,Hazard_Type,category option,351
RCP2.6,CC_Scenario,category option,356
RCP4.5,CC_Scenario,category option,356
RCP8.5,CC_Scenario,category option,356
Reactive_Disaster,Trigger_Type,category option,184
Proactive_Policy,Trigger_Type,category option,184
Community_Request,Trigger_Type,category option,184
Market_Value_Option,Compensation_Type_Selector,category option,85
Pre_Disaster_Value_Option,Compensation_Type_Selector,category option,85
Enhanced_Compensation_Option,Compensation_Type_Selector,category option,85
Receiving_Area_Housing_Availability,Relocation_Success_Rate,named conceptual determinant,122
Relocation_Support_Services,Relocation_Success_Rate,named conceptual determinant,122
Community_Cohesion_Preservation,Relocation_Success_Rate,named conceptual determinant,122
