variable,role,source_id,source_field,transformation,unit,geography,time_reference,evidence_status
Base_Hazard_Frequency,parameter,ali_model_guide,guide illustrative parameter range,Midpoint of guide range except explicitly defined single-hazard convention,events/year,Harris County / scenario assumption,2024 where measured; guide prior otherwise,assumed
Average_Destruction_Rate,parameter,ali_model_guide,guide illustrative parameter range,Midpoint of guide range except explicitly defined single-hazard convention,properties/property/event,Harris County / scenario assumption,2024 where measured; guide prior otherwise,assumed
CC_Sensitivity_Parameter,parameter,ali_model_guide,guide illustrative parameter range,Midpoint of guide range except explicitly defined single-hazard convention,dimensionless,Harris County / scenario assumption,2024 where measured; guide prior otherwise,assumed
Hazard_Severity_Factor,parameter,ali_model_guide,guide illustrative parameter range,Midpoint of guide range except explicitly defined single-hazard convention,dimensionless,Harris County / scenario assumption,2024 where measured; guide prior otherwise,assumed
Base_Outmigration_Rate,parameter,acs2024_b07403,B07403_E001;B07403_E010;B07403_E013;corresponding M fields,(E010+E013)/E001; conservative MOE-based envelope,1/year,Harris County / scenario assumption,2024 where measured; guide prior otherwise,derived_proxy
Average_Household_Size,parameter,acs2024_b25010,B25010_E001;B25010_M001,Published county mean and 90% MOE,people/household,Harris County / scenario assumption,2024 where measured; guide prior otherwise,observed
Relocation_Success_Rate,parameter,ali_model_guide,guide illustrative parameter range,Midpoint of guide range except explicitly defined single-hazard convention,dimensionless,Harris County / scenario assumption,2024 where measured; guide prior otherwise,assumed
Average_Property_Value,parameter,hcad_2024_real_acct_owner;hcad_2024_real_jur_exempt;hcad_parcels_2024_oct;nfhl_harris_20260303;ali_model_guide,acct;state_class;tot_mkt_val;tax_district;HCAD_NUM;SFHA_TF,mean(tot_mkt_val > 0) in matched residential SFHA-overlap accounts,USD_2024/property,Harris County / scenario assumption,2024 where measured; guide prior otherwise,derived_proxy
Average_Damage_Fraction,parameter,ali_model_guide,guide illustrative parameter range,Midpoint of guide range except explicitly defined single-hazard convention,USD_damage/USD_property/event,Harris County / scenario assumption,2024 where measured; guide prior otherwise,assumed
Federal_Funding_Availability,parameter,ali_model_guide,guide illustrative parameter range,Midpoint of guide range except explicitly defined single-hazard convention,USD_2024/year,Harris County / scenario assumption,2024 where measured; guide prior otherwise,assumed
Discount_Rate,parameter,ali_model_guide,guide illustrative parameter range,Midpoint of guide range except explicitly defined single-hazard convention,1/year,Harris County / scenario assumption,2024 where measured; guide prior otherwise,assumed
Transparency_Level,parameter,ali_model_guide,guide illustrative parameter range,Midpoint of guide range except explicitly defined single-hazard convention,dimensionless,Harris County / scenario assumption,2024 where measured; guide prior otherwise,assumed
Community_Engagement_Quality,parameter,ali_model_guide,guide illustrative parameter range,Midpoint of guide range except explicitly defined single-hazard convention,dimensionless,Harris County / scenario assumption,2024 where measured; guide prior otherwise,assumed
Governance_Capacity,parameter,ali_model_guide,guide illustrative parameter range,Midpoint of guide range except explicitly defined single-hazard convention,dimensionless,Harris County / scenario assumption,2024 where measured; guide prior otherwise,assumed
Political_Will,parameter,ali_model_guide,guide illustrative parameter range,Midpoint of guide range except explicitly defined single-hazard convention,index_points,Harris County / scenario assumption,2024 where measured; guide prior otherwise,assumed
Base_Processing_Time,parameter,ali_model_guide,guide illustrative parameter range,Midpoint of guide range except explicitly defined single-hazard convention,year,Harris County / scenario assumption,2024 where measured; guide prior otherwise,assumed
Caseworker_Throughput,parameter,ali_model_guide,guide illustrative parameter range,Midpoint of guide range except explicitly defined single-hazard convention,properties/year/caseworker,Harris County / scenario assumption,2024 where measured; guide prior otherwise,assumed
Awareness_Half_Time,parameter,ali_model_guide,guide illustrative parameter range,Midpoint of guide range except explicitly defined single-hazard convention,year,Harris County / scenario assumption,2024 where measured; guide prior otherwise,assumed
Psychosocial_Support_Capacity,parameter,ali_model_guide,guide illustrative parameter range,Midpoint of guide range except explicitly defined single-hazard convention,index_points,Harris County / scenario assumption,2024 where measured; guide prior otherwise,assumed
Support_Effectiveness,parameter,ali_model_guide,guide illustrative parameter range,Midpoint of guide range except explicitly defined single-hazard convention,dimensionless,Harris County / scenario assumption,2024 where measured; guide prior otherwise,assumed
Displacement_Impact,parameter,ali_model_guide,guide illustrative parameter range,Midpoint of guide range except explicitly defined single-hazard convention,wellbeing_points/household,Harris County / scenario assumption,2024 where measured; guide prior otherwise,assumed
Average_Property_Size,parameter,hcad_2024_real_acct_owner;hcad_2024_real_jur_exempt;hcad_parcels_2024_oct;nfhl_harris_20260303;ali_model_guide,acct;state_class;acreage;tax_district;HCAD_NUM;SFHA_TF,mean(acreage > 0)*0.40468564224 in SFHA-overlap A1 accounts,hectare/property,Harris County / scenario assumption,2024 where measured; guide prior otherwise,derived_proxy
Cost_Per_Hectare,parameter,ali_model_guide,guide illustrative parameter range,Midpoint of guide range except explicitly defined single-hazard convention,USD_2024/hectare,Harris County / scenario assumption,2024 where measured; guide prior otherwise,assumed
Restoration_Capacity,parameter,ali_model_guide,guide illustrative parameter range,Midpoint of guide range except explicitly defined single-hazard convention,hectare/year,Harris County / scenario assumption,2024 where measured; guide prior otherwise,assumed
Ecosystem_Type_Protection_Factor,parameter,ali_model_guide,guide illustrative parameter range,Midpoint of guide range except explicitly defined single-hazard convention,dimensionless,Harris County / scenario assumption,2024 where measured; guide prior otherwise,assumed
Hazard_Perception_Delay,parameter,ali_model_guide,guide illustrative parameter range,Midpoint of guide range except explicitly defined single-hazard convention,year,Harris County / scenario assumption,2024 where measured; guide prior otherwise,assumed
Policy_Implementation_Delay,parameter,ali_model_guide,guide illustrative parameter range,Midpoint of guide range except explicitly defined single-hazard convention,year,Harris County / scenario assumption,2024 where measured; guide prior otherwise,assumed
Ecosystem_Restoration_Time,parameter,ali_model_guide,guide illustrative parameter range,Midpoint of guide range except explicitly defined single-hazard convention,year,Harris County / scenario assumption,2024 where measured; guide prior otherwise,assumed
Community_Trust_Building_Time,parameter,ali_model_guide,guide illustrative parameter range,Midpoint of guide range except explicitly defined single-hazard convention,year,Harris County / scenario assumption,2024 where measured; guide prior otherwise,assumed
Infrastructure_Decommissioning_Time,parameter,ali_model_guide,guide illustrative parameter range,Midpoint of guide range except explicitly defined single-hazard convention,year,Harris County / scenario assumption,2024 where measured; guide prior otherwise,assumed
Properties_at_Risk,stock_initial,hcad_parcels_2024_oct;nfhl_harris_20260303,acct;state_class;tax_district;HCAD_NUM;SFHA_TF;geometry,"Residential 2024 HCAD accounts with any parcel overlap with March 2026 SFHA; screening exposure proxy, not all flood risk or a historical 2024 map. Unmatched accounts are unknown.",properties,Harris County TX; FIPS 48201,2024 reference; source vintages in notes,derived_proxy
Cumulative_Hazard_Events,stock_initial,model_boundary,0,Counter of events occurring after model start; not historical event total,events,Harris County TX; FIPS 48201,2024 reference; source vintages in notes,assumed
Climate_Change_Impact_Index,stock_initial,,Current_CC_Impact,No defensible countywide 2024 measurement. See Gap_Queue.csv.,dimensionless (0-100),Harris County TX; FIPS 48201,2024 reference; source vintages in notes,unavailable
Community_Population,stock_initial,local_acs2024_b01001,B01001_E001,Published 2020-2024 ACS estimate,people,Harris County TX; FIPS 48201,2024 reference; source vintages in notes,observed
Homeowners,stock_initial,local_acs2024_b25003,B25003_E002,"Owner-occupied households, not persons or property accounts",households,Harris County TX; FIPS 48201,2024 reference; source vintages in notes,observed
Renters,stock_initial,local_acs2024_b25003,B25003_E003,Renter-occupied households,households,Harris County TX; FIPS 48201,2024 reference; source vintages in notes,observed
Community_Social_Capital,stock_initial,,50,No defensible countywide 2024 measurement. See Gap_Queue.csv.,dimensionless (0-100),Harris County TX; FIPS 48201,2024 reference; source vintages in notes,unavailable
Municipal_Tax_Base,stock_initial,county_budget_fy2026,"FY2026 budget PDF page 24; Taxable Value ($B), 2024 column","Adapt to Harris County; original certified taxable value, PDF page 24; rounded to nearest billion",dollars,Harris County TX; FIPS 48201,2024 reference; source vintages in notes,observed_rounded
Retreat_Funding_Available,stock_initial,,0,No defensible countywide 2024 measurement. See Gap_Queue.csv.,dollars,Harris County TX; FIPS 48201,2024 reference; source vintages in notes,unavailable
Cumulative_Disaster_Costs,stock_initial,model_boundary,0,Counter of costs incurred after model start; not historical losses,dollars,Harris County TX; FIPS 48201,2024 reference; source vintages in notes,assumed
Community_Trust_in_Process,stock_initial,,50,No defensible countywide 2024 measurement. See Gap_Queue.csv.,dimensionless (0-100),Harris County TX; FIPS 48201,2024 reference; source vintages in notes,unavailable
Retreat_Policy_Development_Progress,stock_initial,,0,No defensible countywide 2024 measurement. See Gap_Queue.csv.,dimensionless (0-100),Harris County TX; FIPS 48201,2024 reference; source vintages in notes,unavailable
Stakeholder_Engagement_Level,stock_initial,,20,No defensible countywide 2024 measurement. See Gap_Queue.csv.,dimensionless (0-100),Harris County TX; FIPS 48201,2024 reference; source vintages in notes,unavailable
Properties_in_Retreat_Pipeline,stock_initial,,0,No defensible countywide 2024 measurement. See Gap_Queue.csv.,properties,Harris County TX; FIPS 48201,2024 reference; source vintages in notes,unavailable
Relocated_Households,stock_initial,model_boundary,0,Counter of additional successful relocations after model start; excludes legacy completions,households,Harris County TX; FIPS 48201,2024 reference; source vintages in notes,assumed
Support_Services_Capacity,stock_initial,,Initial_Capacity,No defensible countywide 2024 measurement. See Gap_Queue.csv.,caseworkers_equivalent,Harris County TX; FIPS 48201,2024 reference; source vintages in notes,unavailable
Equity_Index,stock_initial,,50,No defensible countywide 2024 measurement. See Gap_Queue.csv.,dimensionless (0-100),Harris County TX; FIPS 48201,2024 reference; source vintages in notes,unavailable
Vulnerable_Population_Wellbeing,stock_initial,,Initial_Wellbeing,No defensible countywide 2024 measurement. See Gap_Queue.csv.,dimensionless (0-100),Harris County TX; FIPS 48201,2024 reference; source vintages in notes,unavailable
Community_Psychosocial_Stress,stock_initial,,30,No defensible countywide 2024 measurement. See Gap_Queue.csv.,dimensionless (0-100),Harris County TX; FIPS 48201,2024 reference; source vintages in notes,unavailable
Retreat_Lands_Area,stock_initial,,0,No defensible countywide 2024 measurement. See Gap_Queue.csv.,hectares,Harris County TX; FIPS 48201,2024 reference; source vintages in notes,unavailable
Restored_Ecosystem_Area,stock_initial,,0,No defensible countywide 2024 measurement. See Gap_Queue.csv.,hectares,Harris County TX; FIPS 48201,2024 reference; source vintages in notes,unavailable
Ecosystem_Health_Index,stock_initial,,Initial_Ecosystem_Health,No defensible countywide 2024 measurement. See Gap_Queue.csv.,dimensionless (0-100),Harris County TX; FIPS 48201,2024 reference; source vintages in notes,unavailable
