source_id,origin,package_path,acquired_utc,bytes,sha256,acquisition,http_status,resolved_url,content_type,last_modified,status,note,scope,source_sha256,source_modified_utc,rows,columns,query,original_source_files,source_layer,source_container,distribution_status
acs2024_b07403,https://www2.census.gov/programs-surveys/acs/summary_file/2024/table-based-SF/data/5YRData/acsdt5y2024-b07403.dat,data/raw/public/acs2024_b07403.dat,2026-09-10T19:46:23.862056+00:00,5356080,956695a901661b62a4458988a73485b9a1d63e731859fb2da8840f91be5aa88d,public_download,200,https://www2.census.gov/programs-surveys/acs/summary_file/2024/table-based-SF/data/5YRData/acsdt5y2024-b07403.dat,,"Thu, 29 Jan 2026 12:37:15 GMT",captured,,,,,,,,,,,Source capture retained outside this repository; see data/README.md for included derivatives.
acs2024_b19013,https://www2.census.gov/programs-surveys/acs/summary_file/2024/table-based-SF/data/5YRData/acsdt5y2024-b19013.dat,data/raw/public/acs2024_b19013.dat,2026-09-10T19:26:10.825972+00:00,17917916,b25a176b0e6c339b6f3a2a0d3d8446bf06f5f080b4395993ec9a8313efb1c229,public_download,200,https://www2.census.gov/programs-surveys/acs/summary_file/2024/table-based-SF/data/5YRData/acsdt5y2024-b19013.dat,,"Thu, 29 Jan 2026 12:57:38 GMT",captured,,,,,,,,,,,Source capture retained outside this repository; see data/README.md for included derivatives.
acs2024_b25003,https://www2.census.gov/programs-surveys/acs/summary_file/2024/table-based-SF/data/5YRData/acsdt5y2024-b25003.dat,data/raw/public/acs2024_b25003.dat,2026-09-10T19:26:11.374603+00:00,26901770,68e963e1ed60fcf6b0658579cefc6498b7a9eb780b9f3e87fd1b9775c4d4ac6c,public_download,200,https://www2.census.gov/programs-surveys/acs/summary_file/2024/table-based-SF/data/5YRData/acsdt5y2024-b25003.dat,,"Thu, 29 Jan 2026 13:08:51 GMT",captured,,,,,,,,,,,Source capture retained outside this repository; see data/README.md for included derivatives.
acs2024_b25010,https://www2.census.gov/programs-surveys/acs/summary_file/2024/table-based-SF/data/5YRData/acsdt5y2024-b25010.dat,data/raw/public/acs2024_b25010.dat,2026-09-10T19:26:09.043953+00:00,28240177,69482d4f74b6d1dfe00a12b100d0d3c74a3b734f5f5cf1070ac4ec22096d67ff,public_download,200,https://www2.census.gov/programs-surveys/acs/summary_file/2024/table-based-SF/data/5YRData/acsdt5y2024-b25010.dat,,"Thu, 29 Jan 2026 13:09:42 GMT",captured,,,,,,,,,,,Source capture retained outside this repository; see data/README.md for included derivatives.
acs2024_b25064,https://www2.census.gov/programs-surveys/acs/summary_file/2024/table-based-SF/data/5YRData/acsdt5y2024-b25064.dat,data/raw/public/acs2024_b25064.dat,2026-09-10T19:26:09.521243+00:00,17272062,b36e6dc1fcef36b8b307d31b37517b64c80d8b9c70d48c9b1894242860f42eb0,public_download,200,https://www2.census.gov/programs-surveys/acs/summary_file/2024/table-based-SF/data/5YRData/acsdt5y2024-b25064.dat,,"Thu, 29 Jan 2026 13:13:09 GMT",captured,,,,,,,,,,,Source capture retained outside this repository; see data/README.md for included derivatives.
acs2024_b25077,https://www2.census.gov/programs-surveys/acs/summary_file/2024/table-based-SF/data/5YRData/acsdt5y2024-b25077.dat,data/raw/public/acs2024_b25077.dat,2026-09-10T19:26:09.985602+00:00,18496426,89eb2153764a2330b23959d8bbc29b3a8f3016f087b990f2a8ea0d5096d9a816,public_download,200,https://www2.census.gov/programs-surveys/acs/summary_file/2024/table-based-SF/data/5YRData/acsdt5y2024-b25077.dat,,"Thu, 29 Jan 2026 13:13:51 GMT",captured,,,,,,,,,,,Source capture retained outside this repository; see data/README.md for included derivatives.
acs2024_missing_tract,"https://api.census.gov/data/2024/acs/acs5?get=NAME,B25010_001E,B25010_001M,B25064_001E,B25064_001M,B25077_001E,B25077_001M,B19013_001E,B19013_001M,B01001_001E,B01001_001M,B25001_001E,B25001_001M,B25003_002E,B25003_002M,B25003_003E,B25003_003M&for=tract:*&in=state:48%20county:201",data/raw/public/acs2024_missing_tract.json,2026-09-10T19:23:50.067847+00:00,8531,c2f4687e09b80676de7f68dec92ebea395209616dbc6f895520e547c5f68c0f5,public_download,200,https://api.census.gov/data/missing_key.html,text/html,"Mon, 27 Jul 2026 12:40:40 GMT",blocked_api_key,"HTTP 200 returned Missing Key HTML, not ACS data. Use official bulk-table fallback.",,,,,,,,,,Source capture retained outside this repository; see data/README.md for included derivatives.
acs_variable_spec,Retained source-project material; workstation location omitted from distribution.,data/raw/reused/acs_variable_spec.csv,2026-09-10T19:22:36.194976+00:00,89970,96def3c3cbb597449da2fcf51f780a7db50279b2117a499cfdd4fa767176eb31,local_reuse,,,,,captured,,Source field labels and universes,,,,,,,,,Source capture retained outside this repository; see data/README.md for included derivatives.
ali_mindmap,Ali shared package; see sources/SOURCE_NOTES.md,sources/Mind Map Oct 15 2024.pdf,2026-09-10T19:29:33.680117+00:00,511452,bf569a540ca376802ab106e4b89c2445f040b69720410c2c35c8d9390b3e6a7d,supplied_source,,,,,captured,,,,,,,,,,,Source capture retained outside this repository; see data/README.md for included derivatives.
ali_model_guide,Ali shared package; see sources/SOURCE_NOTES.md,sources/Managed Retreat System Dynamics Model.docx,2026-09-10T19:29:33.679764+00:00,54517,54d6b5ebf18ae369db18f887374745c51a704da529b2d4bf36b480f06822e9f4,supplied_source,,,,,captured,,,,,,,,,,,Source capture retained outside this repository; see data/README.md for included derivatives.
changed_parcel_geometry,Retained source-project material; workstation location omitted from distribution.,data/raw/reused/changed_parcels_display.geojson,2026-09-10T19:22:41.951109+00:00,10649440,2d0c2398a5a225fb353a8bb7d2dafbcff5eba8c19689f6e8abcd0dc6f7c10666,local_reuse,,,,,captured,,"Simplified display geometry, September 6 snapshot; do not calculate acreage from simplified polygons",,,,,,,,,Source capture retained outside this repository; see data/README.md for included derivatives.
county_boundary,Retained source-project material; workstation location omitted from distribution.,data/raw/reused/harris_county.geojson,2026-09-10T19:22:41.962485+00:00,53712,1f2d7d04e46a23f6197d7b99878dc195917f8c9347ce863b8c6c7edd551719b3,local_reuse,,,,,captured,,County boundary,,,,,,,,,Source capture retained outside this repository; see data/README.md for included derivatives.
county_budget_fy2025,https://budget.harriscountytx.gov/doc/Budget/budgetbook/FY2025/FY25_Adopted_Budget_Volume_I.pdf,data/raw/public/county_budget_fy2025.pdf,2026-09-10T19:23:48.125953+00:00,3246663,21f94b7ecb61ae5e56f75a83ebda9ba81d18acb8503c921e08db2d01165c4bea,public_download,200,https://budget.harriscountytx.gov/doc/Budget/budgetbook/FY2025/FY25_Adopted_Budget_Volume_I.pdf,application/pdf,"Tue, 01 Oct 2024 04:09:05 GMT",captured,,,,,,,,,,,Source capture retained outside this repository; see data/README.md for included derivatives.
county_budget_fy2026,https://budget.harriscountytx.gov/doc/Budget/budgetbook/FY2026/FY26_Adopted_Budget_Volume_I.pdf,data/raw/public/county_budget_fy2026.pdf,2026-09-10T19:26:38.219794+00:00,3726367,8d2c484945e62d1c2b616ad3f18e7f349f0de453a0f0837ba05046677e4846fc,public_download,200,https://budget.harriscountytx.gov/doc/Budget/budgetbook/FY2026/FY26_Adopted_Budget_Volume_I.pdf,application/pdf,"Fri, 26 Sep 2025 20:23:18 GMT",captured,,,,,,,,,,,Source capture retained outside this repository; see data/README.md for included derivatives.
crosswalk_2010_2020,Retained source-project material; workstation location omitted from distribution.,data/raw/reused/tab20_tract20_tract10_natl.txt,2026-09-10T19:22:41.989243+00:00,18686287,3c2ea8e13bf359349cc6ee042980e539d0a8032328ce8c5ae10679b9000e3d17,local_reuse,,,,,captured,,Official Census relationship file; area relationships are not population weights,,,,,,,,,Source capture retained outside this repository; see data/README.md for included derivatives.
dashboard_attribution,Retained source-project material; workstation location omitted from distribution.,data/raw/reused/Dashboard_ATTRIBUTION.md,2026-09-10T19:22:41.999477+00:00,2387,ec13ab8508c29d2d999fa8cbdf50eb15e758bbddd067655b748a0c6dda717801,local_reuse,,,,,captured,,Hosted GIS restrictions and preprocessing attribution,,,,,,,,,Source capture retained outside this repository; see data/README.md for included derivatives.
fema_hma_harris_v1,https://www.fema.gov/api/open/v1/HmaSubapplicationsProjectSiteInventories?$filter=stateCode%20eq%20%2748%27%20and%20countyCode%20eq%20%27201%27&$top=10000&$inlinecount=allpages,data/raw/public/fema_hma_harris_v1.json,2026-09-10T19:29:05.622691+00:00,9302634,edd744bbf85c7c17b58c61f72a15b535d932e19700514768144bc55e3e8d37cc,public_download,200,https://www.fema.gov/api/open/v1/HmaSubapplicationsProjectSiteInventories?$filter=stateCode%20eq%20%2748%27%20and%20countyCode%20eq%20%27201%27&$top=10000&$inlinecount=allpages,application/json; charset=utf-8,,captured,,,,,,,,,,,Source capture retained outside this repository; see data/README.md for included derivatives.
fema_hma_harris_v4,https://www.fema.gov/api/open/v4/HazardMitigationAssistanceMitigatedProperties?$filter=state%20eq%20'Texas'%20and%20county%20eq%20'Harris'&$top=10000&$inlinecount=allpages,data/raw/public/fema_hma_harris_v4.json,2026-09-10T19:26:36.295441+00:00,1240710,f2efec4620b90e4652f1b37e6c3b1b63e98914081f41666a236b7bd4687db262,public_download,200,https://www.fema.gov/api/open/v4/HazardMitigationAssistanceMitigatedProperties?$filter=state%20eq%20'Texas'%20and%20county%20eq%20'Harris'&$top=10000&$inlinecount=allpages,application/json; charset=utf-8,,captured,,,,,,,,,,,Source capture retained outside this repository; see data/README.md for included derivatives.
fema_hma_metadata,https://www.fema.gov/api/open/v4/HazardMitigationAssistanceMitigatedProperties?$top=1&$metadata=true,data/raw/public/fema_hma_metadata.json,2026-09-10T19:23:50.391095+00:00,1704,49e78d0173ff813a7956616ded89c9896f86c4cc7c6736a05a835f321e4a6673,public_download,200,https://www.fema.gov/api/open/v4/HazardMitigationAssistanceMitigatedProperties?$top=1&$metadata=true,application/json; charset=utf-8,,captured,,,,,,,,,,,Source capture retained outside this repository; see data/README.md for included derivatives.
fema_hma_new_metadata,https://www.fema.gov/api/open/v1/HmaSubapplicationsProjectSiteInventories?$top=1&$metadata=true,data/raw/public/fema_hma_new_metadata.json,2026-09-10T19:26:36.581016+00:00,1532,adf65bd5781e3650830987250c6f53c32cc31303b334a47c03fc140f131baed1,public_download,200,https://www.fema.gov/api/open/v1/HmaSubapplicationsProjectSiteInventories?$top=1&$metadata=true,application/json; charset=utf-8,,captured,,,,,,,,,,,Source capture retained outside this repository; see data/README.md for included derivatives.
glo_accomplishments,Retained source-project material; workstation location omitted from distribution.,data/raw/reused/glo_accomplishments.csv.gz,2026-09-10T19:22:44.728837+00:00,1096,345e3420147ecf7a52fb2426667fb1761c6e8e37f8ff1c7a0c1aa9df09b3e3a5,local_reuse,,,,,captured,,Harris County residential CDBG-DR buyout HCBP activities only; commercial HCComBP excluded,4083d7261949dfc75be95ed4889254b10764f52ca357c421fd326c02952a8815,2026-06-08T21:39:46.599999905+00:00,120,id|grant_number|activity_number|activity_title|activity_type|responsible_org|measure_type|quarter_label|actual_value|source_file|created_at,SELECT * FROM qpr_accomplishments WHERE activity_number LIKE 'HCBP%',P-17-TX-48-HIM1_P31 - QPR - Actual Accomplishments by Quarter_02032026.xlsx,,,Source capture retained outside this repository; see data/README.md for included derivatives.
glo_beneficiaries,Retained source-project material; workstation location omitted from distribution.,data/raw/reused/glo_beneficiaries.csv.gz,2026-09-10T19:22:45.185682+00:00,1075,3a9e3e4d497972869f1b636a0c2a5a18b3a6f8fa61e1b273db979e04d27e12aa,local_reuse,,,,,captured,,Harris County residential CDBG-DR buyout HCBP activities only; commercial HCComBP excluded,4083d7261949dfc75be95ed4889254b10764f52ca357c421fd326c02952a8815,2026-06-08T21:39:46.599999905+00:00,92,id|grant_number|activity_number|activity_title|activity_type|national_objective|category|demographic_group|value|source_file|created_at,SELECT * FROM qpr_beneficiary_demographics WHERE activity_number LIKE 'HCBP%',P-17-TX-48-HIM1_P33 - QPR - Household Characteristics for Direct Benefit Activities by Tenure and Ethnicity_02032026.xlsx,,,Source capture retained outside this repository; see data/README.md for included derivatives.
glo_f31_original_1,Retained source-project material; workstation location omitted from distribution.,data/raw/reused/glo_f31_1.xlsx,2026-09-10T19:45:30.178852+00:00,338832,f2f0cbcb11b6b5187fdc3872b30154f36f186c880c70d62b4d5e506aa4d32af3,local_reuse,,,,,captured,,Original F31 source workbook for parsed HCBP rows,,,,,,,,,Source capture retained outside this repository; see data/README.md for included derivatives.
glo_f31_original_2,Retained source-project material; workstation location omitted from distribution.,data/raw/reused/glo_f31_2.xlsx,2026-09-10T19:45:30.407674+00:00,14048,c2a04e50ac2b0161ac89f304608261b4eba9d0b2903261e8a23fcf7ffa1d7aba,local_reuse,,,,,captured,,Original F31 source workbook for parsed HCBP rows,,,,,,,,,Source capture retained outside this repository; see data/README.md for included derivatives.
glo_financial,Retained source-project material; workstation location omitted from distribution.,data/raw/reused/glo_financial.csv.gz,2026-09-10T19:22:43.810687+00:00,2247,e4f2f8f07d140075ecafce3f8710611bcb3540212bfb4f47667c27deb07e1204,local_reuse,,,,,captured,,Harris County residential CDBG-DR buyout HCBP activities only; commercial HCComBP excluded,4083d7261949dfc75be95ed4889254b10764f52ca357c421fd326c02952a8815,2026-06-08T21:39:46.599999905+00:00,99,id|grant_number|project_number|project_title|activity_number|activity_title|activity_type|responsible_org|begin_date|quarter_label|obligated_usd|expended_usd|disbursed_usd|program_income_disbursed_usd|program_income_received_usd|source_file|created_at,SELECT * FROM qpr_activity_financials WHERE activity_number LIKE 'HCBP%',"B-17-DM-48-0001_F31 - QPR - Fin Data by Project, Activity and Quarter_02032026.xlsx|B-18-DP-48-0001_F31 - QPR - Fin Data by Project, Activity and Quarter_02032026.xlsx",,,Source capture retained outside this repository; see data/README.md for included derivatives.
glo_narratives,Retained source-project material; workstation location omitted from distribution.,data/raw/reused/glo_narratives.csv.gz,2026-09-10T19:22:44.270707+00:00,2492,2cab69f5bd39af29c3d44bf89be44060f1411dcb96df2fed9ef8558ee1f17c6d,local_reuse,,,,,captured,,Harris County residential CDBG-DR buyout HCBP activities only; commercial HCComBP excluded,4083d7261949dfc75be95ed4889254b10764f52ca357c421fd326c02952a8815,2026-06-08T21:39:46.599999905+00:00,63,id|grant_number|activity_number|activity_title|activity_type|responsible_org|geo_unit|geo_type|cog|quarter_label|year|quarter_num|narrative_text|n_chars|source_file|created_at,SELECT * FROM qpr_activity_narratives WHERE activity_number LIKE 'HCBP%',P-17-TX-48-HIM1_A32 - QPR - Activity Progress Narratives_02032026.xlsx,,,Source capture retained outside this repository; see data/README.md for included derivatives.
harris_acs2023,Retained source-project material; workstation location omitted from distribution.,data/raw/reused/harris_acs2023.csv.gz,2026-09-10T19:22:41.938208+00:00,14518,20814b52a36c1d097671311c98bce186af929071918dbda687de98b96cdb85c7,local_reuse,,,,,captured,,Harris County; 2010 tracts for historical events and climate; ACS2023 uses 2020 tracts,977c77d7ba883087641cb02e5d491e69b9a6c42fbb5b2bc7ed83d23fc4749730,2026-02-19T23:12:28.950000048+00:00,1115,tract_id_2020|housing_units|population|median_building_age|median_income_usd,,,,,Source capture retained outside this repository; see data/README.md for included derivatives.
harris_climate,Retained source-project material; workstation location omitted from distribution.,data/raw/reused/harris_climate.csv.gz,2026-09-10T19:22:41.884022+00:00,8525672,3a4add077b4d12a78f0bcce25d9e504733fa3669667a106bd50f0cf1089f838a,local_reuse,,,,,captured,,Harris County; 2010 tracts for historical events and climate; ACS2023 uses 2020 tracts,5181cf628df4bf505bb166c05621a38dfb6b5f7bacc3635b746847cc93c1b0d9,2026-06-04T20:33:38.690000057+00:00,880320,analysis_mode|model|ssp|run_id|warming_level_degC|crossing_year|window_start_year|window_end_year|analysis_start_year|analysis_end_year|window_years_requested|window_years_available|window_truncated|rank|event_year|event_decade_start|event_date_start|event_date_end|tract_id|precip_total_mm|precip_max_1day_mm|precip_max_3day_mm|precip_wet_days,,,,,Source capture retained outside this repository; see data/README.md for included derivatives.
harris_events,Retained source-project material; workstation location omitted from distribution.,data/raw/reused/harris_events.csv.gz,2026-09-10T19:22:36.606313+00:00,1046456,b617373c2940042c3cb38d4cc786c3bcecd4e130c6d2fea0d7a2b739d3ac6c63,local_reuse,,,,,captured,,Harris County; 2010 tracts for historical events and climate; ACS2023 uses 2020 tracts,1ccd148303994ab9f7d1175aaf9057d590ecf0b9c4261644a9362e2b622b1cad,2026-05-20T19:06:09.539999962+00:00,11790,event_id|event_start_date|event_end_date|tract_id|damage_binary|claim_count_weighted|claim_count|total_paid_building_usd|total_paid_contents_usd|total_paid_usd|max_water_depth_ft|mean_water_depth_ft|precip_total_mm|precip_max_1day_mm|precip_max_3day_mm|precip_wet_days|nclimgrid_prcp_obs_count_mean|nclimgrid_prcp_obs_count_min|pct_sfha|median_building_age|insurance_penetration|crs_discount_pct|sovi_score|population_density|housing_units|area_km2|median_income_usd|has_precip_data|decade|acs_vintage|policies_in_force|log_pif|claim_count_int,,,,,Source capture retained outside this repository; see data/README.md for included derivatives.
hcad_2024_catalog,https://hcad.org/actions/hcad-pdata/default/get-property-downloads?t=2024&c=CAMA&s=Real%20Property,data/raw/public/hcad_2024_catalog.json,2026-09-10T19:23:40.486185+00:00,1858,e5e23aaaa7b844c1acb571ba935dd9140173eaa5bb696e142be387719fbcfd51,public_download,200,https://hcad.org/actions/hcad-pdata/default/get-property-downloads?t=2024&c=CAMA&s=Real%20Property,text/html; charset=UTF-8,,captured,,,,,,,,,,,Source capture retained outside this repository; see data/README.md for included derivatives.
hcad_2024_certification,https://hcad.org/actions/hcad-pdata/default/get-certification-flag?t=2024,data/raw/public/hcad_2024_certification.json,2026-09-10T19:23:41.057242+00:00,73,1ef2b47af0436affe9924893492cb88c8de2dcc843c4b5d698789c5549b1780f,public_download,200,https://hcad.org/actions/hcad-pdata/default/get-certification-flag?t=2024,text/html; charset=UTF-8,,captured,,,,,,,,,,,Source capture retained outside this repository; see data/README.md for included derivatives.
hcad_2024_code_description_real,https://download.hcad.org/data/CAMA/2024/Code_description_real.zip,data/raw/public/hcad_2024_Code_description_real.zip,2026-09-10T19:26:08.052211+00:00,170779,4ff78f73a42c3284f3a78013838de92e8b0abb7bd95ad1577076d7e5746d5bb6,public_download,200,https://download.hcad.org/data/CAMA/2024/Code_description_real.zip,application/x-zip-compressed,"Sun, 06 Sep 2026 22:06:36 GMT",captured,,,,,,,,,,,Source capture retained outside this repository; see data/README.md for included derivatives.
hcad_2024_real_acct_owner,https://download.hcad.org/data/CAMA/2024/Real_acct_owner.zip,data/raw/public/hcad_2024_Real_acct_owner.zip,2026-09-10T19:25:45.755163+00:00,206109823,ad3d4841ca1d1925de5bb2ce975b8ea9f432863b0549455faeedacbdf1feaf92,public_download,200,https://download.hcad.org/data/CAMA/2024/Real_acct_owner.zip,application/x-zip-compressed,"Sun, 06 Sep 2026 22:05:39 GMT",captured,,,,,,,,,,,Source capture retained outside this repository; see data/README.md for included derivatives.
hcad_2024_real_jur_exempt,https://download.hcad.org/data/CAMA/2024/Real_jur_exempt.zip,data/raw/public/hcad_2024_Real_jur_exempt.zip,2026-09-10T19:26:07.765150+00:00,110876245,a5622c7830ce302ba65d383fe17a05419f5ce3eb99195d6c2a2add1f1ffad32b,public_download,200,https://download.hcad.org/data/CAMA/2024/Real_jur_exempt.zip,application/x-zip-compressed,"Sun, 06 Sep 2026 22:06:30 GMT",captured,,,,,,,,,,,Source capture retained outside this repository; see data/README.md for included derivatives.
hcad_catalog,https://hcad.org/pdata/pdata-property-downloads.html/,data/raw/public/hcad_catalog.html,2026-09-10T19:21:54.351884+00:00,59310,ff9a7ce65275a654725a6d5108bc03feb29b9b9bdd2df92a759d2afa4d30828f,public_download,200,https://hcad.org/pdata/pdata-property-downloads.html/,text/html; charset=UTF-8,,captured,,,,,,,,,,,Source capture retained outside this repository; see data/README.md for included derivatives.
hcad_gis_catalog,https://hcad.org/pdata/pdata-gis-downloads.html,data/raw/public/hcad_gis_catalog.html,2026-09-10T19:23:41.472566+00:00,59704,67736b493927b79da7e2c2f3c7b0c142b7397c9a9ecb9ae97b3c42a9f4e80197,public_download,200,https://hcad.org/pdata/pdata-gis-downloads.html,text/html; charset=UTF-8,,captured,,,,,,,,,,,Source capture retained outside this repository; see data/README.md for included derivatives.
hcad_gis_download_script,https://hcad.org/cpresources/7ceaad65/gis.js,data/raw/public/hcad_gis.js,2026-09-10T19:25:43.043093+00:00,2741,206ca9353d84b8633681b5afab5267fc2b474cfdd52838948f844d99120357f3,public_download,200,https://hcad.org/cpresources/7ceaad65/gis.js,text/javascript;charset=UTF-8,"Thu, 10 Sep 2026 19:25:43 GMT",captured,,,,,,,,,,,Source capture retained outside this repository; see data/README.md for included derivatives.
hcad_gis_prior_years,https://hcad.org/actions/hcad-pdata/default/get-gis-prior-year,data/raw/public/hcad_gis_prior_years.json,2026-09-10T19:26:44.674685+00:00,1455,d16b61483ba656d6f119ba2af8809e796f4dc59b5983fc61633d0d7f8d7f4def,public_download,200,https://hcad.org/actions/hcad-pdata/default/get-gis-prior-year,text/html; charset=UTF-8,,captured,,,,,,,,,,,Source capture retained outside this repository; see data/README.md for included derivatives.
hcad_gis_readme,https://hcad.org/assets/uploads/pdf/resources/2026/GIS-ReadMeV2-2.pdf,data/raw/public/hcad_gis_readme.pdf,2026-09-10T19:26:38.570254+00:00,291637,55f0f9ed933328f6fc55043e8973d40a0e56bfe01c7c21a5c43ddef8195b671e,public_download,200,https://hcad.org/assets/uploads/pdf/resources/2026/GIS-ReadMeV2-2.pdf,application/pdf,"Wed, 04 Feb 2026 17:00:12 GMT",captured,,,,,,,,,,,Source capture retained outside this repository; see data/README.md for included derivatives.
hcad_gis_script,https://hcad.org/cpresources/db22ae8f/js/index.js?v=1787253302,data/raw/public/hcad_gis_index.js,2026-09-10T19:26:11.538100+00:00,559,850068f5a4a50773b440bf9c401af260f24de8515b45721a530b579a5652d54d,public_download,200,https://hcad.org/cpresources/db22ae8f/js/index.js?v=1787253302,application/javascript,"Thu, 20 Aug 2026 19:15:02 GMT",captured,,,,,,,,,,,Source capture retained outside this repository; see data/README.md for included derivatives.
hcad_parcels_2024_oct,https://download.hcad.org/data/GIS/Parcels_2024_Oct.zip,data/raw/public/hcad_parcels_2024_oct.zip,2026-09-10T19:34:21.641865+00:00,1137798854,555a5b590839b32aa85ef3f529eb510d8a0282af8debbc25e4e3abd9de1bb71c,public_download,200,https://download.hcad.org/data/GIS/Parcels_2024_Oct.zip,application/x-zip-compressed,"Wed, 09 Oct 2024 14:55:41 GMT",captured,,,,,,,,,,,Source capture retained outside this repository; see data/README.md for included derivatives.
hcad_pdata_help,https://hcad.org/hcad-online-services/pdata/pdata-help,data/raw/public/hcad_pdata_help.html,2026-09-10T19:26:39.055684+00:00,59512,00f86e1eaca499e3a8d160003d6d2b710283977c7f044ae3a5b8f76cc434d5fb,public_download,200,https://hcad.org/hcad-online-services/pdata/pdata-help,text/html; charset=UTF-8,,captured,,,,,,,,,,,Source capture retained outside this repository; see data/README.md for included derivatives.
hcad_public_api_script,https://hcad.org/cpresources/db22ae8f/js/HcadPdata.js?v=1787253302,data/raw/public/HcadPdata.js,2026-09-10T19:22:26.999039+00:00,7026,eb1d10e867f648ee0ec2149521401239988969b1c7d397dcdf355f0745869ead,public_download,200,https://hcad.org/cpresources/db22ae8f/js/HcadPdata.js?v=1787253302,application/javascript,"Thu, 20 Aug 2026 19:15:02 GMT",captured,,,,,,,,,,,Source capture retained outside this repository; see data/README.md for included derivatives.
hcd_buyout_2024q3,https://harriscountytx.legistar.com/View.ashx?GUID=F516D858-9BF8-4C06-AA62-00A02983B778&ID=13395087&M=F,data/raw/public/hcd_buyout_2024q3.pdf,2026-09-10T19:23:42.451772+00:00,643700,0bf74188d115588ca3be6b98fe2cbd14c421f36176327ccdfa157a0064e12495,public_download,200,https://harriscountytx.legistar.com/View.ashx?GUID=F516D858-9BF8-4C06-AA62-00A02983B778&ID=13395087&M=F,application/pdf,,captured,,,,,,,,,,,Source capture retained outside this repository; see data/README.md for included derivatives.
hcd_buyout_2025q2,https://harriscountytx.legistar.com/View.ashx?GUID=EE29CB71-ABB4-404D-A630-79E86EE7EA17&ID=14561218&M=F,data/raw/public/hcd_buyout_2025q2.pdf,2026-09-10T19:23:45.454770+00:00,652130,5454bacc0a6158c2bd10afd58626e7a847ba16febbcafad3de753f99be41d7b0,public_download,200,https://harriscountytx.legistar.com/View.ashx?GUID=EE29CB71-ABB4-404D-A630-79E86EE7EA17&ID=14561218&M=F,application/pdf,,captured,,,,,,,,,,,Source capture retained outside this repository; see data/README.md for included derivatives.
hcfcd_maintenance,https://www.hcfcd.org/Portals/62/Home-Buyout-Program/FINAL%20Guidelines%20for%20Maintenance%20of%20Buyout%20Lots_20200305a.pdf,data/raw/public/hcfcd_maintenance.pdf,2026-09-10T19:23:48.975120+00:00,220855,3c9bcf95ae31245038be521609a1e37e42493b858fe0b1963db1bb7e4f1d8511,public_download,200,https://www.hcfcd.org/Portals/62/Home-Buyout-Program/FINAL%20Guidelines%20for%20Maintenance%20of%20Buyout%20Lots_20200305a.pdf,application/pdf,"Thu, 12 Mar 2020 01:13:29 GMT",captured,,,,,,,,,,,Source capture retained outside this repository; see data/README.md for included derivatives.
hgac_changed_parcels,Retained source-project material; workstation location omitted from distribution.,data/raw/reused/hgac_changed_parcels.csv,2026-09-10T19:22:41.943008+00:00,3243600,7dfe6b10595216f4b62e352a2f564033fa8bd534ae462ae1d6262977364e1eba,local_reuse,,,,,captured,,"20344 selected changed parcels, not complete HCAD universe",,,,,,,,,Source capture retained outside this repository; see data/README.md for included derivatives.
hgac_tracts,Retained source-project material; workstation location omitted from distribution.,data/raw/reused/hgac_tracts.csv,2026-09-10T19:22:41.939800+00:00,484557,080cc26957837c060e7facabfb7abdf6c54e0206212e32346f12e9f821cdbd2c,local_reuse,,,,,captured,,1115 2020 tracts; hosted Project 1B July 13 2026 snapshot; H-GAC 2020-2050 projections,,,,,,,,,Source capture retained outside this repository; see data/README.md for included derivatives.
hydro_acs,Retained source-project material; workstation location omitted from distribution.,data/raw/reused/hydro_acs.csv.gz,2026-09-10T19:22:35.161655+00:00,16660287,d7b10840b4f2a21f492f5c4f50663b1edee743a6c951295e220a8311bb2755f0,local_reuse,,,,,captured,,Harris County FIPS 48201; harmonized 2020 census tracts,5e6048b035733b2239af1c8ed1422d597a5cf42ed834e1ce30c1036e538670ba,2026-08-21T01:57:48.900000095+00:00,16725,year|geoid_2020|state_fips|county_fips|acs_b01001_001e|acs_b01001_002e|acs_b01001_003e|acs_b01001_004e|acs_b01001_005e|acs_b01001_006e|acs_b01001_007e|acs_b01001_008e|acs_b01001_009e|acs_b01001_010e|acs_b01001_011e|acs_b01001_012e|acs_b01001_013e|acs_b01001_014e|acs_b01001_015e|acs_b01001_016e|acs_b01001_017e|acs_b01001_018e|acs_b01001_019e|acs_b01001_020e|acs_b01001_021e|acs_b01001_022e|acs_b01001_023e|acs_b01001_024e|acs_b01001_025e|acs_b01001_026e|acs_b01001_027e|acs_b01001_028e|acs_b01001_029e|acs_b01001_030e|acs_b01001_031e|acs_b01001_032e|acs_b01001_033e|acs_b01001_034e|acs_b01001_035e|acs_b01001_036e|acs_b01001_037e|acs_b01001_038e|acs_b01001_039e|acs_b01001_040e|acs_b01001_041e|acs_b01001_042e|acs_b01001_043e|acs_b01001_044e|acs_b01001_045e|acs_b01001_046e|acs_b01001_047e|acs_b01001_048e|acs_b01001_049e|acs_b03002_001e|acs_b03002_002e|acs_b03002_003e|acs_b03002_004e|acs_b03002_005e|acs_b03002_006e|acs_b03002_007e|acs_b03002_008e|acs_b03002_009e|acs_b03002_010e|acs_b03002_011e|acs_b03002_012e|acs_b03002_013e|acs_b03002_014e|acs_b03002_015e|acs_b03002_016e|acs_b03002_017e|acs_b03002_018e|acs_b03002_019e|acs_b03002_020e|acs_b03002_021e|acs_b07001_001e|acs_b07001_002e|acs_b07001_003e|acs_b07001_004e|acs_b07001_005e|acs_b07001_006e|acs_b07001_007e|acs_b07001_008e|acs_b07001_009e|acs_b07001_010e|acs_b07001_011e|acs_b07001_012e|acs_b07001_013e|acs_b07001_014e|acs_b07001_015e|acs_b07001_016e|acs_b07001_017e|acs_b07001_018e|acs_b07001_019e|acs_b07001_020e|acs_b07001_021e|acs_b07001_022e|acs_b07001_023e|acs_b07001_024e|acs_b07001_025e|acs_b07001_026e|acs_b07001_027e|acs_b07001_028e|acs_b07001_029e|acs_b07001_030e|acs_b07001_031e|acs_b07001_032e|acs_b07001_033e|acs_b07001_034e|acs_b07001_035e|acs_b07001_036e|acs_b07001_037e|acs_b07001_038e|acs_b07001_039e|acs_b07001_040e|acs_b07001_041e|acs_b07001_042e|acs_b07001_043e|acs_b07001_044e|acs_b07001_045e|acs_b07001_046e|acs_b07001_047e|acs_b07001_048e|acs_b07001_049e|acs_b07001_050e|acs_b07001_051e|acs_b07001_052e|acs_b07001_053e|acs_b07001_054e|acs_b07001_055e|acs_b07001_056e|acs_b07001_057e|acs_b07001_058e|acs_b07001_059e|acs_b07001_060e|acs_b07001_061e|acs_b07001_062e|acs_b07001_063e|acs_b07001_064e|acs_b07001_065e|acs_b07001_066e|acs_b07001_067e|acs_b07001_068e|acs_b07001_069e|acs_b07001_070e|acs_b07001_071e|acs_b07001_072e|acs_b07001_073e|acs_b07001_074e|acs_b07001_075e|acs_b07001_076e|acs_b07001_077e|acs_b07001_078e|acs_b07001_079e|acs_b07001_080e|acs_b07001_081e|acs_b07001_082e|acs_b07001_083e|acs_b07001_084e|acs_b07001_085e|acs_b07001_086e|acs_b07001_087e|acs_b07001_088e|acs_b07001_089e|acs_b07001_090e|acs_b07001_091e|acs_b07001_092e|acs_b07001_093e|acs_b07001_094e|acs_b07001_095e|acs_b07001_096e|acs_b17001_001e|acs_b17001_002e|acs_b17001_003e|acs_b17001_004e|acs_b17001_005e|acs_b17001_006e|acs_b17001_007e|acs_b17001_008e|acs_b17001_009e|acs_b17001_010e|acs_b17001_011e|acs_b17001_012e|acs_b17001_013e|acs_b17001_014e|acs_b17001_015e|acs_b17001_016e|acs_b17001_017e|acs_b17001_018e|acs_b17001_019e|acs_b17001_020e|acs_b17001_021e|acs_b17001_022e|acs_b17001_023e|acs_b17001_024e|acs_b17001_025e|acs_b17001_026e|acs_b17001_027e|acs_b17001_028e|acs_b17001_029e|acs_b17001_030e|acs_b17001_031e|acs_b17001_032e|acs_b17001_033e|acs_b17001_034e|acs_b17001_035e|acs_b17001_036e|acs_b17001_037e|acs_b17001_038e|acs_b17001_039e|acs_b17001_040e|acs_b17001_041e|acs_b17001_042e|acs_b17001_043e|acs_b17001_044e|acs_b17001_045e|acs_b17001_046e|acs_b17001_047e|acs_b17001_048e|acs_b17001_049e|acs_b17001_050e|acs_b17001_051e|acs_b17001_052e|acs_b17001_053e|acs_b17001_054e|acs_b17001_055e|acs_b17001_056e|acs_b17001_057e|acs_b17001_058e|acs_b17001_059e|acs_b18101_001e|acs_b18101_002e|acs_b18101_003e|acs_b18101_004e|acs_b18101_005e|acs_b18101_006e|acs_b18101_007e|acs_b18101_008e|acs_b18101_009e|acs_b18101_010e|acs_b18101_011e|acs_b18101_012e|acs_b18101_013e|acs_b18101_014e|acs_b18101_015e|acs_b18101_016e|acs_b18101_017e|acs_b18101_018e|acs_b18101_019e|acs_b18101_020e|acs_b18101_021e|acs_b18101_022e|acs_b18101_023e|acs_b18101_024e|acs_b18101_025e|acs_b18101_026e|acs_b18101_027e|acs_b18101_028e|acs_b18101_029e|acs_b18101_030e|acs_b18101_031e|acs_b18101_032e|acs_b18101_033e|acs_b18101_034e|acs_b18101_035e|acs_b18101_036e|acs_b18101_037e|acs_b18101_038e|acs_b18101_039e|acs_b19001_001e|acs_b19001_002e|acs_b19001_003e|acs_b19001_004e|acs_b19001_005e|acs_b19001_006e|acs_b19001_007e|acs_b19001_008e|acs_b19001_009e|acs_b19001_010e|acs_b19001_011e|acs_b19001_012e|acs_b19001_013e|acs_b19001_014e|acs_b19001_015e|acs_b19001_016e|acs_b19001_017e|acs_b25001_001e|acs_b25002_001e|acs_b25002_002e|acs_b25002_003e|acs_b25003_001e|acs_b25003_002e|acs_b25003_003e|acs_b25024_001e|acs_b25024_002e|acs_b25024_003e|acs_b25024_004e|acs_b25024_005e|acs_b25024_006e|acs_b25024_007e|acs_b25024_008e|acs_b25024_009e|acs_b25024_010e|acs_b25024_011e|acs_b25075_001e|acs_b25075_002e|acs_b25075_003e|acs_b25075_004e|acs_b25075_005e|acs_b25075_006e|acs_b25075_007e|acs_b25075_008e|acs_b25075_009e|acs_b25075_010e|acs_b25075_011e|acs_b25075_012e|acs_b25075_013e|acs_b25075_014e|acs_b25075_015e|acs_b25075_016e|acs_b25075_017e|acs_b25075_018e|acs_b25075_019e|acs_b25075_020e|acs_b25075_021e|acs_b25075_022e|acs_b25075_023e|acs_b25075_024e|acs_b25075_025e|acs_b25075_026e|acs_b25075_027e|acs_poverty_universe|acs_below_poverty_count|acs_poverty_rate|acs_renter_occupied_units|acs_renter_occupied_rate,,,,,Source capture retained outside this repository; see data/README.md for included derivatives.
hydro_ihp,Retained source-project material; workstation location omitted from distribution.,data/raw/reused/hydro_ihp.csv.gz,2026-09-10T19:22:35.981729+00:00,646717,f7268f239103e5a1370b766016aa656b685deb3ea6722d54b6ec34e1b45225af,local_reuse,,,,,captured,,Harris County FIPS 48201; harmonized 2020 census tracts,a2db4a2a1fd5aa6a0cfab1a8b35d298fcdf50e6cbd7ebf9a1cc2249e8c5fcafa,2026-08-21T06:24:40.440000057+00:00,7422,geoid_2020|year|fema_ihp_valid_registration_count|fema_ihp_owner_registration_count|fema_ihp_renter_registration_count|fema_ihp_primary_residence_count|fema_ihp_home_damage_count|fema_ihp_reported_damage_count|fema_ihp_flood_damage_count|fema_ihp_destroyed_count|fema_ihp_ihp_referral_count|fema_ihp_ihp_eligible_count|fema_ihp_ha_eligible_count|fema_ihp_ona_eligible_count|fema_ihp_rental_assistance_eligible_count|fema_ihp_repair_assistance_eligible_count|fema_ihp_replacement_assistance_eligible_count|fema_ihp_personal_property_eligible_count|fema_ihp_homeowners_insurance_count|fema_ihp_flood_insurance_count|fema_ihp_verified_ownership_count|fema_ihp_verified_occupancy_count|fema_ihp_ihp_amount_sum|fema_ihp_ha_amount_sum|fema_ihp_ona_amount_sum|fema_ihp_rental_assistance_amount_sum|fema_ihp_repair_amount_sum|fema_ihp_replacement_amount_sum|fema_ihp_personal_property_amount_sum|fema_ihp_flood_damage_amount_sum|fema_ihp_water_level_sum|fema_ihp_crosswalk_used_flag,,,,,Source capture retained outside this repository; see data/README.md for included derivatives.
hydro_nfip,Retained source-project material; workstation location omitted from distribution.,data/raw/reused/hydro_nfip.csv.gz,2026-09-10T19:22:35.628605+00:00,713500,aabf61fa4e70e72ea58f863d0bb1191ae6d89fe055932edfcd494970438f28a2,local_reuse,,,,,captured,,Harris County FIPS 48201; harmonized 2020 census tracts,1c669b057548e22b95e6b7edb207dbee9c04c6e494e099aaf394b818978973ca,2026-08-21T02:05:47.960000038+00:00,16725,geoid_2020|year|nfip_policy_count_active|crs_known_policy_count|crs_participating_policy_count|state_fips|county_fips|tract_code|provenance_nfip_crosswalk_applied|provenance_nfip_crosswalked_policy_share|provenance_nfip_crosswalk_weight_source|crs_known_policy_share|crs_policy_participation_share|crs_policy_mean_class|crs_policy_modal_class|crs_policy_modal_share|crs_policy_inconsistency_flag|crs_structure_participation_share|crs_residential_structure_participation_share|crs_footprint_area_participation_share|crs_known_structure_share|crs_known_residential_structure_share|crs_known_footprint_area_share|crs_inconsistent_structure_share|crs_inconsistent_residential_structure_share|crs_inconsistent_footprint_area_share|crs_any_inconsistent_community|crs_has_community_weight_data|crs_no_community_match_flag|provenance_nfip_no_policy_record_zero_filled,,,,,Source capture retained outside this repository; see data/README.md for included derivatives.
hydro_physical,Retained source-project material; workstation location omitted from distribution.,data/raw/reused/hydro_physical.csv.gz,2026-09-10T19:22:36.069377+00:00,174316,ec72390a735b0529106966f4ea4136befa4d5317c7744343fd4b3f5108d3a135,local_reuse,,,,,captured,,Harris County FIPS 48201; harmonized 2020 census tracts,ff022674e6411503d7a2e01b8aba588815915078bf4f6dd0da9c7970af13f523,2026-04-22T06:51:58.660000086+00:00,1115,geoid_2020|state_fips|county_fips|tract_code|nfhl_mapped_area_m2|nfhl_sfha_area_m2|nfhl_500yr_area_m2|nfhl_floodway_area_m2|nfhl_zone_a_area_m2|nfhl_zone_ae_area_m2|nfhl_zone_ve_area_m2|nfhl_mapped_share_total|nfhl_sfha_share_total|nfhl_sfha_share_land|nfhl_500yr_share_total|nfhl_floodway_share_total|nfhl_zone_a_share_total|nfhl_zone_ae_share_total|nfhl_zone_ve_share_total|nfhl_no_hazard_match_flag|soil_mapped_area_m2|soil_hsg_a_share|soil_hsg_b_share|soil_hsg_c_share|soil_hsg_d_share|soil_hsg_dual_share|soil_hsg_missing_share|soil_poorly_drained_share|soil_floodfreq_frequent_share|soil_ponding_present_share|soil_shallow_water_table_share|soil_wtdepannmin_area_mean_cm|soil_aws0150wta_area_mean|soil_slopegradwta_area_mean_pct|soil_rootznaws_area_mean|soil_droughty_area_mean|soil_mapped_share_land|soil_no_match_flag|state_name,,,,,Source capture retained outside this repository; see data/README.md for included derivatives.
hydro_static,Retained source-project material; workstation location omitted from distribution.,data/raw/reused/hydro_static.csv.gz,2026-09-10T19:22:36.126936+00:00,165360,941b2e017cecd40892fa6dc4883435c1596c5a9fc876bf3a3eb204771b2f9378,local_reuse,,,,,captured,,Harris County FIPS 48201; harmonized 2020 census tracts,0b11df33d93d1c613a656eae51724d1c36ee5adb571c08c486ea73e03f1e9b72,2026-04-21T23:32:18.900000095+00:00,1115,geoid_2020|state_fips|county_fips|tract_code|tract_name|tract_aland_m2|tract_awater_m2|tract_land_km2|tract_total_km2|nlcd_developed_area_m2|nlcd_developed_share|msft_building_count|msft_footprint_area_sum|msft_mean_footprint_area|msft_median_footprint_area|msft_footprint_coverage_pct|msft_building_density_per_km2_land|msft_building_density_per_km2_developed|nsi_structure_count|nsi_residential_structure_count|nsi_single_family_count|nsi_multifamily_count|nsi_sqft_sum|nsi_mean_sqft|nsi_mean_story|nsi_struct_value_sum|nsi_mean_year_built|nsi_residential_share|state_name,,,,,Source capture retained outside this repository; see data/README.md for included derivatives.
local_acs2024_b01001,Retained source-project material; workstation location omitted from distribution.,data/raw/reused/local_acs2024_b01001.csv.gz,2026-09-10T19:29:28.369094+00:00,139680,a968855f0d8eb367056fe61f6cefb8712c08a5d21703e3992c7182ca6f9107d4,local_reuse,,,,,captured,,Published 2024 ACS five-year estimates and 90% MOEs; Harris county total plus 1115 tracts,1637b18a96881b81e050df1cd3d5ac38a33208b9b69b40e1dbeb3c4e13718f0e,2026-04-20T03:19:22.589999914+00:00,1116,GEO_ID|B01001_E001|B01001_M001|B01001_E002|B01001_M002|B01001_E003|B01001_M003|B01001_E004|B01001_M004|B01001_E005|B01001_M005|B01001_E006|B01001_M006|B01001_E007|B01001_M007|B01001_E008|B01001_M008|B01001_E009|B01001_M009|B01001_E010|B01001_M010|B01001_E011|B01001_M011|B01001_E012|B01001_M012|B01001_E013|B01001_M013|B01001_E014|B01001_M014|B01001_E015|B01001_M015|B01001_E016|B01001_M016|B01001_E017|B01001_M017|B01001_E018|B01001_M018|B01001_E019|B01001_M019|B01001_E020|B01001_M020|B01001_E021|B01001_M021|B01001_E022|B01001_M022|B01001_E023|B01001_M023|B01001_E024|B01001_M024|B01001_E025|B01001_M025|B01001_E026|B01001_M026|B01001_E027|B01001_M027|B01001_E028|B01001_M028|B01001_E029|B01001_M029|B01001_E030|B01001_M030|B01001_E031|B01001_M031|B01001_E032|B01001_M032|B01001_E033|B01001_M033|B01001_E034|B01001_M034|B01001_E035|B01001_M035|B01001_E036|B01001_M036|B01001_E037|B01001_M037|B01001_E038|B01001_M038|B01001_E039|B01001_M039|B01001_E040|B01001_M040|B01001_E041|B01001_M041|B01001_E042|B01001_M042|B01001_E043|B01001_M043|B01001_E044|B01001_M044|B01001_E045|B01001_M045|B01001_E046|B01001_M046|B01001_E047|B01001_M047|B01001_E048|B01001_M048|B01001_E049|B01001_M049,,,,,Source capture retained outside this repository; see data/README.md for included derivatives.
local_acs2024_b03002,Retained source-project material; workstation location omitted from distribution.,data/raw/reused/local_acs2024_b03002.csv.gz,2026-09-10T19:29:32.248183+00:00,62873,2c995f384ec92d253e81196fbd2de8806d6ebef4994ced22a7d069c1a7ed28cb,local_reuse,,,,,captured,,Published 2024 ACS five-year estimates and 90% MOEs; Harris county total plus 1115 tracts,ef1a9310905393bf477820de8edb2935c1e9bdb356be65b5ee5fb6fceda911c1,2026-04-20T03:19:26.690000057+00:00,1116,GEO_ID|B03002_E001|B03002_M001|B03002_E002|B03002_M002|B03002_E003|B03002_M003|B03002_E004|B03002_M004|B03002_E005|B03002_M005|B03002_E006|B03002_M006|B03002_E007|B03002_M007|B03002_E008|B03002_M008|B03002_E009|B03002_M009|B03002_E010|B03002_M010|B03002_E011|B03002_M011|B03002_E012|B03002_M012|B03002_E013|B03002_M013|B03002_E014|B03002_M014|B03002_E015|B03002_M015|B03002_E016|B03002_M016|B03002_E017|B03002_M017|B03002_E018|B03002_M018|B03002_E019|B03002_M019|B03002_E020|B03002_M020|B03002_E021|B03002_M021,,,,,Source capture retained outside this repository; see data/README.md for included derivatives.
local_acs2024_b17001,Retained source-project material; workstation location omitted from distribution.,data/raw/reused/local_acs2024_b17001.csv.gz,2026-09-10T19:29:31.059972+00:00,152827,0cd681053699da4860d60cd1ffc7d7f421a3b1eb5d712b87242b45f0de3da141,local_reuse,,,,,captured,,Published 2024 ACS five-year estimates and 90% MOEs; Harris county total plus 1115 tracts,707adda8aaff136382f4fe0858617d09062da48b1a3d2ab2e9a1047def09b531,2026-04-20T03:19:58.200000048+00:00,1116,GEO_ID|B17001_E001|B17001_M001|B17001_E002|B17001_M002|B17001_E003|B17001_M003|B17001_E004|B17001_M004|B17001_E005|B17001_M005|B17001_E006|B17001_M006|B17001_E007|B17001_M007|B17001_E008|B17001_M008|B17001_E009|B17001_M009|B17001_E010|B17001_M010|B17001_E011|B17001_M011|B17001_E012|B17001_M012|B17001_E013|B17001_M013|B17001_E014|B17001_M014|B17001_E015|B17001_M015|B17001_E016|B17001_M016|B17001_E017|B17001_M017|B17001_E018|B17001_M018|B17001_E019|B17001_M019|B17001_E020|B17001_M020|B17001_E021|B17001_M021|B17001_E022|B17001_M022|B17001_E023|B17001_M023|B17001_E024|B17001_M024|B17001_E025|B17001_M025|B17001_E026|B17001_M026|B17001_E027|B17001_M027|B17001_E028|B17001_M028|B17001_E029|B17001_M029|B17001_E030|B17001_M030|B17001_E031|B17001_M031|B17001_E032|B17001_M032|B17001_E033|B17001_M033|B17001_E034|B17001_M034|B17001_E035|B17001_M035|B17001_E036|B17001_M036|B17001_E037|B17001_M037|B17001_E038|B17001_M038|B17001_E039|B17001_M039|B17001_E040|B17001_M040|B17001_E041|B17001_M041|B17001_E042|B17001_M042|B17001_E043|B17001_M043|B17001_E044|B17001_M044|B17001_E045|B17001_M045|B17001_E046|B17001_M046|B17001_E047|B17001_M047|B17001_E048|B17001_M048|B17001_E049|B17001_M049|B17001_E050|B17001_M050|B17001_E051|B17001_M051|B17001_E052|B17001_M052|B17001_E053|B17001_M053|B17001_E054|B17001_M054|B17001_E055|B17001_M055|B17001_E056|B17001_M056|B17001_E057|B17001_M057|B17001_E058|B17001_M058|B17001_E059|B17001_M059,,,,,Source capture retained outside this repository; see data/README.md for included derivatives.
local_acs2024_b18101,Retained source-project material; workstation location omitted from distribution.,data/raw/reused/local_acs2024_b18101.csv.gz,2026-09-10T19:29:33.596928+00:00,120292,83155f1716db4b6214f9396b806d118eeaae9f8e48f44c01225c4bfd4c4ba7f7,local_reuse,,,,,captured,,Published 2024 ACS five-year estimates and 90% MOEs; Harris county total plus 1115 tracts,efd8f4945ac4c4986b9a7b9478b7b831e83cc1430e0ead22b2d1f47eae8d4ec4,2026-04-20T03:20:04.950000048+00:00,1116,GEO_ID|B18101_E001|B18101_M001|B18101_E002|B18101_M002|B18101_E003|B18101_M003|B18101_E004|B18101_M004|B18101_E005|B18101_M005|B18101_E006|B18101_M006|B18101_E007|B18101_M007|B18101_E008|B18101_M008|B18101_E009|B18101_M009|B18101_E010|B18101_M010|B18101_E011|B18101_M011|B18101_E012|B18101_M012|B18101_E013|B18101_M013|B18101_E014|B18101_M014|B18101_E015|B18101_M015|B18101_E016|B18101_M016|B18101_E017|B18101_M017|B18101_E018|B18101_M018|B18101_E019|B18101_M019|B18101_E020|B18101_M020|B18101_E021|B18101_M021|B18101_E022|B18101_M022|B18101_E023|B18101_M023|B18101_E024|B18101_M024|B18101_E025|B18101_M025|B18101_E026|B18101_M026|B18101_E027|B18101_M027|B18101_E028|B18101_M028|B18101_E029|B18101_M029|B18101_E030|B18101_M030|B18101_E031|B18101_M031|B18101_E032|B18101_M032|B18101_E033|B18101_M033|B18101_E034|B18101_M034|B18101_E035|B18101_M035|B18101_E036|B18101_M036|B18101_E037|B18101_M037|B18101_E038|B18101_M038|B18101_E039|B18101_M039,,,,,Source capture retained outside this repository; see data/README.md for included derivatives.
local_acs2024_b25001,Retained source-project material; workstation location omitted from distribution.,data/raw/reused/local_acs2024_b25001.csv.gz,2026-09-10T19:29:28.604200+00:00,7999,39cb6176dd874c6aa57b087919aa66fed3cf27ef5ea68b80f4aadfee1420c9f0,local_reuse,,,,,captured,,Published 2024 ACS five-year estimates and 90% MOEs; Harris county total plus 1115 tracts,c0833c328f5db6510541e112e6d6b7688cbadd186c2cf24ddb3c41114ec950ef,2026-04-20T03:20:12.210000038+00:00,1116,GEO_ID|B25001_E001|B25001_M001,,,,,Source capture retained outside this repository; see data/README.md for included derivatives.
local_acs2024_b25002,Retained source-project material; workstation location omitted from distribution.,data/raw/reused/local_acs2024_b25002.csv.gz,2026-09-10T19:29:28.889117+00:00,15820,a0d2d326ef7c703a3cf61c0c1aaf8d738d316fec733a0bc96d88d3c7fb432f20,local_reuse,,,,,captured,,Published 2024 ACS five-year estimates and 90% MOEs; Harris county total plus 1115 tracts,eb98debfe8e8533e9a8e647a8c5dca5dbe11401c4de4e4449b4a2ba7dc75620f,2026-04-20T03:20:14.799999952+00:00,1116,GEO_ID|B25002_E001|B25002_M001|B25002_E002|B25002_M002|B25002_E003|B25002_M003,,,,,Source capture retained outside this repository; see data/README.md for included derivatives.
local_acs2024_b25003,Retained source-project material; workstation location omitted from distribution.,data/raw/reused/local_acs2024_b25003.csv.gz,2026-09-10T19:29:29.242040+00:00,16257,34194f00ccbfdeda167e9190cdb35a79df190b92ef5ee2f105b0635808e6a348,local_reuse,,,,,captured,,Published 2024 ACS five-year estimates and 90% MOEs; Harris county total plus 1115 tracts,68e963e1ed60fcf6b0658579cefc6498b7a9eb780b9f3e87fd1b9775c4d4ac6c,2026-04-20T03:20:16.309999943+00:00,1116,GEO_ID|B25003_E001|B25003_M001|B25003_E002|B25003_M002|B25003_E003|B25003_M003,,,,,Source capture retained outside this repository; see data/README.md for included derivatives.
nfhl_harris_20260303,Retained source-project material; workstation location omitted from distribution.,data/raw/reused/nfhl_20260303_harris_bbox.geojson,2026-09-10T19:35:00.161786+00:00,449086087,eaa215a32c9e355b72dbc3a73fa85f31d462147267ae9347b13e6e3b9e74fc36,local_reuse,,,,,captured,,"S_Fld_Haz_Ar selected by Harris bounding box; NFHL March 2026 snapshot, NOT historical 2024 map",,,18726,,,,S_Fld_Haz_Ar,File geodatabase directory; subset bytes hashed,Source capture retained outside this repository; see data/README.md for included derivatives.
noaa_storm_2010,https://www.ncei.noaa.gov/pub/data/swdi/stormevents/csvfiles/StormEvents_details-ftp_v1.0_d2010_c20260323.csv.gz,data/raw/public/StormEvents_details-ftp_v1.0_d2010_c20260323.csv.gz,2026-09-10T19:26:19.704039+00:00,11729156,d109f8a6ab1a71e70f60fe42d30a0e31f370c904e248a51e5fe85573f904878e,public_download,200,https://www.ncei.noaa.gov/pub/data/swdi/stormevents/csvfiles/StormEvents_details-ftp_v1.0_d2010_c20260323.csv.gz,application/gzip,"Mon, 23 Mar 2026 17:10:47 GMT",captured,,,,,,,,,,,Source capture retained outside this repository; see data/README.md for included derivatives.
noaa_storm_2011,https://www.ncei.noaa.gov/pub/data/swdi/stormevents/csvfiles/StormEvents_details-ftp_v1.0_d2011_c20260323.csv.gz,data/raw/public/StormEvents_details-ftp_v1.0_d2011_c20260323.csv.gz,2026-09-10T19:26:20.888180+00:00,15695066,be3b40cd098a879be12c2c3e614700560bd537e6178bba8b1aaf099f665dda40,public_download,200,https://www.ncei.noaa.gov/pub/data/swdi/stormevents/csvfiles/StormEvents_details-ftp_v1.0_d2011_c20260323.csv.gz,application/gzip,"Mon, 23 Mar 2026 17:10:47 GMT",captured,,,,,,,,,,,Source capture retained outside this repository; see data/README.md for included derivatives.
noaa_storm_2012,https://www.ncei.noaa.gov/pub/data/swdi/stormevents/csvfiles/StormEvents_details-ftp_v1.0_d2012_c20260323.csv.gz,data/raw/public/StormEvents_details-ftp_v1.0_d2012_c20260323.csv.gz,2026-09-10T19:26:21.905414+00:00,11820671,673db47f6dc9e97e06ffec3b628f5341c128f594d9b247bd07bad2e8397ebac3,public_download,200,https://www.ncei.noaa.gov/pub/data/swdi/stormevents/csvfiles/StormEvents_details-ftp_v1.0_d2012_c20260323.csv.gz,application/gzip,"Mon, 23 Mar 2026 17:10:47 GMT",captured,,,,,,,,,,,Source capture retained outside this repository; see data/README.md for included derivatives.
noaa_storm_2013,https://www.ncei.noaa.gov/pub/data/swdi/stormevents/csvfiles/StormEvents_details-ftp_v1.0_d2013_c20260323.csv.gz,data/raw/public/StormEvents_details-ftp_v1.0_d2013_c20260323.csv.gz,2026-09-10T19:26:22.912531+00:00,11725909,4fa4036ed1c7ea9a779d5a5841d18de08596c423920189a9e6173488d1a98260,public_download,200,https://www.ncei.noaa.gov/pub/data/swdi/stormevents/csvfiles/StormEvents_details-ftp_v1.0_d2013_c20260323.csv.gz,application/gzip,"Mon, 23 Mar 2026 17:10:48 GMT",captured,,,,,,,,,,,Source capture retained outside this repository; see data/README.md for included derivatives.
noaa_storm_2014,https://www.ncei.noaa.gov/pub/data/swdi/stormevents/csvfiles/StormEvents_details-ftp_v1.0_d2014_c20260323.csv.gz,data/raw/public/StormEvents_details-ftp_v1.0_d2014_c20260323.csv.gz,2026-09-10T19:26:23.923321+00:00,11084754,410b457b1b9628cfd63292848a626482a88714c8bd8c45d56a0469f9de05d078,public_download,200,https://www.ncei.noaa.gov/pub/data/swdi/stormevents/csvfiles/StormEvents_details-ftp_v1.0_d2014_c20260323.csv.gz,application/gzip,"Mon, 23 Mar 2026 17:10:48 GMT",captured,,,,,,,,,,,Source capture retained outside this repository; see data/README.md for included derivatives.
noaa_storm_2015,https://www.ncei.noaa.gov/pub/data/swdi/stormevents/csvfiles/StormEvents_details-ftp_v1.0_d2015_c20260323.csv.gz,data/raw/public/StormEvents_details-ftp_v1.0_d2015_c20260323.csv.gz,2026-09-10T19:26:24.892969+00:00,10041550,c4a5a24b8c69ad2b6b867790ce298f5b642a60516c9fce5550a8d2f67cd7bf2e,public_download,200,https://www.ncei.noaa.gov/pub/data/swdi/stormevents/csvfiles/StormEvents_details-ftp_v1.0_d2015_c20260323.csv.gz,application/gzip,"Mon, 23 Mar 2026 17:10:48 GMT",captured,,,,,,,,,,,Source capture retained outside this repository; see data/README.md for included derivatives.
noaa_storm_2016,https://www.ncei.noaa.gov/pub/data/swdi/stormevents/csvfiles/StormEvents_details-ftp_v1.0_d2016_c20260323.csv.gz,data/raw/public/StormEvents_details-ftp_v1.0_d2016_c20260323.csv.gz,2026-09-10T19:26:25.823957+00:00,9065715,d8e1389897df3557e74ba36820357f6962a7c0ca922595400fe74d883f7a5036,public_download,200,https://www.ncei.noaa.gov/pub/data/swdi/stormevents/csvfiles/StormEvents_details-ftp_v1.0_d2016_c20260323.csv.gz,application/gzip,"Mon, 23 Mar 2026 17:10:48 GMT",captured,,,,,,,,,,,Source capture retained outside this repository; see data/README.md for included derivatives.
noaa_storm_2017,https://www.ncei.noaa.gov/pub/data/swdi/stormevents/csvfiles/StormEvents_details-ftp_v1.0_d2017_c20260519.csv.gz,data/raw/public/StormEvents_details-ftp_v1.0_d2017_c20260519.csv.gz,2026-09-10T19:26:26.760444+00:00,9340854,bd3ca72b71544222cba8aa2b29eb3f0efe050d3330a0c408e208befb66881750,public_download,200,https://www.ncei.noaa.gov/pub/data/swdi/stormevents/csvfiles/StormEvents_details-ftp_v1.0_d2017_c20260519.csv.gz,application/gzip,"Tue, 19 May 2026 15:22:25 GMT",captured,,,,,,,,,,,Source capture retained outside this repository; see data/README.md for included derivatives.
noaa_storm_2018,https://www.ncei.noaa.gov/pub/data/swdi/stormevents/csvfiles/StormEvents_details-ftp_v1.0_d2018_c20260323.csv.gz,data/raw/public/StormEvents_details-ftp_v1.0_d2018_c20260323.csv.gz,2026-09-10T19:26:27.726163+00:00,9585982,19702480f50cd2a8dacce5e57891feba156afb87b1ea5cbb4eaeda69d2b964a4,public_download,200,https://www.ncei.noaa.gov/pub/data/swdi/stormevents/csvfiles/StormEvents_details-ftp_v1.0_d2018_c20260323.csv.gz,application/gzip,"Mon, 23 Mar 2026 17:10:48 GMT",captured,,,,,,,,,,,Source capture retained outside this repository; see data/README.md for included derivatives.
noaa_storm_2019,https://www.ncei.noaa.gov/pub/data/swdi/stormevents/csvfiles/StormEvents_details-ftp_v1.0_d2019_c20260323.csv.gz,data/raw/public/StormEvents_details-ftp_v1.0_d2019_c20260323.csv.gz,2026-09-10T19:26:28.896389+00:00,11602648,f5043ecc776818b0feffdf1e0fcbaf63329db0635eab1057c7b8ba00ef332e3b,public_download,200,https://www.ncei.noaa.gov/pub/data/swdi/stormevents/csvfiles/StormEvents_details-ftp_v1.0_d2019_c20260323.csv.gz,application/gzip,"Mon, 23 Mar 2026 17:10:48 GMT",captured,,,,,,,,,,,Source capture retained outside this repository; see data/README.md for included derivatives.
noaa_storm_2020,https://www.ncei.noaa.gov/pub/data/swdi/stormevents/csvfiles/StormEvents_details-ftp_v1.0_d2020_c20260323.csv.gz,data/raw/public/StormEvents_details-ftp_v1.0_d2020_c20260323.csv.gz,2026-09-10T19:26:30.323280+00:00,10444606,895c56fd46991c4d9a135d67558dc4b447a02a2314efac0ace645135b98f9c9d,public_download,200,https://www.ncei.noaa.gov/pub/data/swdi/stormevents/csvfiles/StormEvents_details-ftp_v1.0_d2020_c20260323.csv.gz,application/gzip,"Mon, 23 Mar 2026 17:24:55 GMT",captured,,,,,,,,,,,Source capture retained outside this repository; see data/README.md for included derivatives.
noaa_storm_2021,https://www.ncei.noaa.gov/pub/data/swdi/stormevents/csvfiles/StormEvents_details-ftp_v1.0_d2021_c20260323.csv.gz,data/raw/public/StormEvents_details-ftp_v1.0_d2021_c20260323.csv.gz,2026-09-10T19:26:31.332024+00:00,10563953,60c1daf96dbe8eafd48c80df5b70df51a0125ab95d467ee7009a646761d57715,public_download,200,https://www.ncei.noaa.gov/pub/data/swdi/stormevents/csvfiles/StormEvents_details-ftp_v1.0_d2021_c20260323.csv.gz,application/gzip,"Mon, 23 Mar 2026 17:10:48 GMT",captured,,,,,,,,,,,Source capture retained outside this repository; see data/README.md for included derivatives.
noaa_storm_2022,https://www.ncei.noaa.gov/pub/data/swdi/stormevents/csvfiles/StormEvents_details-ftp_v1.0_d2022_c20260625.csv.gz,data/raw/public/StormEvents_details-ftp_v1.0_d2022_c20260625.csv.gz,2026-09-10T19:26:32.414586+00:00,11817849,7d6b79d0049a6edec96b061738289daddba90be26fc9afe7b0a6fd617f21452e,public_download,200,https://www.ncei.noaa.gov/pub/data/swdi/stormevents/csvfiles/StormEvents_details-ftp_v1.0_d2022_c20260625.csv.gz,application/gzip,"Thu, 25 Jun 2026 18:39:38 GMT",captured,,,,,,,,,,,Source capture retained outside this repository; see data/README.md for included derivatives.
noaa_storm_2023,https://www.ncei.noaa.gov/pub/data/swdi/stormevents/csvfiles/StormEvents_details-ftp_v1.0_d2023_c20260323.csv.gz,data/raw/public/StormEvents_details-ftp_v1.0_d2023_c20260323.csv.gz,2026-09-10T19:26:34.125068+00:00,12888092,713784bed40d9e5a95b1d6240a654f865f3ef97703713105c7b35437270da134,public_download,200,https://www.ncei.noaa.gov/pub/data/swdi/stormevents/csvfiles/StormEvents_details-ftp_v1.0_d2023_c20260323.csv.gz,application/gzip,"Mon, 23 Mar 2026 17:10:49 GMT",captured,,,,,,,,,,,Source capture retained outside this repository; see data/README.md for included derivatives.
noaa_storm_2024,https://www.ncei.noaa.gov/pub/data/swdi/stormevents/csvfiles/StormEvents_details-ftp_v1.0_d2024_c20260728.csv.gz,data/raw/public/StormEvents_details-ftp_v1.0_d2024_c20260728.csv.gz,2026-09-10T19:26:35.213977+00:00,12693243,2070b83eccab041b36360ab73645b9a249c3eefc5b92b5b3fc0cbba4d9fcc09c,public_download,200,https://www.ncei.noaa.gov/pub/data/swdi/stormevents/csvfiles/StormEvents_details-ftp_v1.0_d2024_c20260728.csv.gz,application/gzip,"Tue, 28 Jul 2026 01:11:19 GMT",captured,,,,,,,,,,,Source capture retained outside this repository; see data/README.md for included derivatives.
noaa_storm_catalog,https://www.ncei.noaa.gov/pub/data/swdi/stormevents/csvfiles/,data/raw/public/noaa_storm_catalog.html,2026-09-10T19:23:49.451619+00:00,53138,70319dcccbd3fdfd199bf899154e05a6fd47b2b1dee7f44847211f4411d0eda6,public_download,200,https://www.ncei.noaa.gov/pub/data/swdi/stormevents/csvfiles/,text/html; charset=UTF-8,,captured,,,,,,,,,,,Source capture retained outside this repository; see data/README.md for included derivatives.
nsi_sfha,Retained source-project material; workstation location omitted from distribution.,data/raw/reused/nsi_sfha.csv.gz,2026-09-10T19:22:36.190700+00:00,40526,cc5c55bc3b03b100a6bf40fd7a14a092a1f5f6065c6bd39f88328a90f0b899de,local_reuse,,,,,captured,,2022 NSI structures intersected with cached NFHL; 2020 tract crosswalk. Not a 2024 parcel inventory.,ae75fda8c2d0cc6830be7fa9a134b3c88c6cf3e672fd2bb30959b8898e52c7b0,2026-08-26T20:53:29.549999952+00:00,1115,geoid_2020|nsi_all_structures|nsi_all_sfha_structures|nsi_res_structures|nsi_res_sfha_structures|nsi_sfha_share_all_structures|nsi_sfha_share_res_structures,,,,,Source capture retained outside this repository; see data/README.md for included derivatives.
project1b_attribution,Retained source-project material; workstation location omitted from distribution.,data/raw/reused/Project1B_README.md,2026-09-10T19:22:41.998659+00:00,4436,60f74c243dfedc9139246a4eeb169396b4a421018f01ac3e0c816f8b62f37241,local_reuse,,,,,captured,,Upstream provenance and known limits,,,,,,,,,Source capture retained outside this repository; see data/README.md for included derivatives.
tiger_tracts_2020,Retained source-project material; workstation location omitted from distribution.,data/raw/reused/harris_tracts_2020.geojson,2026-09-10T19:34:07.273109+00:00,4603450,915b0842469ce5ff295363f0a15e3f205baf20d2611f2a60e159b947ead29ae2,local_reuse,,,,,captured,,"Official 2020 TIGER tract polygons, Harris County subset; EPSG:4269",344ff6fc7d9618c15948f21742f94a811827312b4fda146dda0bd012166a23ef,,1115,,,,,,Source capture retained outside this repository; see data/README.md for included derivatives.
tract_display_geometry,Retained source-project material; workstation location omitted from distribution.,data/raw/reused/tracts_display.geojson,2026-09-10T19:22:41.958395+00:00,1921249,82dea1662ddbb011aa6abb8c7078b86320c31258f8d75e1185c83fa5a101572d,local_reuse,,,,,captured,,1115 2020 tracts; display geometry only,,,,,,,,,Source capture retained outside this repository; see data/README.md for included derivatives.
